Tartib_raqami,Soliq_turi,Imtiyoz_nomi,Hujjat_turi,Hujjat_sanasi,Hujjat_raqami,Amal_qilish_muddati
1,Қўшилган қиймат солиғи,(СК 238-м.) 1-қисм.  Қуйидагилар солиқ солиш объектидир: 1) реализация қилиш жойи Ўзбекистон Республикаси бўлган товарларни (хизматларни) реализация қилиш бўйича айланма;,Солиқ кодекси,2019-12-30 00:00:00,СК-238,2029-12-31 00:00:00
2,Қўшилган қиймат солиғи,"""(СК 239-м.) 3-қисм 1-банд  Товарларни бепул бериш ёки бепул хизматлар кўрсатиш қуйидаги шартлардан ҳеч бўлмаганда бирига риоя этилганда иқтисодий жиҳатдан ўзини оқлайди деб эътироф этилади:1) даромад олишга қаратилган фаолиятни амалга ошириш мақсадида ишлаб чиқарилган бўлса;""",Солиқ кодекси,2020-01-01 00:00:00,СК-239,2029-12-31 00:00:00
3,Қўшилган қиймат солиғи,"""(СК 239-м.) 3-қисм 2-банд Товарларни бепул бериш ёки бепул хизматлар кўрсатиш қуйидаги шартлардан ҳеч бўлмаганда бирига риоя этилганда иқтисодий жиҳатдан ўзини оқлайди деб эътироф этилади:2) шундай тадбиркорлик фаолиятини сақлаш ёки ривожлантириш учун зарур бўлса ва харажатларнинг тадбиркорлик фаолияти билан боғлиқлиги асослантирилган бўлса;""",Солиқ кодекси,2020-01-01 00:00:00,СК-239,2029-12-31 00:00:00
4,Қўшилган қиймат солиғи,(СК 239-м.) 3-қисм 3-банд Товарларни бепул бериш ёки бепул хизматлар кўрсатиш қуйидаги шартлардан ҳеч бўлмаганда бирига риоя этилганда иқтисодий жиҳатдан ўзини оқлайди деб эътироф этилади: 3) қонунчиликнинг қоидаларидан келиб чиқса.,Солиқ кодекси,2020-01-01 00:00:00,СК-239,2029-12-31 00:00:00
5,Қўшилган қиймат солиғи,"(СК 241-м.) 2-қисм. 8 банд ижарага бериш пайтида Ўзбекистон Республикаси ҳудудида бўлган транспорт воситаларини қисқа муддатли ижарага бериш билан боғлиқ хизматлар. Агар хизматлар транспорт воситаларини узоқ муддатли ижарага бериш билан боғлиқ бўлса, транспорт воситаларининг жойлашган еридан қатъи назар, хизматларни сотиб олувчининг фаолиятини амалга оширадиган жойи (жойлашган ери) бундай хизматларнинг реализация қилиш жойи деб эътироф этилади. Бунда ҳаво ва денгиз кемаларига, вертолётларга ва темир йўл транспортининг ҳаракатдаги таркибига нисбатан шартнома, агарда у 90 кунгача бўлган муддатга тузилган бўлса, қисқа муддатли деб ҳисобланади. Бошқа транспорт воситаларига нисбатан бундай шартномалар 30 кунгача бўлган муддатга тузилган бўлса, қисқа муддатли деб ҳисобланади;",Солиқ кодекси,2020-01-01 00:00:00,СК-241,2029-12-31 00:00:00
6,Қўшилган қиймат солиғи,"(СК 241-м.) 3-қисм. 1 банд. Қуйидаги ҳолларда ҳам Ўзбекистон Республикаси ҳудуди хизматларни реализация қилиш жойи деб эътироф этилади, агар: 1) хизматлар Ўзбекистон Республикаси ҳудудида турган кўчмас мол-мулк билан бевосита боғлиқ бўлса. Бундай хизматлар жумласига, хусусан, архитектура лойиҳасини ишлаб чиқиш, қурилиш фаолиятини тайёрлаш ва мувофиқлаштириш, архитектура ва қурилиш фаолияти устидан муаллифлик ва (ёки) техник назорат билан боғлиқ бўлган қурилиш, монтаж қилиш, қурилиш-монтаж хизматлари, кўчмас мол-мулкка доир ишга тушириш-созлаш, таъмирлаш, реставрация қилиш ишлари, кўкаламзорлаштириш ишлари, шунингдек кўчмас мол-мулкни ижарага бериш киради;",Солиқ кодекси,2019-12-30 00:00:00,СК-241,2029-12-31 00:00:00
7,Қўшилган қиймат солиғи,"(СК 241-м.) 3-қисм. 3 банд. умумий овқатланиш, кўнгилочар, дам олиш ва бошқа шунга ўхшаш хизматлар, туризм, меҳмонхона хизматлари ва жойлаштируви, маданият, санъат, жисмоний тарбия ва спорт, ўқитиш (таълим) соҳасидаги, шу жумладан малака имтиҳонлари ўтказиш, семинарлар, малака ошириш курсларини, пуллик кўргазмаларни, конференцияларни, симпозиумларни ва бошқа шунга ўхшаш тадбирларни ташкил этишга доир хизматлар ҳақиқатда Ўзбекистон Республикаси ҳудудида кўрсатилса. Ушбу банднинг қоидалари электрон шаклда кўрсатиладиган ўқитиш (таълим) соҳасидаги хизматларга нисбатан татбиқ этилмайди. ",Солиқ кодекси,2020-01-01 00:00:00,СК-241,2029-12-31 00:00:00
8,Қўшилган қиймат солиғи,"(СК 241-м.) 4-қисм. 1 банд.   Ўзбекистон Республикаси, агарда ушбу модданинг учинчи қисмида назарда тутилган хизматларни реализация қилиш жойи унда белгиланган мезонларга мувофиқ бўлмаса, ушбу хизматларни реализация қилиш жойи деб эътироф этилмайди. Имтиёз эмас реализация қилиш жойи.",Солиқ кодекси,2019-12-30 00:00:00,СК-241,2025-12-31 00:00:00
9,Қўшилган қиймат солиғи,(СК 243-м.) 26-банд. меценатлик кўмаги тарзида бериладиган (кўрсатиладиган) товарларни (хизматларни).,Солиқ кодекси,2019-12-30 00:00:00,СК-243,2029-12-31 00:00:00
10,Қўшилган қиймат солиғи,"(СК 243-м.) 3-банд. дафн этиш бюролари ва қабристонларнинг маросим хизматларини, диний ашёларни, диний ташкилотлар ҳамда бирлашмалар томонидан удумларни ва маросимларни ўтказишга доир хизматларни.",Солиқ кодекси,2019-12-30 00:00:00,СК-243,2029-12-31 00:00:00
11,Қўшилган қиймат солиғи,"(СК 243-м.) 23-банд. халқаро молиявий институтларнинг қарзлари ва ҳукумат ташкилотларининг халқаро қарзлари ҳисобидан олинадиган товарларни (хизматларни), агар уларни солиқдан озод этиш қонунда назарда тутилган бўлса;",Солиқ кодекси,2019-12-30 00:00:00,СК-243,2029-12-31 00:00:00
12,Қўшилган қиймат солиғи,(СК 243-м.) 1-банд. мактабгача таълим муассасаларида (ташкилотларида) болаларга қараш бўйича хизматларни.,Солиқ кодекси,2019-12-30 00:00:00,СК-243,2029-12-31 00:00:00
13,Қўшилган қиймат солиғи,"(СК 243-м.) 10-банд.2.хатбоши. ўқитиш (таълим) соҳасидаги хизматларни, шу жумладан тест синовлари ва имтиҳонлар ўтказишни ташкил этиш хизматларини, хусусан бошланғич, ўрта, ўрта махсус, техник ва касб-ҳунар, олий таълим ва олий ўқув юртидан кейинги таълим соҳасидаги таълим хизматларини.",Солиқ кодекси,2019-12-30 00:00:00,СК-243,2029-12-31 00:00:00
14,Қўшилган қиймат солиғи,"(СК 243-м.) 10-банд.3.хатбоши. ўқитиш (таълим) соҳасидаги хизматларни, шу жумладан тест синовлари ва имтиҳонлар ўтказишни ташкил этиш хизматларини, хусусан таълим муассасалари (ташкилотлари), шунингдек кадрларни қайта тайёрлаш ва уларнинг малакасини оширишни амалга оширадиган ташкилотлар томонидан кўрсатиладиган қўшимча таълим бериш бўйича хизматларни.",Солиқ кодекси,2019-12-30 00:00:00,СК-243,2029-12-31 00:00:00
15,Қўшилган қиймат солиғи,"(СК 243-м.) 10-банд.4.хатбоши. ўқитиш (таълим) соҳасидаги хизматларни, шу жумладан тест синовлари ва имтиҳонлар ўтказишни ташкил этиш хизматларини, хусусан мактабгача таълим ва тарбия дастурлари доирасида таълим ва тарбиялаш фаолиятини амалга оширувчи ташкилотларда болаларга қараш ва уларни парваришлаш бўйича хизматларни, тўгаракларда, секцияларда (шу жумладан спорт секцияларида) ва студияларда вояга етмаган болалар билан машғулотлар ўтказиш бўйича хизматларни.",Солиқ кодекси,2019-12-30 00:00:00,СК-243,2029-12-31 00:00:00
16,Қўшилган қиймат солиғи,"(СК 243-м.) 11-банд.3.хатбоши. тиббиёт муассасалари томонидан кўрсатиладиган тиббий хизматларни (бундан косметологик хизматлар мустасно). Ушбу банднинг мақсадида тиббий хизматлар жумласига, хусусан, ташхис қўйиш, профилактика ва даволаш бўйича хизматлар киради.",Солиқ кодекси,2019-12-30 00:00:00,СК-243,2024-03-31 00:00:00
17,Қўшилган қиймат солиғи,"(СК 243-м.) 11-банд.4.хатбоши. тиббиёт муассасалари томонидан кўрсатиладиган тиббий хизматларни (бундан косметологик хизматлар мустасно). Ушбу банднинг мақсадида тиббий хизматлар жумласига, хусусан, стоматологик хизматлар, шу жумладан тишларни протезлаш бўйича хизматлар киради.",Солиқ кодекси,2019-12-30 00:00:00,СК-243,2024-03-31 00:00:00
18,Қўшилган қиймат солиғи,"(СК 243-м.) 12-банд.2.хатбоши. ветеринария хизматларини. Ушбу банднинг мақсадида ветеринария хизматлари жумласига, хусусан, ветеринарияга оид хизматлар кўрсатиш, ҳайвонларга ташхис қўйиш ва уларни даволаш бўйича хизматлар.",Солиқ кодекси,2019-12-30 00:00:00,СК-243,2024-03-31 00:00:00
19,Қўшилган қиймат солиғи,"(СК 243-м.) 13-банд. дори воситаларини, ветеринария дори воситаларини, тиббиёт ва ветеринария учун мўлжалланган буюмларни.",Солиқ кодекси,2019-12-30 00:00:00,СК-243,2024-03-31 00:00:00
20,Қўшилган қиймат солиғи,"(СК 243-м.) 14-банд.а.кичик банди. санаторий-курорт, соғломлаштириш хизматларини, шунингдек жисмоний тарбия ва спорт ташкилотларининг хизматларини. Ушбу банднинг мақсадида санаторий-курорт ва соғломлаштириш хизматлари жумласига санаторийлар, шифохоналар, профилакторийлар, курортлар, пансионатлар, дам олиш уйлари ва зоналари, болалар дам олиш оромгоҳлари ҳамда бошқа дам олиш ташкилотлари томонидан уларнинг асосий фаолияти доирасида кўрсатиладиган, улар юридик шахслар ёки юридик шахсларнинг таркибий бўлинмалари томонидан кўрсатилишидан қатъи назар, йўлланмалар ёки жойсиз даволаниш учун бериладиган ҳужжатлар билан расмийлаштирилган хизматлар киради",Солиқ кодекси,2019-12-30 00:00:00,СК-243,2029-12-31 00:00:00
21,Қўшилган қиймат солиғи,"(СК 243-м.) 15-банд.а.кичик банди. йўловчиларни ягона тарифлар бўйича ташиш хизматларини кўрсатиш, умумий фойдаланишдаги йўловчи ташиш шаҳар транспортида ва йўловчи ташиш автомобиль транспортида (бундан такси, шу жумладан йўналишли такси мустасно).",Солиқ кодекси,2019-12-30 00:00:00,СК-243,2029-12-31 00:00:00
22,Қўшилган қиймат солиғи,"(СК 243-м.) 15-банд.б.кичик банди. йўловчиларни ягона тарифлар бўйича ташиш хизматларини кўрсатиш, шаҳар атрофидаги йўналишда темир йўл транспортида.",Солиқ кодекси,2019-12-30 00:00:00,СК-243,2029-12-31 00:00:00
23,Қўшилган қиймат солиғи,"(СК 243-м.) 16-банд. уй-жой фондини сақлаш ва таъмирлаш юзасидан аҳолига кўрсатилаётган хизматлар. Уй-жой фондини сақлаш ва таъмирлаш юзасидан кўрсатиладиган хизматлар жумласига лифт хўжаликлари, ер ресурслари ва давлат кадастри, уй-жой фондидан фойдаланиш, уни сақлаш ва таъмирлаш бошқармалари ҳамда бўлимларининг бевосита аҳоли томонидан ҳақ тўланадиган хизматлари, шу жумладан ушбу хизматларга уй-жой мулкдорлари ширкатлари орқали ҳақ тўлаш киради.",Солиқ кодекси,2019-12-30 00:00:00,СК-243,2029-12-31 00:00:00
24,Қўшилган қиймат солиғи,"(СК 243-м.) 17-банд. товарларни (хизматларни), агар товарларни бериш (хизматлар кўрсатиш) Ўзбекистон Республикаси Президентининг ёки Ўзбекистон Республикаси Вазирлар Маҳкамасининг қарори асосида бепул амалга оширилса.",Солиқ кодекси,2019-12-30 00:00:00,СК-243,2029-12-31 00:00:00
25,Қўшилган қиймат солиғи,"(СК 243-м.) 18-банд. қимматбаҳо металлардан ишланган банк ва ўлчовли қуймаларини, қимматбаҳо металлардан ишланган қуйма (инвестиция) тангаларни (нумизматика мақсадлари учун фойдаланиладиган тангалардан, шунингдек қимматбаҳо металлардан ишланган чет эл тангаларидан ташқари), заргарлик буюмларини.",Солиқ кодекси,2019-12-30 00:00:00,СК-243,2029-12-31 00:00:00
26,Қўшилган қиймат солиғи,(СК 243-м.) 19-банд. божсиз савдо божхона тартиб-таомилига жойлаштирилган товарларни.,Солиқ кодекси,2019-12-30 00:00:00,СК-243,2029-12-31 00:00:00
27,Қўшилган қиймат солиғи,"(СК 243-м.) 20-банд. юридик ва жисмоний шахсларга муайян ҳуқуқлар берилганда фуқароларнинг ўзини ўзи бошқариш органлари ва ваколатли органлар, ташкилотлар томонидан кўрсатиладиган хизматларни, агар бундай хизматлар кўрсатиш шарт эканлиги қонун ҳужжатларида белгиланган бўлса, фаолиятнинг муайян соҳасида ушбу органлар ва ташкилотларнинг зиммасига юклатилган алоҳида ваколатларни бажариш доирасида давлат божи ёки бошқа тўловлар ундирилади.",Солиқ кодекси,2019-12-30 00:00:00,СК-243,2029-12-31 00:00:00
28,Қўшилган қиймат солиғи,"(СК 243-м.) 21-банд. бюджет маблағлари ҳисобидан бажариладиган еФ-кадастр, ер тузиш, тупроққа оид ва геоботаника ишларини.",Солиқ кодекси,2019-12-30 00:00:00,СК-243,2029-12-31 00:00:00
29,Қўшилган қиймат солиғи,"(СК 243-м.) 23-банд.  халқаро молиявий институтларнинг қарзлари ва ҳукумат ташкилотларининг халқаро қарзлари ҳисобидан олинадиган товарларни (хизматларни), агар уларни солиқдан озод этиш қонунда назарда тутилган бўлса;",Солиқ кодекси,2019-12-30 00:00:00,СК-243,2029-12-31 00:00:00
30,Қўшилган қиймат солиғи,"(СК 243-м.) 25-банд. телекоммуникация тармоқларида оператив-қидирув тадбирлари тизимининг техник воситалари, шунингдек мазкур воситалардан фойдаланишга ҳамда уларга хизмат кўрсатишга доир хизматлар.",Солиқ кодекси,2019-12-30 00:00:00,СК-243,2029-12-31 00:00:00
31,Қўшилган қиймат солиғи,"(СК 243-м.) 4-банд. протез-ортопедия буюмларини, ногиронлиги бўлган шахслар учун инвентарни, шу жумладан ушбу буюмлар ва инвентарни ишлаб чиқарувчилар томонидан реализация қилиш, шунингдек ногиронларга ортопедик протезлаш, ногиронлар учун мўлжалланган протез-ортопедия буюмлари ва инвентарни таъмирлаш ҳамда уларга хизмат кўрсатиш бўйича хизматларни.",Солиқ кодекси,2019-12-30 00:00:00,СК-243,2029-12-31 00:00:00
32,Қўшилган қиймат солиғи,"(СК 243-м.) 4-банд. протез-ортопедия буюмларини, ногиронлиги бўлган шахслар учун инвентарни, шу жумладан ушбу буюмлар ва инвентарни ишлаб чиқарувчилар томонидан реализация қилиш, шунингдек ногиронларга ортопедик протезлаш, ногиронлар учун мўлжалланган протез-ортопедия буюмлари ва инвентарни таъмирлаш ҳамда уларга хизмат кўрсатиш бўйича хизматларни.",Солиқ кодекси,2019-12-30 00:00:00,СК-243,2029-12-31 00:00:00
33,Қўшилган қиймат солиғи,"(СК 243-м.) 14-банд.,б.кичик банди.  бюджет ташкилотлари томонидан кўрсатиладиган жисмоний тарбия ва спорт хизматлари жумласига, хусусан, спорт иншоотларида, мактабларда, клубларда спорт турлари бўйича ўқув гуруҳлари ҳамда жамоаларида соғломлаштириш ёъналишидаги жисмоний тарбия ва спорт машғулотларини ўтказишга оид хизматлар, умумжисмоний тайёргарлик хизматлари, спорт мусобақаларини ёки байрамларини, спорт-томоша тадбирларини ўтказиш бўйича хизматлар, шунингдек мазкур тадбирларга тайёргарлик кўриш ва уларни ўтказиш учун спорт иншоотларини ижарага бериш киради;  (ЎРҚ 741)",Солиқ кодекси,2019-12-30 00:00:00,СК-243,2030-12-31 00:00:00
34,Қўшилган қиймат солиғи,(СК 243-м.) 8-банд. пенсиялар ва нафақалар тўлашга доир хизматларни.,Солиқ кодекси,2019-12-30 00:00:00,СК-243,2029-12-31 00:00:00
35,Қўшилган қиймат солиғи,"(СК 243-м.) 6-банд. ишловчилари умумий сонининг камида 50 фоизи ногиронлиги бўлган шахслардан иборат бўлган ҳамда ногиронлиги бўлган шахслар меҳнатига ҳақ тўлаш фонди умумий меҳнатга ҳақ тўлаш фондининг камида 50 фоизини ташкил этадиган, ягона иштирокчиси ногиронлиги бўлган шахсларнинг жамоат бирлашмалари ҳисобланган юридик шахслар томонидан реализация қилинадиган товарлар ва хизматларни.",Солиқ кодекси,2020-01-01 00:00:00,СК-243,2029-12-31 00:00:00
36,Қўшилган қиймат солиғи,"(СК 243-м.) 12-банд.4.хатбоши. ветеринария хизматларини. Ушбу банднинг мақсадида ветеринария хизматлари жумласига, хусусан, Ўзбекистон Республикаси ҳудудини ҳайвонларнинг юқумли касалликлари кириб келишидан ҳимоя қилиш.",Солиқ кодекси,2019-12-30 00:00:00,СК-243,2024-03-31 00:00:00
37,Қўшилган қиймат солиғи,"(СК 243-м.) 12-банд.5.хатбоши. ветеринария хизматларини. Ушбу банднинг мақсадида ветеринария хизматлари жумласига, хусусан, давлат ветеринария хизмати назорати остидаги товарларнинг ветеринария ва ветеринария-санитария хавфсизлигини таъминлаш.",Солиқ кодекси,2019-12-30 00:00:00,СК-243,2024-03-31 00:00:00
38,Қўшилган қиймат солиғи,(СК 243-м.) 26-банд. меценатлик кўмаги тарзида бериладиган (кўрсатиладиган) товарларни (хизматларни).,Солиқ кодекси,2019-12-30 00:00:00,СК-243,2029-12-31 00:00:00
39,Қўшилган қиймат солиғи,"(СК 243-м.) 3-банд. дафн этиш бюролари ва қабристонларнинг маросим хизматларини, диний ашёларни, диний ташкилотлар ҳамда бирлашмалар томонидан удумларни ва маросимларни ўтказишга доир хизматларни.",Солиқ кодекси,2019-12-30 00:00:00,СК-243,2029-12-31 00:00:00
40,Қўшилган қиймат солиғи,"(СК 243-м.) 11-банд.2.хатбоши. тиббий хизматлар (бундан косметологик хизматлар мустасно). Ушбу банднинг мақсадида тиббий хизматлар жумласига, хусусан, қуйидагилар киради:_x000D_
тиббий ёрдамга ва санитария хизмати кўрсатишга доир хизматлар;",Солиқ кодекси,2019-12-30 00:00:00,СК-243,2024-03-31 00:00:00
41,Қўшилган қиймат солиғи,"(СК 243-м.) 12-банд.3.хатбоши. ветеринария хизматларини. Ушбу банднинг мақсадида ветеринария хизматлари жумласига, хусусан, ҳайвонлар ва инсон учун умумий бўлган касалликлардан аҳолини ҳимоя қилиш.",Солиқ кодекси,2019-12-30 00:00:00,СК-243,2024-03-31 00:00:00
42,Қўшилган қиймат солиғи,(СК 243-м.) 2-банд. беморлар ва кексаларни парвариш қилиш бўйича хизматларни.,Солиқ кодекси,2019-12-30 00:00:00,СК-243,2029-12-31 00:00:00
43,Қўшилган қиймат солиғи,(СК 243-м.) 28-банд. ушбу Кодекснинг 245-м.да назарда тутилган ҳаётни суғурта қилиш хизматларини ва бошқа суғурта хизматларини.,Солиқ кодекси,2019-12-30 00:00:00,СК-243,2029-12-31 00:00:00
44,Қўшилган қиймат солиғи,(СК 243-м.) 5-банд. даволаш муассасалари ҳузуридаги даволаш-ишлаб чиқариш устахоналарининг маҳсулотларини ушбу муассасалар томонидан реализация қилиш.,Солиқ кодекси,2019-12-30 00:00:00,СК-243,2029-12-31 00:00:00
45,Қўшилган қиймат солиғи,(СК 244-м.) 10-банд транзакцияларни бир вақтнинг ўзида тўлов иштирокчилари ўртасида воситачилик ҳақларини тақсимлаган ҳолда амалга ошириш билан боғлиқ тўлов тизимларининг молия хизматлари.,Солиқ кодекси,2019-12-30 00:00:00,СК-244,2029-12-31 00:00:00
46,Қўшилган қиймат солиғи,"(СК 244-м.) 1-банд. 10.хатбоши. банк операциялари, хусусан аккредитивларни очиш ва уларга хизмат кўрсатиш.",Солиқ кодекси,2019-12-30 00:00:00,СК-244,2029-12-31 00:00:00
47,Қўшилган қиймат солиғи,"(СК 244-м.) 1-банд.11.хатбоши. банк операциялари, хусусан тўлов тизимлари, дастурларидан ва ускуналардан фойдаланган ҳолда ҳисоб-китобларни (тўловларни) амалга ошириш.",Солиқ кодекси,2019-12-30 00:00:00,СК-244,2029-12-31 00:00:00
48,Қўшилган қиймат солиғи,"(СК 244-м.) 1-банд.2.хатбоши. банк операциялари, хусусан юридик ва жисмоний шахсларнинг пул маблағларини омонатларга жалб этиш.",Солиқ кодекси,2019-12-30 00:00:00,СК-244,2029-12-31 00:00:00
49,Қўшилган қиймат солиғи,"(СК 244-м.) 1-банд.4.хатбоши. банк операциялари, хусусан юридик ва жисмоний шахсларнинг банк ҳисобварақларини, шу жумладан банк карталари бўйича ҳисоб-китоблар учун хизмат қилувчи банк ҳисобварақларини очиш ҳамда юритиш, шунингдек банк карталарига хизмат кўрсатиш билан боғлиқ операциялар.",Солиқ кодекси,2019-12-30 00:00:00,СК-244,2029-12-31 00:00:00
50,Қўшилган қиймат солиғи,"(СК 244-м.) 1-банд.5.хатбоши. банк операциялари, хусусан юридик ва жисмоний шахсларнинг, шу жумладан вакил банкларнинг топшириғига кўра уларнинг банк ҳисобварақлари бўйича ҳисоб-китобларни амалга ошириш.",Солиқ кодекси,2019-12-30 00:00:00,СК-244,2029-12-31 00:00:00
51,Қўшилган қиймат солиғи,"(СК 244-м.) 1-банд.6.хатбоши. банк операциялари, хусусан юридик ва жисмоний шахсларга касса хизматларини банк кассалари ёки махсус асбоб-ускуналар (банкомат, автоматик депозит машиналар ва ҳоказо) орқали кўрсатиш.",Солиқ кодекси,2019-12-30 00:00:00,СК-244,2029-12-31 00:00:00
52,Қўшилган қиймат солиғи,(СК 244-м.) 1-банд.7.хатбоши. чет эл валютасининг нақд пулдаги ва нақд пулсиз олди-сотдиси (шу жумладан чет эл валютасининг олди-сотди операцияларига доир воситачилик хизматлари кўрсатиш).,Солиқ кодекси,2019-12-30 00:00:00,СК-244,2029-12-31 00:00:00
53,Қўшилган қиймат солиғи,"(СК 244-м.) 1-банд.8.хатбоши. банк операциялари, банк кафолатларини бажариш (банк кафолати бўйича тўлов);",Солиқ кодекси,2019-12-30 00:00:00,СК-244,2029-12-31 00:00:00
54,Қўшилган қиймат солиғи,"(СК 244-м.) 1-банд.9.хатбоши. банк операциялари, хусусан мажбуриятларнинг пул шаклида бажарилишини назарда тутувчи учинчи шахслар учун кафиллик бериш.",Солиқ кодекси,2019-12-30 00:00:00,СК-244,2029-12-31 00:00:00
55,Қўшилган қиймат солиғи,"(СК 244-м.) 2-банд ҳисоб-китоблар иштирокчилари ўртасида ахборот ва технологик ҳамкорликни, шу жумладан ҳисоб-китоблар иштирокчиларига банк карталари билан амалга ошириладиган операциялар бўйича ахборотни тўплаш, унга ишлов бериш ва уни тақдим этиш юзасидан хизматлар кўрсатилишини таъминловчи ташкилотлар томонидан амалга ошириладиган операциялар;",Солиқ кодекси,2019-12-30 00:00:00,СК-244,2029-12-31 00:00:00
56,Қўшилган қиймат солиғи,"(СК 244-м.) 3-банд юридик шахсларнинг устав фондидаги (устав капиталидаги) улушларини, кооперативларнинг пай фондларидаги ва инвестиция пай жамғармаларидаги пайларни, қимматли қоғозларни ҳамда ҳосила молиявий воситаларни реализация қилиш, бундан солиқ солиниши лозим бўлган ҳосила молиявий воситаларнинг асос активини реализация қилиш мустасно. Ушбу бўлим мақсадларида ҳосила молиявий воситани реализация қилиш деганда унинг асос активини реализация қилиш, шунингдек контракт бўйича мукофотлар суммаларини, вариацияга оид маржа суммаларини тўлаш, ҳосила молиявий воситалар шартларига мувофиқ асос актив тўлови бўлмаган ҳосила молиявий восита тарафларининг бошқа даврий ёки бир марталик тўловлари тушунилади;",Солиқ кодекси,2019-12-30 00:00:00,СК-244,2029-12-31 00:00:00
57,Қўшилган қиймат солиғи,(СК 244-м.) 5-банд  форфейтинг ва факторинг операциялари;,Солиқ кодекси,2019-12-30 00:00:00,СК-244,2029-12-31 00:00:00
58,Қўшилган қиймат солиғи,"(СК 244-м.) 6-банд заёмларни пул шаклида беришга доир шартномалардан ва (ёки) кредит шартномаларидан келиб чиқадиган мажбуриятлар юзасидан кредиторнинг ҳуқуқларидан (талабларидан) бошқа шахс фойдасига воз кечиш (уларни бошқаларга бериш, олиш) бўйича, шунингдек бошқа шахс фойдасига воз кечиш шартномаси асосида дастлабки шартнома юзасидан қарз олувчининг ҳар бир янги кредитор олдидаги мажбуриятларининг бажарилишга доир операциялар;",Солиқ кодекси,2019-12-30 00:00:00,СК-244,2029-12-31 00:00:00
59,Қўшилган қиймат солиғи,"(СК 244-м.) 7-банд  кредитларни, заёмларни пул шаклида ва қимматли қоғозлар билан бериш, шу жумладан улар бўйича фоизлар билан бирга бериш, шунингдек РЕПО операциялари, шу жумладан РЕПО операциялари бўйича қимматли қоғозлар берилганлиги учун тўланиши лозим бўлган пул суммалари;",Солиқ кодекси,2019-12-30 00:00:00,СК-244,2029-12-31 00:00:00
60,Қўшилган қиймат солиғи,(СК 244-м.) 8-банд мол-мулкни молиявий ижарага (лизингга) беришга доир хизматларнинг ушбу хизматлар бўйича фоизли даромадлар олишга тааллуқли қисми бўйича;,Солиқ кодекси,2019-12-30 00:00:00,СК-244,2029-12-31 00:00:00
61,Қўшилган қиймат солиғи,"(СК 244-м.) 9-банд қимматли қоғозлар (акциялар, облигациялар ва бошқа қимматли қоғозлар) билан боғлиқ операциялар. Қимматли қоғозлар билан боғлиқ операциялар жумласига қимматли қоғозларни сақлаш, қимматли қоғозларга бўлган ҳуқуқни ҳисобга олиш, қимматли қоғозларни ўтказиш ҳамда уларнинг реестрини юритиш, қимматли қоғозлар савдосини ташкил этиш бўйича операциялар киради, уларни тайёрлаш бўйича хизматлар бундан мустасно;",Солиқ кодекси,2019-12-30 00:00:00,СК-244,2029-12-31 00:00:00
62,Қўшилган қиймат солиғи,"(СК 244-м.) 1-банд.3.хатбоши. банк операциялари, хусусан юридик ва жисмоний шахсларнинг жалб этилган пул маблағларини банклар номидан ҳамда уларнинг ҳисобидан жойлаштириш.",Солиқ кодекси,2019-12-30 00:00:00,СК-244,2029-12-31 00:00:00
63,Қўшилган қиймат солиғи,(СК 244-м.) 4-банд  реализация қилиниши ушбу қисмнинг 3-бандига биноан солиқ солишдан озод этиладиган ҳосила молиявий воситалар асосида юзага келадиган мажбуриятлар бўйича ҳуқуқлардан (талаблардан) бошқа шахс фойдасига воз кечиш (уларни бошқаларга бериш);,Солиқ кодекси,2019-12-30 00:00:00,СК-244,2029-12-31 00:00:00
64,Қўшилган қиймат солиғи,"(СК 245-м.) 1-банд.2.хатбоши.  суғурта бозорининг профессионал иштирокчиси қуйидагиларни олса, қўшилган қиймат солиғидан озод қилинади: суғурта қилиш, биргаликда суғурта қилиш ва қайта суғурта қилиш шартномалари бўйича суғурта мукофотлари;",Солиқ кодекси,2019-12-30 00:00:00,СК-245,2029-12-31 00:00:00
65,Қўшилган қиймат солиғи,"(СК 245-м.) 1-банд.3.хатбоши. суғурта бозорининг профессионал иштирокчиси қуйидагиларни олса, қўшилган қиймат солиғидан озод қилинади: қайта суғурта қилишга топширилган шартномалар бўйича воситачилик ҳақи ва тантьемалар;",Солиқ кодекси,2019-12-30 00:00:00,СК-245,2029-12-31 00:00:00
66,Қўшилган қиймат солиғи,"(СК 245-м.) 1-банд.4.хатбоши. суғурта бозорининг профессионал иштирокчиси қуйидагиларни олса, қўшилган қиймат солиғидан озод қилинади: суғурта агенти, суғурта ва қайта суғурта брокери, сюрвейер ҳамда суғурта бозорининг бошқа профессионал иштирокчиларининг хизматлари учун воситачилик ҳақи;",Солиқ кодекси,2019-12-30 00:00:00,СК-245,2029-12-31 00:00:00
67,Қўшилган қиймат солиғи,"(СК 245-м.) 1-банд.5.хатбоши.  суғурта бозорининг профессионал иштирокчиси қуйидагиларни олса, қўшилган қиймат солиғидан озод қилинади: суғурта бозорининг профессионал иштирокчилари (актуарийлар, ажастерлар, сюрвейерлар, ассистанс хизматлари ва шу сингарилар) кўрсатган хизматлардан олинадиган даромадлар;",Солиқ кодекси,2019-12-30 00:00:00,СК-245,2029-12-31 00:00:00
68,Қўшилган қиймат солиғи,"(СК 245-м.) 1-банд.8.хатбоши.  суғурта бозорининг профессионал иштирокчиси қуйидагиларни олса, қўшилган қиймат солиғидан озод қилинади: бевосита суғурта фаолиятини амалга оширишдан олинадиган бошқа даромадлар;",Солиқ кодекси,2019-12-30 00:00:00,СК-245,2029-12-31 00:00:00
69,Қўшилган қиймат солиғи,"(СК 245-м.) 2-банд.2.хатбоши.  суғурта қилдирувчи (наф олувчи) қуйидагиларни олса, қўшилган қиймат солиғидан озод қилинади: суғурта тўлови (суғурта товони);",Солиқ кодекси,2019-12-30 00:00:00,СК-245,2029-12-31 00:00:00
70,Қўшилган қиймат солиғи,"(СК 245-м.) 1-банд.6.хатбоши. суғурта бозорининг профессионал иштирокчиси қуйидагиларни олса, қўшилган қиймат солиғидан озод қилинади: қонунчиликка мувофиқ суғурталовчига ўтган, суғурта қилдирувчининг (наф олувчининг) етказилган зарар учун жавобгар шахслардан талаб қилиш ҳуқуқини реализация қилишдан олинадиган маблағлар;",Солиқ кодекси,2019-12-30 00:00:00,СК-245,2029-12-31 00:00:00
71,Қўшилган қиймат солиғи,"(СК 245-м.) 1-банд.7.хатбоши. суғурта бозорининг профессионал иштирокчиси қуйидагиларни олса, қўшилган қиймат солиғидан озод қилинади: қайта суғурта қилиш шартномалари муддатидан илгари тугатилган тақдирда, улар бўйича суғурта мукофотларининг қайтариб берилган қисми суммалари;",Солиқ кодекси,2019-12-30 00:00:00,СК-245,2029-12-31 00:00:00
72,Қўшилган қиймат солиғи,"(СК 245-м.) 2-банд.4.хатбоши. суғурта қилдирувчи (наф олувчи) қуйидагиларни олса, қўшилган қиймат солиғидан озод қилинади: суғурта қилиш шартномаси зарарсиз амал қилиши учун суғурталовчи тўлайдиган маблағлар;",Солиқ кодекси,2019-12-30 00:00:00,СК-245,2029-12-31 00:00:00
73,Қўшилган қиймат солиғи,"(СК 245-м.) 2-банд.5.хатбоши.  суғурта қилдирувчи (наф олувчи) қуйидагиларни олса, қўшилган қиймат солиғидан озод қилинади: суғурта қилиш шартномасига мувофиқ бошқа маблағлар.",Солиқ кодекси,2019-12-30 00:00:00,СК-245,2029-12-31 00:00:00
74,Қўшилган қиймат солиғи,"(СК 245-м.) 2-банд.3.хатбоши.  суғурта қилдирувчи (наф олувчи) қуйидагиларни олса, қўшилган қиймат солиғидан озод қилинади: превентив тадбирлар ўтказиш учун бериладиган маблағлар;",Солиқ кодекси,2019-12-30 00:00:00,СК-245,2029-12-31 00:00:00
75,Қўшилган қиймат солиғи,(СК 246-м.) 1-банд. жисмоний шахслар томонидан товарларни божсиз олиб киришнинг божхона тўғрисидаги қонунчиликда тасдиқланган нормалари доирасида олиб кирилаётган товарлар;,Солиқ кодекси,2019-12-30 00:00:00,СК-246,2029-12-31 00:00:00
76,Қўшилган қиймат солиғи,"(СК 246-м.) 10-банд. ваколатли давлат органининг ёзма шаклдаги тасдиғи мавжуд бўлган тақдирда, телекоммуникациялар операторлари ва тезкор-қидирув тадбирлари тизимининг техник воситаларини сертификатлаштириш бўйича махсус орган томонидан олинадиган тезкор-қидирув тадбирлари тизимининг техник воситалари;",Солиқ кодекси,2019-12-30 00:00:00,СК-246,2029-12-31 00:00:00
77,Қўшилган қиймат солиғи,(СК 246-м.) 2-банд.Ўзбекистон Республикаси Вазирлар Маҳкамаси томонидан белгиланадиган тартибда инсонпарварлик ёрдами сифатида олиб кирилаётган товарлар;,Солиқ кодекси,2019-12-30 00:00:00,СК-246,2029-12-31 00:00:00
78,Қўшилган қиймат солиғи,"(СК 246-м.) 3-банд. давлатлар, ҳукуматлар, халқаро ташкилотлар, шунингдек Ўзбекистон Республикаси Вазирлар Маҳкамасининг қарорларида назарда тутилган ҳолларда — бошқа ташкилотлар ва шахслар йўналишлари бўйича хайрия ёрдами мақсадларида, шу жумладан техник ёрдам кўрсатиш (грантлар) учун олиб кириладиган товарлар;",Солиқ кодекси,2019-12-30 00:00:00,СК-246,2029-12-31 00:00:00
79,Қўшилган қиймат солиғи,"(СК 246-м.) 4-банд. чет эл дипломатик ваколатхоналари ва уларга тенглаштирилган ваколатхоналар расмий фойдаланиши учун, шунингдек ушбу ваколатхоналарнинг дипломатик ва маъмурий-техник ходимлари, шу жумладан уларнинг ўзлари билан бирга яшаётган оила аъзолари шахсий фойдаланиши учун мўлжалланган товарлар;",Солиқ кодекси,2019-12-30 00:00:00,СК-246,2029-12-31 00:00:00
80,Қўшилган қиймат солиғи,"(СК 246-м.) 5-банд. қонунчиликка мувофиқ алоҳида қимматга эга маданий мерос объектлари жамоасига киритилган, давлат маданият муассасалари томонидан олинган ёки улар томонидан совғага олинган маданий қимматликлар. Ушбу солиқ солишдан озод этиш Ўзбекистон Республикаси Маданият вазирлигининг тегишли тасдиқномаси мавжуд бўлган тақдирда қўлланилади;",Солиқ кодекси,2019-12-30 00:00:00,СК-246,2029-12-31 00:00:00
81,Қўшилган қиймат солиғи,"(СК 246-м.) 6-банд. ўхшаши Ўзбекистон Республикасида ишлаб чиқарилмайдиган, тасдиқланган рўйхат бўйича Ўзбекистон Республикаси ҳудудига олиб кириладиган технологик асбоб-ускуналар;",Солиқ кодекси,2019-12-30 00:00:00,СК-246,2029-12-31 00:00:00
82,Қўшилган қиймат солиғи,"(СК 246-м.) 7-банд. халқаро китоб алмашинуви бўйича давлат кутубхоналари ва музейлари томонидан олинадиган босма нашрларнинг барча турлари, шунингдек халқаро нотижорат алмашинувини амалга ошириш мақсадида ихтисослаштирилган давлат ташкилотлари томонидан олиб кириладиган кинематография асарлари;",Солиқ кодекси,2019-12-30 00:00:00,СК-246,2029-12-31 00:00:00
83,Қўшилган қиймат солиғи,"(СК 246-м.) 8-банд. миллий валюта ва чет эл валютаси, қонуний тўлов воситалари бўлган банкнотлар (бундан коллекциялаш учун мўлжалланганлари мустасно), шунингдек қимматли қоғозлар;",Солиқ кодекси,2019-12-30 00:00:00,СК-246,2029-12-31 00:00:00
84,Қўшилган қиймат солиғи,"(СК 246-м.) 9-банд. халқаро молия институтларининг қарзлари ва ҳукумат ташкилотларининг халқаро қарзлари ҳисобидан олиб кириладиган товарлар, агар улар олиб кирилаётганда солиқдан озод этилиши қонунда назарда тутилган бўлса;",Солиқ кодекси,2019-12-30 00:00:00,СК-246,2029-12-31 00:00:00
85,Қўшилган қиймат солиғи,"(СК 248-м.) 11 қисм.  Олиб сотиш учун жисмоний шахслардан олинган автомобиллар ва уй-жой кўчмас мулк объектлари реализация қилинган тақдирда, солиқ базаси солиқ суммасини ўз ичига оладиган, реализация қилиш нархи ва сотиб олиш қиймати ўртасидаги ижобий фарқ сифатида аниқланади.",Солиқ кодекси,2022-01-01 00:00:00,СК-248,2029-12-31 00:00:00
86,Қўшилган қиймат солиғи,"(СК 249-м.) 3.хатбоши. Кодекснинг 246-моддасига мувофиқ солиқ солишдан озод этилган, олиб кирилган технологик асбоб-ускуналар молиявий ижарага (лизингга) берилганда солиқ базаси мазкур асбоб-ускуналарни сотиб олиш нархи ва реализация қилиш нархи ўртасидаги ижобий фарқдан келиб чиқиб аниқланади.",Солиқ кодекси,2019-12-30 00:00:00,СК-249,2029-12-31 00:00:00
87,Қўшилган қиймат солиғи,(СК 260-м.) 1-банд. Ўзбекистон Республикаси ҳудудидан экспорт божхона тартиб-таомилига олиб чиқилган товарлар;,Солиқ кодекси,2019-12-30 00:00:00,СК-260,2029-12-31 00:00:00
88,Қўшилган қиймат солиғи,(СК 260-м.) 3-банд.  Ўзбекистон Республикаси ҳудудидан олиб чиқилган ғамлаб қўйилган нарсалар. Ушбу модда мақсадида ҳаво кемаларидан рисоладагидек фойдаланилишини таъминлаш учун зарур бўлган ёқилғи ва ёнилғи-мойлаш материаллари ғамлаб қўйилган нарсалар деб эътироф этилади;,Солиқ кодекси,2019-12-30 00:00:00,СК-260,2029-12-31 00:00:00
89,Қўшилган қиймат солиғи,(СК 260-м.) 4-банд. чет элдан келтирилган товарларни ташиш чоғида божхона транзити божхона тартиб-таомилига жойлаштирилган товарларни бевосита Ўзбекистон Республикаси ҳудудига етиб келиш жойидаги божхона органидан Ўзбекистон Республикаси ҳудудидан чиқиб кетиш жойидаги божхона органигача ташиш ёхуд транспортда ташиш билан бевосита боғлиқ бўлган хизматлар;,Солиқ кодекси,2019-12-30 00:00:00,СК-260,2029-12-31 00:00:00
90,Қўшилган қиймат солиғи,(СК 260-м.) 5-банд.  халқаро ташишлар билан бевосита боғлиқ бўлган хизматлар.,Солиқ кодекси,2019-12-30 00:00:00,СК-260,2029-12-31 00:00:00
91,Қўшилган қиймат солиғи,"(СК 260-м.) 2-банд.  илгари Ўзбекистон Республикаси божхона ҳудудида қайта ишлаш божхона тартиб-таомилига жойлаштирилган, Ўзбекистон Республикаси ҳудудидан олиб чиқилган товарлар ва (ёки) Ўзбекистон Республикаси ҳудудидан божхона ҳудудида қайта ишлаш божхона тартиб-таомилига жойлаштирилган товарларни қайта ишлаш натижасида олинган (ҳосил бўлган) товарлар (қайта ишлаш маҳсулотлари, чиқиндилар ва (ёки) қолдиқлар);",Солиқ кодекси,2019-12-30 00:00:00,СК-260,2029-12-31 00:00:00
92,Қўшилган қиймат солиғи,(СК 262-м.) 1-қисми  Божхона тўғрисидаги қонунчиликка мувофиқ Ўзбекистон Республикасининг божхона ҳудудида қайта ишлаш божхона режимига жойлаштирилган товарларни қайта ишлаш бўйича хизматларга қайта ишлаш маҳсулотларини Ўзбекистон Республикасининг божхона ҳудудидан ташқарига олиб чиқиш шарти билан ноль ставка бўйича солиқ солинади.,Солиқ кодекси,2019-12-30 00:00:00,СК-262,2029-12-31 00:00:00
93,Қўшилган қиймат солиғи,"(СК 263-м.) 1-банд. товарларни халқаро ташиш бўйича хизматларни. Товарларни халқаро ташиш деганда товарларнинг жўнатиш пункти ёки белгиланган пункти Ўзбекистон Республикаси ҳудудидан ташқарида жойлашган тақдирда товарларни ҳаво кемалари, темир йўл транспорти ва (ёки) автотранспорт воситалари орқали ташиш тушунилади;",Солиқ кодекси,2019-12-30 00:00:00,СК-263,2029-12-31 00:00:00
94,Қўшилган қиймат солиғи,(СК 263-м.) 2-банд.  чет элдан келтирилган товарларни ташиш чоғида божхона транзити божхона тартиб-таомилига жойлаштирилган товарларни Ўзбекистон Республикаси ҳудудига етиб келиш жойидаги божхона органидан то Ўзбекистон Республикаси ҳудудидан чиқиб кетиш жойидаги божхона органигача ташиш ёки транспортда ташиш билан бевосита боғлиқ бўлган хизматларни;,Солиқ кодекси,2019-12-30 00:00:00,СК-263,2029-12-31 00:00:00
95,Қўшилган қиймат солиғи,"(СК 263-м.) 3-банд. ташишлар ягона халқаро ташиш ҳужжатлари асосида расмийлаштирилган тақдирда, башарти йўловчиларни, почтани ва багажни жўнатиш пункти ёки белгиланган пункти Ўзбекистон Республикаси ҳудудидан ташқарида жойлашган бўлса, йўловчиларни, почтани ва багажни ташиш бўйича хизматларни;",Солиқ кодекси,2019-12-30 00:00:00,СК-263,2029-12-31 00:00:00
96,Қўшилган қиймат солиғи,"(СК 263-м.) 4-банд. Ўзбекистон Республикаси ҳудудидан ташқарига экспорт қилинадиган товарларни ташиш ёки транспортда ташиш, шунингдек Ўзбекистон Республикаси ҳудудидаги қайта ишлаш маҳсулотларини Ўзбекистон Республикаси ҳудудидан олиб чиқиш бўйича Ўзбекистон Республикасининг юридик шахслари бўлган ташувчилар томонидан кўрсатиладиган хизматларни. Ушбу банднинг қоидалари, башарти ташиш ҳужжатларида божхона органларининг белгилари қўйилган бўлса, қўлланилади;",Солиқ кодекси,2019-12-30 00:00:00,СК-263,2029-12-31 00:00:00
97,Қўшилган қиймат солиғи,"(СК 263-м.) 5-банд. ҳаво кемаларига бевосита Ўзбекистон Республикаси аэропортларида ва Ўзбекистон Республикасининг ҳаво ҳудудида кўрсатиладиган хизматларни, шу жумладан аэронавигация хизматини.",Солиқ кодекси,2019-12-30 00:00:00,СК-263,2029-12-31 00:00:00
98,Қўшилган қиймат солиғи,"""(СК 264-м.) 1-қисм, 2-банд. Товарларни (хизматларни) реализация қилиш айланмаси тўланган солиқни қоплаш (қайтариш) йўли билан ноль даражали ставкаси бўйича тортилади, агар ушбу товарлар (хизматлар) қуйидагича олинса:2) Маҳсулот тақсимотига оид битим доирасида товарларни (хизматларни) сотиб олаётган солиқ тўловчилар томонидан, агар битимда ноль даражали ставка қўлланилиши назарда тутилган бўлса."" (Молия вазирлигининг 2022 йил 6 июндаги 06/04-01-02-32/1960, Солиқ қўмитасининг 18/1-76040)",Солиқ кодекси,2019-12-30 00:00:00,СК-264,2024-12-31 00:00:00
99,Қўшилган қиймат солиғи,"(СК 264-м.) 2-қисм. Агар тегишли чет давлатнинг қонунчилигида Ўзбекистон Республикасининг дипломатик ваколатхоналарига ва уларга тенглаштирилган ваколатхоналарга, ушбу ваколатхоналарнинг дипломатик ҳамда маъмурий-техник ходимларига (шу жумладан улар билан бирга яшайдиган оила аъзоларига) нисбатан худди шундай тартиб белгиланган бўлса ёхуд бундай норма Ўзбекистон Республикасининг халқаро шартномасида назарда тутилган бўлса, ноль даражали ставкани қўллаш ушбу модданинг биринчи қисми 1-бандига мувофиқ амалга оширилади.",Солиқ кодекси,2019-12-30 00:00:00,СК-264,2029-12-31 00:00:00
100,Қўшилган қиймат солиғи,"(СК 264-м.) 3-қисм. Сув таъминоти, канализация, санитария жиҳатдан тозалаш, иссиқлик таъминоти бўйича аҳолига кўрсатиладиган хизматларни реализация қилишга доир айланмага, шу жумладан бундай хизматларни уй-жой мулкдорлари ширкатлари томонидан аҳоли номидан, шунингдек идоравий уй-жой фонди уйларида яшаётган аҳоли учун Ўзбекистон Республикаси Мудофаа вазирлигининг ва Ўзбекистон Республикаси Миллий гвардиясининг бўлинмалари томонидан олишга, ноль даражали ставка бўйича солиқ солинади.",Солиқ кодекси,2019-12-30 00:00:00,СК-264,2024-03-31 00:00:00
101,Қўшилган қиймат солиғи,(СК 264-м.) 4-қисм. Ноль даражали ставка қимматбаҳо металларни ишлаб чиқарувчилар томонидан қимматбаҳо металларни олиш бўйича ваколатли органга реализация қилинадиган бундай металларга нисбатан қўлланилади.,Солиқ кодекси,2019-12-30 00:00:00,СК-264,2029-12-31 00:00:00
102,Қўшилган қиймат солиғи,"""(СК 264-м.) 1-қисм, 1-банд. Товарларни (хизматларни) реализация қилиш айланмаси тўланган солиқни қоплаш (қайтариш) йўли билан ноль даражали ставкаси бўйича тортилади, агар ушбу товарлар (хизматлар) қуйидагича олинса:1) чет эл дипломатик ваколатхоналарининг ва уларга тенглаштирилган ваколатхоналарнинг расмий фойдаланиши учун, шунингдек ушбу ваколатхоналар дипломатик ва маъмурий-техник ходимларининг (шу жумладан улар билан бирга яшайдиган оила аъзоларининг) шахсий фойдаланиши учун;""",Солиқ кодекси,2019-12-30 00:00:00,СК-264,2029-12-31 00:00:00
103,Қўшилган қиймат солиғи,"(СК 277-м.) 2-қисм 2-банд. Товарлар Ўзбекистон Республикаси ҳудудидан олиб чиқилаётганда солиқ солиш қуйидаги тартибда амалга оширилади: товарлар Ўзбекистон Республикаси ҳудудидан ташқарига реэкспорт божхона тартиб-таомилида олиб чиқилаётганда солиқ тўланмайди, Ўзбекистон Республикаси ҳудудига олиб кириш чоғида тўланган солиқ суммалари эса солиқ тўловчига божхона тўғрисидаги қонунчиликда назарда тутилган тартибда қайтарилади. Мазкур қоида товарлар реэкспорт божхона тартиб-таомилига мувофиқ кейинчалик олиб чиқиш мақсадида божхона омбори божхона тартиб-таомилига жойлаштирилганда ҳам қўлланилади;",Солиқ кодекси,2019-12-30 00:00:00,СК-277,2029-12-31 00:00:00
104,Акциз солиғи,"(СК 284-м.) 2-қисм. 1-банд. Акциз тўланадиган товарларни экспортга (экспортнинг божхона тартиб-таомилларида) реализация қилиш, бундан акциз тўланадиган товарларнинг айрим турлари мустасно, солиқ солиш объекти ҳисобланмайди.",Солиқ кодекси,2019-12-30 00:00:00,СК-284,2029-12-31 00:00:00
105,Акциз солиғи,"(СК 284-м.) 2-қисм. 2-банд. Божхона ҳудудида қайта ишлаш божхона тартиб-таомилига жойлаштирилган товарлардан ишлаб чиқарилган, қайта ишлаш маҳсули бўлган акциз тўланадиган товарларни кейинчалик Ўзбекистон Республикасининг божхона ҳудудидан олиб чиқиб кетиш шарти билан бериш солиқ солиш объекти ҳисобланмайди.",Солиқ кодекси,2019-12-30 00:00:00,СК-284,2029-12-31 00:00:00
106,Акциз солиғи,(СК 284-м.) 2-қисм. 3-банд. Ихтисослаштирилган газ таъминоти корхоналари орқали аҳолига суюлтирилган газни маиший эҳтиёжлар учун реализация қилиш солиқ солиш объекти ҳисобланмайди.,Солиқ кодекси,2019-12-30 00:00:00,СК-284,2029-12-31 00:00:00
107,Акциз солиғи,(СК 284-м.) 2-қисм. 4-банд.2.хатбоши. Ўзбекистон Республикасининг божхона ҳудудига акциз тўланадиган товарларни Ўзбекистон Республикаси Вазирлар Маҳкамаси томонидан белгиланадиган тартибда инсонпарварлик ёрдами сифатида олиб кириш солиқ солиш объекти ҳисобланмайди.,Солиқ кодекси,2019-12-30 00:00:00,СК-284,2029-12-31 00:00:00
108,Акциз солиғи,"(СК 284-м.) 2-қисм. 4-банд.3.хатбоши. Ўзбекистон Республикасининг божхона ҳудудига акциз тўланадиган товарларни давлатлар, ҳукуматлар, халқаро ташкилотлар орқали хайрия ёрдами мақсадида, шу жумладан техник кўмак кўрсатиш мақсадида олиб кириш солиқ солиш объекти ҳисобланмайди.",Солиқ кодекси,2019-12-30 00:00:00,СК-284,2029-12-31 00:00:00
109,Акциз солиғи,"(СК 284-м.) 2-қисм. 4-банд.3.хатбоши. Ўзбекистон Республикасининг божхона ҳудудига акциз тўланадиган товарларни агар қарз шартномасида уларни солиқдан озод этиш назарда тутилган бўлса, халқаро молия институтларининг қарзлари ва ҳукумат ташкилотларининг халқаро қарзлари ҳисобидан олиб кириш солиш объекти ҳисобланмайди.",Солиқ кодекси,2019-12-30 00:00:00,СК-284,2029-12-31 00:00:00
110,Акциз солиғи,(СК 284-м.) 2-қисм. 5-банд. акциз тўланадиган товарларни Ўзбекистон Республикасининг божхона ҳудудига солиқ солинмайдиган товарларни олиб кириш нормалари доирасида жисмоний шахслар томонидан импорт қилиш солиқ солиш объекти ҳисобланмайди. Ўзбекистон Республикаси ҳудудига солиқ солинмайдиган товарларни жисмоний шахслар томонидан олиб киришнинг энг юқори нормалари қонун ҳужжатларида белгиланади.,Солиқ кодекси,2019-12-30 00:00:00,СК-284,2029-12-31 00:00:00
111,Акциз солиғи,"(СК 284-м.) 2-қисм. 6-банд. ваколатли давлат органининг ёзма шаклдаги тасдиғи бўлган тақдирда, телекоммуникациялар операторлари ҳамда тезкоФ-қидирув тадбирлари тизимининг техник воситаларини сертификатлаштириш бўйича махсус орган томонидан олинадиган тезкоФ-қидирув тадбирлари тизимининг техник воситалари солиқ солиш объекти ҳисобланмайди.",Солиқ кодекси,2019-12-30 00:00:00,СК-284,2029-12-31 00:00:00
112,Акциз солиғи,"(СК 284-м.) 2-қисм, 7-банд. ишлаб чиқарувчилар томонидан туристик йўналишларда ташкил этилган дегустация ҳудудларида (жойларида) реализация қилинадиган табиий вино (шиша идишдагилардан ташқари) маҳсулотларига.",Солиқ кодекси,2019-12-30 00:00:00,СК-284,2029-12-31 00:00:00
113,Қўшилган қиймат солиғи,(СК 2-м.) Халқаро шартномаларга асосан берилган солиқ имтиёзлари,Солиқ кодекси,2020-01-01 00:00:00,СК-2,2029-12-31 00:00:00
114,Акциз солиғи,(СК 2-м.) Халқаро шартномаларга асосан берилган солиқ имтиёзлари,Солиқ кодекси,2020-01-01 00:00:00,СК-2,2029-12-31 00:00:00
115,Фойда солиғи,(СК 2-м.) Халқаро шартномаларга асосан берилган солиқ имтиёзлари,Солиқ кодекси,2020-01-01 00:00:00,СК-2,2029-12-31 00:00:00
116,Фойда солиғи,(СК 2-м.) Халқаро шартномаларга асосан берилган солиқ имтиёзлари,Солиқ кодекси,2020-01-01 00:00:00,СК-2,2029-12-31 00:00:00
117,ЖШДС,(СК 2-м.) Халқаро шартномаларга асосан берилган солиқ имтиёзлари,Солиқ кодекси,2020-01-01 00:00:00,СК-2,2029-12-31 00:00:00
118,Мол-мулк солиғи,(СК 2-м.) Халқаро шартномаларга асосан берилган солиқ имтиёзлари,Солиқ кодекси,2019-12-30 00:00:00,СК-2,2029-12-31 00:00:00
119,Ер солиғи,(СК 2-м.) Халқаро шартномаларга асосан берилган солиқ имтиёзлари,Солиқ кодекси,2019-12-30 00:00:00,СК-2,2029-12-31 00:00:00
120,Ижтимоий солиқ,(СК 2-м.) Халқаро шартномаларга асосан берилган солиқ имтиёзлари,Солиқ кодекси,2020-01-01 00:00:00,СК-2,2029-12-31 00:00:00
121,Айланмадан олинадиган солиқ,(СК 2-м.) Халқаро шартномаларга асосан берилган солиқ имтиёзлари,Солиқ кодекси,2020-01-01 00:00:00,СК-2,2029-12-31 00:00:00
122,Қўшилган қиймат солиғи,(СК 2-м.) Халқаро шартномаларга асосан берилган солиқ имтиёзлари (қабул қилувчи),Солиқ кодекси,2019-12-30 00:00:00,СК-,2029-12-31 00:00:00
123,Фойда солиғи,"(СК 308-м.) 3 қисм. 1 банд. Инвестициявий чегирма қуйидаги миқдорда қўлланилади: янги технологик ускуналар қийматининг, ишлаб чиқаришни модернизация қилиш, техник ва (ёки) технологик жиҳатдан қайта жиҳозлаш харажатларининг ва (ёки) ахборот тизимларини яратишга доир инвестиция лойиҳалари доирасида маҳаллий ишлаб чиқаришнинг дастурий таъминотини сотиб олишга йўналтириладиган маблағлар суммаларининг 10 фоизи миқдорида.",Солиқ кодекси,2019-12-30 00:00:00,СК-308,2029-12-31 00:00:00
124,Фойда солиғи,"(СК 308-м.) 3 қисм. 2 банд. Инвестициявий чегирма қуйидаги миқдорда қўлланилади: ишлаб чиқаришни янги қурилиш шаклида кенгайтиришга, ишлаб чиқариш эҳтиёжлари учун фойдаланиладиган бинолар ва иншоотларни реконструкция қилишга йўналтириладиган маблағлар суммасининг 5 фоизи миқдорида.",Солиқ кодекси,2019-12-30 00:00:00,СК-308,2029-12-31 00:00:00
125,Фойда солиғи,"(СК 318-м.) 1 банд, 3 хатбоши. Ушбу Кодекснинг 58-м.да кўрсатилган шартларга риоя этилган тақдирда нотижорат ташкилотининг қуйидаги даромадларига солиқ солинмайди: курсдаги ижобий фарқ суммасининг курсдаги салбий фарқ суммасидан ортиқ қисми.",Солиқ кодекси,2020-01-01 00:00:00,СК-318,2029-12-31 00:00:00
126,Фойда солиғи,"(СК 318-м.) 1 банд, 4 хатбоши. Ушбу Кодекснинг 58-м.да кўрсатилган шартларга риоя этилган тақдирда нотижорат ташкилотининг қуйидаги даромадларига солиқ солинмайди: аҳолининг диний мақсадда фойдаланиши учун мўлжалланган товарларни реализация қилишдан олинган даромад.",Солиқ кодекси,2020-01-01 00:00:00,СК-318,2029-12-31 00:00:00
127,Фойда солиғи,(СК 333-м) Солиқ тўловчи зарарни ушбу зарар кўрилган солиқ давридан кейинги ўн йил мобайнида келгусига ўтказишни амалга оширишга ҳақлидир.,Солиқ кодекси,2020-01-01 00:00:00,СК-333,2029-12-31 00:00:00
128,Фойда солиғи,(СК 337-м.) 1 қисм. 10 банд. Ўзбекистон Республикаси Халқ банки томонидан фуқароларнинг шахсий жамғариб бориладиган пенсия ҳисобварақларидаги маблағлардан фойдаланишдан олинадиган даромадлар.,Солиқ кодекси,2019-12-30 00:00:00,СК-337,2029-12-31 00:00:00
129,Фойда солиғи,"(СК-337-м.) 11-қисми. 2-хатбоши. Қуйидагилар ушбу модда биринчи қисмининг 12-бандида белгиланган солиқ ставкасини 50 фоизга пасайтиришга ҳақли:_x000D_
2022 йил 1 сентябрдан кейин илк маротаба солиқ тўлашга ўтган айланмадан олинадиган солиқ тўловчилар - солиқ тўловчи солиқ тўлашга ўтган йилдан кейинги бир солиқ даври мобайнида, башарти пасайтирилган солиқ ставкаси қўлланиладиган солиқ даврида солиқ тўловчининг жами даромади ўн миллиард сўмдан ошмаса;",Солиқ кодекси,2019-12-30 00:00:00,СК-337,2029-12-31 00:00:00
130,Фойда солиғи,"(СК-337-м.) 11-қисми. 3-хатбоши. Қуйидагилар ушбу модда биринчи қисмининг 12-бандида белгиланган солиқ ставкасини 50 фоизга пасайтиришга ҳақли: 2022 йил 1 сентябрдан кейин жами даромади жорий солиқ даври мобайнида илк марта ўн миллиард сўмдан ошган солиқ тўловчилар -жорий солиқ даври ва кейинги солиқ даври мобайнида, башарти пасайтирилган солиқ ставкаси қўлланиладиган солиқ даврларида жами даромади юз миллиард сўмдан ошмаса.",Солиқ кодекси,2019-12-30 00:00:00,СК-337,2029-12-31 00:00:00
131,Фойда солиғи,(СК 337-м.) 1 қисм. 3 банд. Ўзи ишлаб чиқарган ўз қишлоқ хўжалиги маҳсулотини реализация қилишдан олинган фойда бўйича Солиқ Кодекснинг 57-м.да назарда тутилган мезонларга жавоб берувчи қишлоқ хўжалиги товар ишлаб чиқарувчилари ва балиқ хўжалиги корхоналари.,Солиқ кодекси,2019-12-30 00:00:00,СК-337,2029-12-31 00:00:00
132,Фойда солиғи,(СК 337-м.) 1 қисм. 4 банд. Ижтимоий соҳада фаолиятни амалга оширувчи солиқ тўловчилар.,Солиқ кодекси,2019-12-30 00:00:00,СК-337,2029-12-31 00:00:00
133,Фойда солиғи,(СК 337-м.) 1 қисм. 6 банд. Товарларни (ишларни) экспортга реализация қилишдан олинган фойда.,Солиқ кодекси,2019-12-30 00:00:00,СК-337,2029-12-31 00:00:00
134,Фойда солиғи,(СК 337-м.) 1 қисм. 9 банд. Ягона иштирокчилари ногиронлиги бўлган шахсларнинг жамоат бирлашмалари бўлган ва умумий ходимлар сонида ногиронлиги бўлган шахслар камида 50 фоизни ташкил этадиган ва ногиронлиги бўлган шахсларнинг меҳнатига ҳақ тўлаш жамғармаси меҳнатга ҳақ тўлаш умумий фондининг камида 50 фоизини ташкил этадиган солиқ тўловчилар.,Солиқ кодекси,2019-12-30 00:00:00,СК-337,2029-12-31 00:00:00
135,Фойда солиғи,"(СК 337-м.) 1 қисм. 8 банд.  Товарларнинг (ишларнинг, хизматларнинг) электрон савдосини амалга оширувчи солиқ тўловчилар",Солиқ кодекси,2022-12-30 00:00:00,СК-337,2029-12-31 00:00:00
136,ЖШДС,"(СК 369-м.) 1 қисм 1 банд. Ўзбекистон Республикасининг давлат мукофотларига ва давлат пул мукофотларига сазовор бўлган солиқ тўловчи олган бир йўла бериладиган давлат пул мукофоти ёки шунга тенг баҳодаги эсдалик совғаларининг қиймати, шунингдек Ўзбекистон Республикаси Президентининг ёки Ўзбекистон Республикаси Вазирлар Маҳкамасининг қарори асосида бир йўла бериладиган пул мукофоти ва совғалар жами даромад таркибига киритилмайди.",Солиқ кодекси,2019-12-30 00:00:00,СК-369,2029-12-31 00:00:00
137,ЖШДС,"(СК 369-м.) 1 қисм 2 банд. донорлик учун пул мукофотлари, шунингдек тиббиёт муассасаларининг ходимлари томонидан қон олганлик учун олинадиган суммалар жами даромад таркибига киритилмайди.",Солиқ кодекси,2019-12-30 00:00:00,СК-369,2029-12-31 00:00:00
138,ЖШДС,(СК 369-м.) 1 қисм 3 банд. олинган алиментлар жами даромад таркибига киритилмайди,Солиқ кодекси,2019-12-30 00:00:00,СК-369,2029-12-31 00:00:00
139,ЖШДС,(СК 369-м.) 1 қисм 4 банд. фуқаролар томонидан олинадиган суғурта товони суммалари жами даромад таркибига киритилмайди,Солиқ кодекси,2019-12-30 00:00:00,СК-369,2029-12-31 00:00:00
140,ЖШДС,(СК 369-м.) 1 қисм 5 банд. қонун ҳужжатларида белгиланган миқдорларда ва тартибда тўланадиган стипендиялар жами даромад таркибига киритилмайди.,Солиқ кодекси,2019-12-30 00:00:00,СК-369,2029-12-31 00:00:00
141,ЖШДС,(СК 369-м.) 1 қисм 6 банд. қонун ҳужжатларига мувофиқ уй-жой-коммунал хизматлар ҳақини тўлаш бўйича ҳар ойлик компенсация пул тўловлари жами даромад таркибига киритилмайди.,Солиқ кодекси,2019-12-30 00:00:00,СК-369,2029-12-31 00:00:00
142,ЖШДС,"(СК 369-м.) 1 қисм 7 банд. давлат пенсиялари, ижтимоий суғурта (ҳомиладорлик ва бола туғилганда бериладиган туғиш нафақалари, қўшимча дам олиш куни, дафн этиш) бўйича нафақалар",Солиқ кодекси,2019-12-30 00:00:00,СК-369,2029-12-31 00:00:00
143,ЖШДС,"(СК 369-м.) 1 қисм 8 банд. мажбурий жамғариб бориладиган пенсия бадаллари, улар бўйича фоизли даромадлар, шунингдек жамғариб бориладиган пенсия тўловлари",Солиқ кодекси,2019-12-30 00:00:00,СК-369,2029-12-31 00:00:00
144,ЖШДС,(СК 369-м.) 1 қисм 9 банд. қонун ҳужжатларида белгиланадиган тартибда ўзини ўзи банд қилган шахсларнинг меҳнат фаолияти натижасида олинган даромадлар,Солиқ кодекси,2019-12-30 00:00:00,СК-369,2029-12-31 00:00:00
145,ЖШДС,"(СК 369-м.) 2 қисм 10 банд. 2 хатб.  Солиқ агентларининг ушбу Кодекснинг 386-м.да назарда тутилган жисмоний шахс фойдасига амалга оширадиган меҳнатда майиб бўлганлик ёки соғлиққа бошқача тарзда шикаст етганлик билан боғлиқ зарарнинг ўрнини қоплаш бўйича жабрланувчи меҳнатда майиб бўлгунига қадар олган ўртача ойлик иш ҳақига нисбатан фоиз ҳисобидаги, унинг касбга оид меҳнат қобилиятини йўқотганлик даражасига мувофиқ белгиланадиган ҳар ойлик тўловлар (вояга етмаган шахс меҳнатда майиб бўлиб қолган тақдирда, зарарнинг ўрни унинг иш ҳақи (даромади) миқдоридан келиб чиққан ҳолда, лекин қонун ҳужжатларида белгиланган меҳнатга ҳақ тўлашнинг энг кам миқдорининг 1,76 бараваридан кам бўлмаган миқдорда қопланади) миқдордаги тўловлар харажатларига солиқ тўловчининг даромади сифатида қаралмайди.",Солиқ кодекси,2019-12-30 00:00:00,СК-369,2029-12-31 00:00:00
146,ЖШДС,"(СК 369-м.) 2 қисм 10 банд. 3 хатб.  Солиқ агентларининг ушбу Кодекснинг 386-м.да назарда тутилган жисмоний шахс фойдасига амалга оширадиган меҳнатда майиб бўлганлик ёки соғлиққа бошқача тарзда шикаст етганлик билан боғлиқ зарарнинг ўрнини қоплаш бўйича махсус тиббий парваришга муҳтож жабрланувчиларга қўшимча харажатлар учун ойига меҳнатга ҳақ тўлашнинг энг кам миқдорининг 70,3 фоизи миқдоридаги тўловлар миқдордаги тўловлар харажатларига солиқ тўловчининг даромади сифатида қаралмайди.",Солиқ кодекси,2019-12-30 00:00:00,СК-369,2029-12-31 00:00:00
147,ЖШДС,"(СК 369-м.) 2 қисм 10 банд. 4 хатб.  Солиқ агентларининг ушбу Кодекснинг 386-м.да назарда тутилган жисмоний шахс фойдасига амалга оширадиган меҳнатда майиб бўлганлик ёки соғлиққа бошқача тарзда шикаст етганлик билан боғлиқ зарарнинг ўрнини қоплаш бўйича жабрланувчининг маиший парвариши учун қўшимча харажатлар тариқасида ҳар ойда меҳнатга ҳақ тўлашнинг энг кам миқдорининг 17,6 фоизи миқдоридаги тўловлар миқдордаги тўловлар харажатларига солиқ тўловчининг даромади сифатида қаралмайди.",Солиқ кодекси,2019-12-30 00:00:00,СК-369,2029-12-31 00:00:00
148,ЖШДС,(СК 369-м.) 2 қисм 10 банд. 5 хатб.  Солиқ агентларининг ушбу Кодекснинг 386-м.да назарда тутилган жисмоний шахс фойдасига амалга оширадиган меҳнатда майиб бўлганлик ёки соғлиққа бошқача тарзда шикаст етганлик билан боғлиқ зарарнинг ўрнини қоплаш бўйича ходимнинг соғлиғига шикаст етказилганлиги муносабати билан иш берувчи томонидан бир йўла тўланадиган нафақа тариқасида жабрланувчининг йиллик ўртача иш ҳақи миқдоридаги тўловлар миқдордаги тўловлар харажатларига солиқ тўловчининг даромади сифатида қаралмайди.,Солиқ кодекси,2019-12-30 00:00:00,СК-369,2029-12-31 00:00:00
149,ЖШДС,"(СК 369-м.) 2 қисм 1 банд. Солиқ агентларининг ушбу Кодекснинг 386-м.да назарда тутилган жисмоний шахс фойдасига амалга оширадиган меҳнат шароитлари ноқулай бўлган ишларда банд бўлган ходимларни қонун ҳужжатларида белгиланган тартибда сут, даволаш-профилактика озиқ-овқати, газланган шўр сув, шахсий ҳимоя ва гигиена воситалари билан таъминлаш бўйича харажатларига солиқ тўловчининг даромади сифатида қаралмайди.",Солиқ кодекси,2019-12-30 00:00:00,СК-369,2029-12-31 00:00:00
150,ЖШДС,(СК 369-м.) 2 қисм 11 банд 2 хатб. Солиқ агентларининг ушбу Кодекснинг 386-м.да назарда тутилган жисмоний шахс фойдасига амалга оширадиган марҳумнинг ўртача иш ҳақининг вафот этган боқувчининг қарамоғида бўлган ва унинг вафоти муносабати билан зарарни ундиришга ҳақли бўлган меҳнатга қобилиятсиз шахсларга тўғри келадиган улуши миқдоридаги тўловлар харажатларига солиқ тўловчининг даромади сифатида қаралмайди.,Солиқ кодекси,2019-12-30 00:00:00,СК-369,2029-12-31 00:00:00
151,ЖШДС,(СК 369-м.) 2 қисм 11 банд 3 хатб. Солиқ агентларининг ушбу Кодекснинг 386-м.да назарда тутилган жисмоний шахс фойдасига амалга оширадиган боқувчиси вафот этганлиги муносабати билан боқувчиси вафот этганлиги муносабати билан зарарни ундиришга ҳақли бўлган шахсларга бир йўла тўланадиган нафақа тариқасида марҳумнинг ўртача йиллик иш ҳақининг олти баравари миқдоридаги тўловлар харажатларига солиқ тўловчининг даромади сифатида қаралмайди.,Солиқ кодекси,2019-12-30 00:00:00,СК-369,2029-12-31 00:00:00
152,ЖШДС,(СК 369-м.) 2 қисм 12 банд. Солиқ агентларининг ушбу Кодекснинг 386-м.да назарда тутилган жисмоний шахс фойдасига амалга оширадиган талабаларнинг таълим олиши учун Ўзбекистон Республикасининг олий ўқув юрти билан тўғридан-тўғри шартномалар бўйича пулли-контракт асосида ўтказиладиган тўловлар харажатларига солиқ тўловчининг даромади сифатида қаралмайди.,Солиқ кодекси,2019-12-30 00:00:00,СК-369,2029-12-31 00:00:00
153,ЖШДС,(СК 369-м.) 2 қисм 13 банд. Солиқ агентларининг ушбу Кодекснинг 386-м.да назарда тутилган жисмоний шахс фойдасига амалга оширадиган ходимларнинг малакасини ошириш ва уларни қайта тайёрлаш  харажатларига солиқ тўловчининг даромади сифатида қаралмайди.,Солиқ кодекси,2019-12-30 00:00:00,СК-369,2029-12-31 00:00:00
154,ЖШДС,"(СК 369-м.) 2 қисм 14 банд 2 хатб. Солиқ агентларининг ушбу Кодекснинг 386-м.да назарда тутилган жисмоний шахс фойдасига амалга оширадиган солиқ тўловчининг мижозларнинг товарлар ва хизматларни сотиб олиш фаоллигини оширишга қаратилган ва бонуслар (баллар, мижозни ушбу ташкилотлардан товарлар (хизматлар) сотиб олиш фаоллигини белгиловчи бошқа бирликлар) ҳисобланишини назарда тутувчи дастурларда иштироки натижасида ушбу дастурда белгиланган асослар бўйича олинган пул ва натура шаклидаги даромадлари. Даромадлар солиқ тўловчининг жами даромадига солиқ тўловчининг ушбу банднинг биринчи хатбошисида кўрсатилган дастурларда иштирок этиши очиқ оферта шартларисиз амалга оширилганда ҳолларда қўшилади харажатларига солиқ тўловчининг даромади сифатида қаралмайди.",Солиқ кодекси,2019-12-30 00:00:00,СК-369,2029-12-31 00:00:00
155,ЖШДС,"(СК 369-м.) 2 қисм 14 банд 4 хатб. Солиқ агентларининг ушбу Кодекснинг 386-м.да назарда тутилган жисмоний шахс фойдасига амалга оширадиган солиқ тўловчининг мижозларнинг товарлар ва хизматларни сотиб олиш фаоллигини оширишга қаратилган ва бонуслар (баллар, мижозни ушбу ташкилотлардан товарлар (хизматлар) сотиб олиш фаоллигини белгиловчи бошқа бирликлар) ҳисобланишини назарда тутувчи дастурларда иштироки натижасида ушбу дастурда белгиланган асослар бўйича олинган пул ва натура шаклидаги даромадлари. Даромадлар солиқ тўловчининг жами даромадига ушбу банднинг биринчи хатбошисида кўрсатилган ташкилотчи билан лавозим мажбуриятларини бажаришда меҳнат муносабатларида бўлган, шунингдек солиқ тўловчи томонидан товарлар етказиб берганлик (ишлар бажарганлик, хизматлар кўрсатганлик) учун ҳақ (мукофот) ёки моддий ёрдам сифатидаги тўлов шаклидаги даромад тўланганда ҳолларда солиқ тўловчининг даромади сифатида қаралмайди.",Солиқ кодекси,2019-12-30 00:00:00,СК-369,2029-12-31 00:00:00
156,ЖШДС,"(СК 369-м.) 2 қисм 15 банд 2 хатб.  фуқароларнинг ўзини ўзи бошқариш органлари, касаба уюшмалари, хайрия, экология жамғармалари ва Ўзбекистон Республикаси Президентининг қарорлари билан ташкил этилган бошқа жамғармалар томонидан кўрсатилган ёрдам: Уставда назарда тутилган фаолият доирасида бажарилган ишлар ва кўрсатилган хизматлар;",Солиқ кодекси,2020-04-01 00:00:00,СК-369,2029-12-31 00:00:00
157,ЖШДС,"(СК 369-м.) 2 қисм 15 банд 3 хатб.  фуқароларнинг ўзини ўзи бошқариш органлари, касаба уюшмалари, хайрия, экология жамғармалари ва Ўзбекистон Республикаси Президентининг қарорлари билан ташкил этилган бошқа жамғармалар томонидан кўрсатилган ёрдам: Уставда назарда тутилган фаолият доирасида бажарилган ишлар ва кўрсатилган хизматлар;",Солиқ кодекси,2020-04-01 00:00:00,СК-369,2029-12-31 00:00:00
158,ЖШДС,"(СК 369-м.) 2 қисм 15 банд 4 хатб.  фуқароларнинг ўзини ўзи бошқариш органлари, касаба уюшмалари, хайрия, экология жамғармалари ва Ўзбекистон Республикаси Президентининг қарорлари билан ташкил этилган бошқа жамғармалар томонидан кўрсатилган ёрдам: Уставда назарда тутилган фаолият доирасида бажарилган ишлар ва кўрсатилган хизматлар;",Солиқ кодекси,2020-04-01 00:00:00,СК-369,2029-12-31 00:00:00
159,ЖШДС,"(СК 369-м.) 2 қисм 2 банд. Солиқ агентларининг ушбу Кодекснинг 386-м.да назарда тутилган жисмоний шахс фойдасига амалга оширадиган касаба уюшмаси қўмитаси томонидан амалга ошириладиган тўловлар, шу жумладан аъзолик бадаллари ҳисобидан касаба уюшмаси аъзоларига бериладиган моддий ёрдам, бундан касаба уюшмаси қўмитасининг ходимларига меҳнат вазифаларини бажарганлик учун бериладиган пул мукофотлари ва бошқа тўловлар мустасно солиқ тўловчининг даромади сифатида қаралмайди.",Солиқ кодекси,2019-12-30 00:00:00,СК-369,2029-12-31 00:00:00
160,ЖШДС,(СК 369-м.) 2 қисм 3 банд. Солиқ агентларининг ушбу Кодекснинг 386-м.да назарда тутилган жисмоний шахс фойдасига амалга оширадиган фавқулодда ҳолатлар муносабати билан етказилган зарарлар суммаси доирасида бериладиган моддий ёрдам суммалари харажатларига солиқ тўловчининг даромади сифатида қаралмайди.,Солиқ кодекси,2019-12-30 00:00:00,СК-369,2029-12-31 00:00:00
161,ЖШДС,(СК 369-м.) 2 қисм 4 банд. Солиқ агентларининг ушбу Кодекснинг 386-м.да назарда тутилган жисмоний шахс фойдасига амалга оширадиган ходимларни иш жойига олиб бориш ва олиб қайтиш бўйича харажатлари харажатларига солиқ тўловчининг даромади сифатида қаралмайди.,Солиқ кодекси,2019-12-30 00:00:00,СК-369,2029-12-31 00:00:00
162,ЖШДС,"(СК 369-м.) 2 қисм 5 банд. Солиқ агентларининг ушбу Кодекснинг 386-м.да назарда тутилган жисмоний шахс фойдасига амалга оширадиган диний расм-русумлар ва маросимларни, байрам тантаналарини ўтказиш, вакиллик харажатлари, шаҳар йўловчилар транспортида ходимларнинг хизмат қатновлари учун фойдаланиладиган йўл карточкаларини олиш, шунингдек юридик шахснинг ходимларнинг меҳнат ва дам олиш шароитларини таъминлаш билан боғлиқ ҳамда муайян жисмоний шахсларнинг даромади ҳисобланмайдиган бошқа харажатлари харажатларига солиқ тўловчининг даромади сифатида қаралмайди.",Солиқ кодекси,2019-12-30 00:00:00,СК-369,2029-12-31 00:00:00
163,ЖШДС,"(СК 369-м.) 2 қисм 6 банд. Солиқ агентларининг ушбу Кодекснинг 386-м.да назарда тутилган жисмоний шахс фойдасига амалга оширадиган ходимга хизмат вазифаларини бажариш учун зарур бўлган махсус кийим-бош, махсус пойабзал, формали кийим-бош бериш харажатлари ёки уларни пасайтирилган баҳоларда сотиш муносабати билан қилинган харажатлар, шунингдек қонун ҳужжатларида назарда тутилган ҳолларда айрим тоифадаги ходимларни ўз хизмат вазифаларини бажариши чоғида озиқ-овқат билан таъминлаш бўйича харажатлар харажатларига солиқ тўловчининг даромади сифатида қаралмайди.",Солиқ кодекси,2019-12-30 00:00:00,СК-369,2029-12-31 00:00:00
164,ЖШДС,"(СК 369-м.) 2 қисм 7 банд. Солиқ агентларининг ушбу Кодекснинг 386-м.да назарда тутилган жисмоний шахс фойдасига амалга оширадиган ходим бошқа жойга ишга ўтказилганда ёхуд кўчиб борганда кўчиш, мол-мулкини кўчириб бориш, жой ижараси (йўл харажатлари учун бериладиган пул) билан боғлиқ харажатларни тўлаш ёки бу харажатларнинг ўрнини қоплаш харажатлари харажатларига солиқ тўловчининг даромади сифатида қаралмайди.",Солиқ кодекси,2019-12-30 00:00:00,СК-369,2029-12-31 00:00:00
165,ЖШДС,"(СК 369-м.) 2 қисм 8 банд. 2 хатб. Солиқ агентларининг ушбу Кодекснинг 386-м.да назарда тутилган жисмоний шахс фойдасига амалга оширадиган хизмат сафарларига оид тасдиқловчи ҳужжатлар асосида хизмат сафари жойига бориш ва у ердан қайтиб келиш учун, шу жумладан жой банд қилиш учун ҳақ тўлашни қўшган ҳолда ҳақиқатда амалга оширилган тўловлар. Йўл ҳужжатлари бўлмаган тақдирда, темир йўл транспортидаги (агар темир йўл қатнови бўлмаса, шаҳарлараро автобусдаги) йўл ҳақи қиймати миқдорида, лекин авиачипта қийматининг 30 фоизидан ошмайдиган миқдорда компенсация тўловлари харажатларига солиқ тўловчининг даромади сифатида қаралмайди.",Солиқ кодекси,2019-12-30 00:00:00,СК-369,2029-12-31 00:00:00
166,ЖШДС,"(СК 369-м.) 2 қисм 8 банд. 3 хатб. Солиқ агентларининг ушбу Кодекснинг 386-м.да назарда тутилган жисмоний шахс фойдасига амалга оширадиган хизмат сафарларига оид уй-жойни ижарага олиш бўйича ҳақиқатда амалга оширилган тўловлар. Яшаганлигини тасдиқловчи ҳужжатлар бўлмаган тақдирда, қонун ҳужжатларида белгиланган нормалар доирасида компенсация тўловлари харажатларига солиқ тўловчининг даромади сифатида қаралмайди.",Солиқ кодекси,2019-12-30 00:00:00,СК-369,2029-12-31 00:00:00
167,ЖШДС,(СК 369-м.) 2 қисм 8 банд. 4 хатб. Солиқ агентларининг ушбу Кодекснинг 386-м.да назарда тутилган жисмоний шахс фойдасига амалга оширадиган хизмат сафарларига оид тасдиқловчи ҳужжатлар асосида уй-жойни банд қилиш учун тўловлар компенсация тўловлари харажатларига солиқ тўловчининг даромади сифатида қаралмайди.,Солиқ кодекси,2019-12-30 00:00:00,СК-369,2029-12-31 00:00:00
168,ЖШДС,(СК 369-м.) 2 қисм 8 банд. 5 хатб. Солиқ агентларининг ушбу Кодекснинг 386-м.да назарда тутилган жисмоний шахс фойдасига амалга оширадиган хизмат сафарларига оид қонун ҳужжатларида белгиланган нормалар доирасида хизмат сафарида бўлинган вақт учун тўланадиган кундалик харажатлар учун ҳақ (суткалик пуллар) компенсация тўловлари харажатларига солиқ тўловчининг даромади сифатида қаралмайди.,Солиқ кодекси,2019-12-30 00:00:00,СК-369,2029-12-31 00:00:00
169,ЖШДС,(СК 369-м.) 2 қисм 8 банд. 6 хатб. Солиқ агентларининг ушбу Кодекснинг 386-м.да назарда тутилган жисмоний шахс фойдасига амалга оширадиган хизмат сафарларига оид қонун ҳужжатларида белгиланган нормалар доирасида хизмат сафарида бўлинган вақт учун тўланадиган кундалик харажатлар учун ҳақ (суткалик пуллар) компенсация тўловлари харажатларига солиқ тўловчининг даромади сифатида қаралмайди.,Солиқ кодекси,2019-12-30 00:00:00,СК-369,2029-12-31 00:00:00
170,ЖШДС,"(СК 369-м.) 9 қисм 2 банд. 2 хатб. Солиқ агентларининг ушбу Кодекснинг 386-м.да назарда тутилган жисмоний шахс фойдасига амалга оширадиган қонун ҳужжатларида назарда тутилган нормалар доирасида ходимга тўланадиган компенсация тўловлари (компенсациялар) доимий иши йўлда кечадиган, ҳаракатланиш ва (ёки) қатнов тусига эга бўлган, шунингдек вахта усулида ишларни бажаришда ходимга компенсация тўловлари (компенсациялар) харажатларига солиқ тўловчининг даромади сифатида қаралмайди.",Солиқ кодекси,2019-12-30 00:00:00,СК-369,2029-12-31 00:00:00
171,ЖШДС,"(СК 369-м.) 2 қисм 9 банд. 3 хатб. Солиқ агентларининг ушбу Кодекснинг 386-м.да назарда тутилган жисмоний шахс фойдасига амалга оширадиган қонун ҳужжатларида назарда тутилган нормалар доирасида ходимга тўланадиган компенсация тўловлари (компенсациялар) хизмат ишларида шахсий автомобилдан фойдаланганлик учун компенсация тўловлари (компенсациялар), бундан хизмат сафарлари мустасно харажатларига солиқ тўловчининг даромади сифатида қаралмайди.",Солиқ кодекси,2019-12-30 00:00:00,СК-369,2029-12-31 00:00:00
172,ЖШДС,(СК 369-м.) 2 қисм 9 банд. 4 хатб. Солиқ агентларининг ушбу Кодекснинг 386-м.да назарда тутилган жисмоний шахс фойдасига амалга оширадиган қонун ҳужжатларида назарда тутилган нормалар доирасида ходимга тўланадиган компенсация тўловлари (компенсациялар) дала таъминоти харажатларига солиқ тўловчининг даромади сифатида қаралмайди.,Солиқ кодекси,2019-12-30 00:00:00,СК-369,2029-12-31 00:00:00
173,ЖШДС,"(СК 369-м.) 2 қисм 9 банд. 5 хатб.  Солиқ агентларининг ушбу Кодекснинг 386-м.да назарда тутилган жисмоний шахс фойдасига амалга оширадиган қонун ҳужжатларида назарда тутилган нормалар доирасида ходимга тўланадиган компенсация тўловлари (компенсациялар) қонун ҳужжатларида назарда тутилган тартибда ва нормалар бўйича бошқа компенсация тўловлари (компенсациялар), бундан ушбу Кодекснинг 373 ва 377-моддаларида кўрсатилганлари мустасно харажатларига солиқ тўловчининг даромади сифатида қаралмайди.",Солиқ кодекси,2019-12-30 00:00:00,СК-369,2029-12-31 00:00:00
174,ЖШДС,(СК 369-м.) 1 қисм 10 банд. Ўзбекистон Республикаси ва Ўзбекистон Республикаси резидентлари бўлган юридик шахслар томонидан чиқарилган халқаро облигациялар бўйича даромадлар.,Солиқ кодекси,2019-12-30 00:00:00,СК-369,2029-12-31 00:00:00
175,ЖШДС,"(СК 369-м.) 2 қисм 14 банд 3 хатб. Солиқ агентларининг ушбу Кодекснинг 386-м.да назарда тутилган жисмоний шахс фойдасига амалга оширадиган солиқ тўловчининг мижозларнинг товарлар ва хизматларни сотиб олиш фаоллигини оширишга қаратилган ва бонуслар (баллар, мижозни ушбу ташкилотлардан товарлар (хизматлар) сотиб олиш фаоллигини белгиловчи бошқа бирликлар) ҳисобланишини назарда тутувчи дастурларда иштироки натижасида ушбу дастурда белгиланган асослар бўйича олинган пул ва натура шаклидаги даромадлари. Даромадлар солиқ тўловчининг жами даромадига солиқ тўловчи ушбу банднинг биринчи хатбошисида кўрсатилган мамлакатимиздаги ва чет эл ташкилотларининг дастурларига, уларда акцепт муддати ўттиз кундан кам ва (ёки) уларда оммавий офертани муддатидан олдин чақириб олиш имконияти назарда тутилган шартлар асосидаги очиқ офертага қўшилганда харажатларига солиқ тўловчининг даромади сифатида қаралмайди.",Солиқ кодекси,2019-12-30 00:00:00,СК-369,2029-12-31 00:00:00
176,ЖШДС,"(СК 369-м.) 2 қисм 15 банд 5 хатб.  фуқароларнинг ўзини ўзи бошқариш органлари, касаба уюшмалари, хайрия, экология жамғармалари ва Ўзбекистон Республикаси Президентининг қарорлари билан ташкил этилган бошқа жамғармалар томонидан кўрсатилган ёрдам: Уставда назарда тутилган фаолият доирасида бажарилган ишлар ва кўрсатилган хизматлар;",Солиқ кодекси,2020-04-01 00:00:00,СК-369,2029-12-31 00:00:00
177,ЖШДС,"(СК 378-м.) 16 банд. 4 хатбоши. олинган ипотека кредитларини ва улар бўйича ҳисобланган фоизларни солиқ даври давомида жами меҳнатга ҳақ тўлаш энг кам миқдорининг саксон бараваригача бўлган миқдорда қоплашга, башарти уй-жой фондининг кўчмас мулк объектларини сотиб олиш, қуриш ёки реконструксия қилиш дастлабки бадалнинг ва (ёки) ипотека кредити бўйича фоизларнинг бир қисмини қоплаш учун бюджетдан ажратилган субсидиялар ҳисобга олинган ҳолда амалга оширилган бўлса. Мазкур солиқ имтиёзи қарз олувчига ва (ёки) бирга қарз олувчиларга нисбатан, башарти уларнинг солиқ солинмайдиган даромадлари жами суммаси белгиланган миқдордан ошмаса, татбиқ этилади. Бунда ёш оила бўлган эр-хотиннинг олган ипотека кредитларини ҳамда улар бўйича ҳисобланган фоизларни тўлашга ёъналтирилган иш ҳақига ва бошқа даромадларига нисбатан солиқ имтиёзи эр-хотин ёки улардан бири белгиланган ёшга тўлгунига қадар, ушбу хатбошида бюджетдан ажратилган субсидиялар бўйича белгиланган шартлар инобатга олинмаган ҳолда қўлланилади. Агар 2023 йил 1 январдан кейин ипотека кредити ҳисобига сотиб олинган, қурилган ёки реконструксия қилинган уй-жой фондининг кўчмас мулк объектлари кўчмас мулкка бўлган ҳуқуқлар давлат рўйхатидан ўтказилган санадан эътиборан ўттиз олти ой ичида бошқа шахсга ўтказилган бўлса, солиқ имтиёзининг амал қилиши солиқ имтиёзини қўллашнинг бутун даври учун солиқни тўлаш мажбурияти тикланган ҳолда бекор қилинади;  ЎРҚ-812",Солиқ кодекси,2019-12-30 00:00:00,СК-378,2029-12-31 00:00:00
178,ЖШДС,"(СК 378-м.) 1-қисм 22-банд. Қуйидаги даромад турларига солиқ солинмайди: акциялар оммавий жойлаштирилганда корхоналар ходимларининг ўз ойлик иш ҳақидан ва унга тенглаштирилган тўловлардан ошмайдиган, ушбу корхоналар ходимларининг акцияларга эгалик қилиш режаси доирасида акцияларни сотиб олишга йўналтирилган маблағлари;",Солиқ кодекси,2019-12-30 00:00:00,СК-378,2029-12-31 00:00:00
179,ЖШДС,"(СК 378-м.) 1-қисм 23-банд. Қуйидаги даромад турларига солиқ солинмайди: солиқ тўловчилар иш ҳақининг ва бошқа даромадларининг маҳаллий фонд бозорида эмиссия қилинган қимматли қоғозларни сотиб олиш учун шахсий инвестиция ҳисобварағига йўналтириладиган қисми, қуйидаги шартларда:_x000D_
солиқ даври давомида жами меҳнатга ҳақ тўлаш энг кам миқдорининг юз бараваригача бўлган миқдорда;_x000D_
тўловлар ўсиб бормайдиган тартибда тўланганда ва бир йўла тўланадиган тўловларни шартноманинг амал қилиш муддати бошланган кундан эътиборан ўн икки ой ичида қайтариб олмаслик шарти билан. Ушбу банднинг шартлари бузилган ёхуд шартнома муддатидан олдин бекор қилинган ва пул маблағлари тўлиқ ёки қисман қайтарилган тақдирда, қайтариладиган маблағларга тўлов манбаида солиқ солиниши лозим.",Солиқ кодекси,2019-12-30 00:00:00,СК-378,2029-12-31 00:00:00
180,Фойда солиғи,"(СК 378-м.) 13 банд. жамғарма сертификатлари, давлат қимматли қоғозлари бўйича даромадлар, шунингдек банклардаги омонатлар бўйича фоизлар ва ютуқлар.",Солиқ кодекси,2019-12-30 00:00:00,СК-378,2029-12-31 00:00:00
181,Фойда солиғи,"(СК 378-м.) 16 банд. 2 хатбоши. солиқ тўловчининг Ўзбекистон Республикасининг олий ўқув юртларида таълим олиш (ўзининг, йигирма олти ёшга тўлмаган фарзандларининг ёки эрининг (хотинининг) таълим олиши) учун тўловга йўналтириладиган, солиқ солиниши лозим бўлган иш ҳақи ва бошқа даромадлари.",Солиқ кодекси,2019-12-30 00:00:00,СК-378,2029-12-31 00:00:00
182,Фойда солиғи,(СК 378-м.)  16-банди 3-қисми фарзандларига нодавлат мактабгача таълим ташкилотлари ва (ёки) мактаблар кўрсатадиган таълимга оид хизматлар учун ота-она (фарзандликка олувчилар) томонидан ҳар бир фарзанд учун тўланадиган ойига 3 миллион сўмгача бўлган тўловлар;,Солиқ кодекси,2019-12-30 00:00:00,СК-378,2029-12-31 00:00:00
183,Фойда солиғи,"(СК 378-м.) 3 банд. ўз ходимларига ҳамда уларнинг болаларига амбулатория ва (ёки) стационар тиббий хизмат кўрсатилганлиги учун иш берувчи томонидан тўланган суммалар, шунингдек иш берувчининг даволашга ҳамда тиббий хизмат кўрсатишга, ногиронлик профилактикаси ва ногиронлиги бўлган шахсларнинг саломатлигини тиклашга доир техник воситаларни олишга оид харажатлари. Ходимларни даволаганлик, уларга тиббий хизмат кўрсатганлик учун иш берувчилар томонидан соғлиқни сақлаш муассасаларига нақд пулсиз ҳақ тўланган тақдирда, шунингдек соғлиқни сақлаш ташкилотлари томонидан ёзиб берилган ҳужжатлар асосида ушбу мақсадлар учун мўлжалланган нақд пул маблағлари бевосита ходимга, ходим йўқлигида эса - унинг оила аъзоларига, ота-онасига берилган ёки мазкур мақсадлар учун мўлжалланган маблағлар ходимнинг банкдаги ҳисобварағига киритилган тақдирда, бу даромадлар солиқ солишдан озод қилинади.",Солиқ кодекси,2019-12-30 00:00:00,СК-378,2029-12-31 00:00:00
184,ЖШДС,"(СК 378-м.) 16 банд. 2 хатбоши. солиқ тўловчининг Ўзбекистон Республикасининг олий ўқув юртларида таълим олиш (ўзининг, фарзандларининг, шунингдек йигирма олти ёшга тўлмаган эрининг (хотинининг) таълим олиши) учун тўловга йўналтириладиган, солиқ солиниши лозим бўлган иш ҳақи ва бошқа даромадлари.",Солиқ кодекси,2019-12-30 00:00:00,СК-378,2029-12-31 00:00:00
185,ЖШДС,(СК 378-м.)  16-банди 3-қисми фарзандларига нодавлат мактабгача таълим ташкилотлари ва (ёки) мактаблар кўрсатадиган таълимга оид хизматлар учун ота-она (фарзандликка олувчилар) томонидан ҳар бир фарзанд учун тўланадиган ойига 3 миллион сўмгача бўлган тўловлар;,Солиқ кодекси,2019-12-30 00:00:00,СК-378,2029-12-31 00:00:00
186,ЖШДС,"(СК 378-м.) 10 банд. 2 хатбоши. иш берувчидан солиқ даври мобайнида меҳнатга ҳақ тўлашнинг энг кам миқдорининг 2,11 бараваригача бўлган қийматдаги ходимлар натура шаклида олган совғалар.",Солиқ кодекси,2019-12-30 00:00:00,СК-378,2029-12-31 00:00:00
187,ЖШДС,"(СК 378-м.) 10 банд. 3 хатбоши. иш берувчидан солиқ даври мобайнида меҳнатга ҳақ тўлашнинг энг кам миқдорининг 2,11 бараваригача бўлган қийматдаги илгари мазкур иш берувчининг ходимлари бўлган ишламаётган пенсионерлар ва меҳнат қобилиятини йўқотган шахслар, вафот этган ходимнинг оила аъзолари томонидан олинган совғалар ҳамда бошқа турлардаги ёрдам",Солиқ кодекси,2019-12-30 00:00:00,СК-378,2029-12-31 00:00:00
188,ЖШДС,"(СК 378-м.) 11 банд. 2 хатбоши. жисмоний шахслардан мерос ёки ҳадя тартибида, шунингдек текинга олинган пул ва натура шаклидаги даромадлар, бундан илм-фан, адабиёт ва санъат асарларининг, адабиёт ҳамда санъат асарлари ижрочиларининг, шунингдек кашфиётлар, ихтиролар ва саноат намуналари муаллифларининг меросхўрларига (ҳуқуқий ворисларига) тўланадиган пул мукофотлари мустасно",Солиқ кодекси,2019-12-30 00:00:00,СК-378,2029-12-31 00:00:00
189,ЖШДС,"(СК 378-м.) 12 банд. давлат заёмининг облигациялари бўйича ютуқлар, шунингдек Ўзбекистон Республикасининг давлат қимматли қоғозлари бўйича фоизлар.",Солиқ кодекси,2019-12-30 00:00:00,СК-378,2029-12-31 00:00:00
190,ЖШДС,"(СК 378-м.) 1 банд. 2 хатбоши. вафот этган ходимнинг оила аъзоларига ёки оила аъзоси вафот этганлиги муносабати билан ходимга бериладиган моддий ёрдам суммалари - меҳнатга ҳақ тўлашнинг энг кам миқдорининг 4,22 бараваригача миқдорда моддий ёрдам суммалари.",Солиқ кодекси,2019-12-30 00:00:00,СК-378,2029-12-31 00:00:00
191,ЖШДС,"(СК 378-м.) 1 банд. 3 хатбоши. ушбу Кодекснинг 377-м.да кўрсатилган бошқа ҳолларда, - солиқ даври учун меҳнатга ҳақ тўлашнинг энг кам миқдорининг 4,22 бараваригача миқдорда моддий ёрдам суммалари.",Солиқ кодекси,2019-12-30 00:00:00,СК-378,2029-12-31 00:00:00
192,ЖШДС,"(СК 378-м.) 14 банд. нодавлат нотижорат ташкилотларидан, халқаро ҳамда чет эл ташкилотлари ва фондларидан, шунингдек ваколатли органнинг хулосаси мавжуд бўлса, Ўзбекистон Республикасининг илмий-техника ҳамкорлиги соҳасидаги халқаро шартномалари доирасида солиқ тўловчи грант берувчидан бевосита олган грантнинг суммаси.",Солиқ кодекси,2019-12-30 00:00:00,СК-378,2029-12-31 00:00:00
193,ЖШДС,"(СК 378-м.) 16 банд. 3 хатбоши. солиқ тўловчининг солиқ базасининг 50 фоизидан ошмаган ҳолда, меценатлик кўмагини кўрсатишга йўналтириладиган, солиқ солиниши лозим бўлган иш ҳақи ва бошқа даромадлари",Солиқ кодекси,2019-12-30 00:00:00,СК-378,2029-12-31 00:00:00
194,ЖШДС,"(СК 378-м.) 16 банд. 5 хатбоши. солиқ тўловчининг фуқароларнинг Ўзбекистон Республикаси Халқ банкидаги ихтиёрий равишда шахсий жамғариб бориладиган пенсия ҳисобварақларига йўналтириладиган, солиқ солиниши лозим бўлган иш ҳақи ва бошқа даромадлари",Солиқ кодекси,2019-12-30 00:00:00,СК-378,2029-12-31 00:00:00
195,ЖШДС,"(СК 378-м.) 17 банд. жисмоний шахслардан текин (шу жумладан ҳадя шартномалари бўйича) олинган улушлар, пайлар ва акциялар тарзидаги даромадлар, агар бу улушларни, пайларни ва акцияларни бериш яқин қариндошлар ўртасида амалга оширилса.",Солиқ кодекси,2019-12-30 00:00:00,СК-378,2029-12-31 00:00:00
196,ЖШДС,(СК 378-м.) 18 банд. пахта йиғим-терими бўйича қишлоқ хўжалиги ишларига жалб қилинадиган солиқ тўловчиларнинг бу ишларни бажарганлик учун олган даромадлари.,Солиқ кодекси,2019-12-30 00:00:00,СК-378,2029-12-31 00:00:00
197,ЖШДС,(СК 378-м.) 19 банд. солиқ тўловчи бўлган қимматбаҳо металлар қидирувчиларнинг қонун ҳужжатларида белгиланган тартибда қазиб олиш йўли билан эга бўлган қимматбаҳо металларни реализация қилишдан олган даромадлари.,Солиқ кодекси,2019-12-30 00:00:00,СК-378,2029-12-31 00:00:00
198,ЖШДС,"(СК 378-м.) 2 банд. 2 хатбоши. солиқ агенти томонидан қуйидаги йўлланмалар қийматини тўлиқ ёки қисман қоплаш суммалари, бундан туристик йўлланмалар мустасно, Ўзбекистон Республикаси ҳудудида жойлашган санаторий-курорт ва соғломлаштириш муассасаларига йўлланмалар қийматини ногиронлиги бўлган шахсларга, шу жумладан ушбу иш берувчида ишламайдиган ногиронлиги бўлган шахсларга тўлиқ ёки қисман қоплаш суммалари.",Солиқ кодекси,2019-12-30 00:00:00,СК-378,2029-12-31 00:00:00
199,ЖШДС,"(СК 378-м.) 2 банд. 3 хатбоши. солиқ агенти томонидан қуйидаги йўлланмалар қийматини тўлиқ ёки қисман қоплаш суммалари, бундан туристик йўлланмалар мустасно, Ўзбекистон Республикаси ҳудудида жойлашган болалар оромгоҳлари ва бошқа соғломлаштириш оромгоҳлари, шунингдек санаторий-курорт ҳамда соғломлаштириш муассасаларига ўз ходимларининг ўн олти ёшгача болалари (ўқийдиганларга - ўн саккиз ёшгача) учун йўлланмалар қийматини тўлиқ ёки қисман қоплаш суммалари.",Солиқ кодекси,2019-12-30 00:00:00,СК-378,2029-12-31 00:00:00
200,ЖШДС,"(СК 378-м.) 3 банд. ўз ходимларига ҳамда уларнинг болаларига амбулатория ва (ёки) стационар тиббий хизмат кўрсатилганлиги учун иш берувчи томонидан тўланган суммалар, шунингдек иш берувчининг даволашга ҳамда тиббий хизмат кўрсатишга, ногиронлик профилактикаси ва ногиронлиги бўлган шахсларнинг саломатлигини тиклашга доир техник воситаларни олишга оид харажатлари. Ходимларни даволаганлик, уларга тиббий хизмат кўрсатганлик учун иш берувчилар томонидан соғлиқни сақлаш муассасаларига нақд пулсиз ҳақ тўланган тақдирда, шунингдек соғлиқни сақлаш ташкилотлари томонидан ёзиб берилган ҳужжатлар асосида ушбу мақсадлар учун мўлжалланган нақд пул маблағлари бевосита ходимга, ходим йўқлигида эса - унинг оила аъзоларига, ота-онасига берилган ёки мазкур мақсадлар учун мўлжалланган маблағлар ходимнинг банкдаги ҳисобварағига киритилган тақдирда, бу даромадлар солиқ солишдан озод қилинади.",Солиқ кодекси,2019-12-30 00:00:00,СК-378,2029-12-31 00:00:00
201,ЖШДС,(СК 378-м.) 4 банд. Ўзбекистон Республикаси фуқароларининг Ўзбекистон Республикасидан ташқарига ишлаш учун юборилиши муносабати билан қонун ҳужжатларида белгиланган суммалар доирасида бюджет ташкилотларидан чет эл валютасида олинган иш ҳақи суммалари ва бошқа суммалар.,Солиқ кодекси,2019-12-30 00:00:00,СК-378,2029-12-31 00:00:00
202,ЖШДС,"(СК 378-м.) 5 банд. вақтинчалик бир марталик ишларни бажаришдан олинган даромадлар, агар бундай ишларга ёллаш вақтинчалик бир марталик иш билан таъминлаш марказлари кўмагида амалга оширилаётган бўлса.",Солиқ кодекси,2019-12-30 00:00:00,СК-378,2029-12-31 00:00:00
203,ЖШДС,(СК 378-м.) 6 банд. халқаро спорт мусобақаларида совринли ўринларни эгаллаганлиги учун спортчилар олган бир йўла бериладиган пул мукофоти.,Солиқ кодекси,2019-12-30 00:00:00,СК-378,2029-12-31 00:00:00
204,ЖШДС,"(СК 378-м.) 7-банди. Жисмоний шахсга хусусий мулк ҳуқуқи асосида тегишли бўлган мол-мулкни сотишдан олинадиган даромадлар, бундан қуйидагиларни сотишдан олинган даромадлар мустасно: қимматли қоғозларни (бундан фонд биржасида реализация қилинадиган эмиссиявий қимматли қоғозлар мустасно), юридик шахсларнинг устав фондидаги (устав капиталидаги) улушларини (пайларини); нотурар жойларни; ўттиз олти календарь ойдан кам муддатда жисмоний шахснинг мулкида бўлган турар жойларни.",Солиқ кодекси,2019-12-30 00:00:00,СК-378,2029-12-31 00:00:00
205,ЖШДС,"(СК 378-м.) 8 банд. уй хўжалигида, шу жумладан деҳқон хўжалигида етиштирилган ҳайвонларни (қорамолларни, паррандаларни, мўйнали ва бошқа ҳайвонларни, балиқлар ва ҳоказоларни) тирик ҳолда ҳамда уларни сўйиб маҳсулотларини хом ёки қайта ишланган ҳолда сотишдан (бундан саноатда қайта ишлаш мустасно) чорвачилик, асаларичилик ва деҳқончилик маҳсулотларини табиий ва қайта ишланган ҳолда сотишдан олинадиган даромадлар, бундан манзарали боғдорчилик (гулчилик) маҳсулотлари мустасно.",Солиқ кодекси,2019-12-30 00:00:00,СК-378,2029-12-31 00:00:00
206,ЖШДС,(СК 378-м.) 9 банд. халқаро ҳамда республика танловлари ва мусобақаларида олинган буюм тарзидаги совринларнинг қиймати.,Солиқ кодекси,2019-12-30 00:00:00,СК-378,2029-12-31 00:00:00
207,ЖШДС,"(СК 378-м.) 20 банд фуқароларнинг ўзини ўзи бошқариш органлари, касаба уюшмалари, хайрия ва экология жамғармалари томонидан солиқ тўловчиларга бериладиган нафақалар, шунингдек пул маблағлари тарзидаги ёрдамнинг бошқа турлари, бироқ солиқ даври мобайнида ўн беш миллион сўмдан ошмаган ҳолда.",Солиқ кодекси,2020-04-01 00:00:00,СК-378,2029-12-31 00:00:00
208,ЖШДС,"(СК 378-м.) 21 банд.  2 хатбоши солиқ тўловчининг солиқ даври давомида қуйидагиларни тўлаш учун йўналтириладиган, базавий ҳисоблаш миқдорининг саккиз бараваригача бўлган миқдордаги иш ҳақи суммалари ва бошқа даромадлари:_x000D_
халқаро ташкилотларга аъзолик бадалларини, тегишли халқаро ташкилот аъзоси сифатида бундай бадалларнинг тўланганлиги тўғрисида ҳужжат мавжуд бўлганда;",Солиқ кодекси,2019-12-30 00:00:00,СК-378,2029-12-31 00:00:00
209,ЖШДС,"(СК 378-м.) 21 банд.  3 хатбоши солиқ тўловчининг солиқ даври давомида қуйидагиларни тўлаш учун йўналтириладиган, базавий ҳисоблаш миқдорининг саккиз бараваригача бўлган миқдордаги иш ҳақи суммалари ва бошқа даромадлари: қайта тайёрлаш ва малака ошириш учун нодавлат таълим ташкилотларига тўловларни, курсни тугатганлик тўғрисида шундай ташкилотлар томонидан берилган ҳужжат мавжуд бўлганда.",Солиқ кодекси,2019-12-30 00:00:00,СК-378,2029-12-31 00:00:00
210,ЖШДС,"(СК 378-м.) 11 банд. 3 хатбоши. жисмоний шахслардан мерос ёки ҳадя тартибида, шунингдек текинга олинган пул ва натура шаклидаги даромадлар, бундан яқин қариндош бўлмаган шахслар ўртасидаги кўчмас мулк, автотранспорт воситалари, қимматли қоғозлар, юридик шахсларнинг устав фондларидаги (устав капиталларидаги) улушлар мустасно",Солиқ кодекси,2019-12-30 00:00:00,СК-378,2029-12-31 00:00:00
211,ЖШДС,"(СК 379-м.) 1 банд. чет давлатлар дипломатик ваколатхоналарининг бошлиқлари ва ходимлари, консуллик муассасаларининг мансабдор шахслари, уларнинг ўзлари билан бирга яшайдиган оила аъзолари, агар улар Ўзбекистон Республикасининг фуқароси бўлмаса - Ўзбекистон Республикасидаги манбалардан олинадиган, дипломатлик ва консуллик хизмати билан боғлиқ бўлмаган даромадларидан ташқари барча даромадлари бўйича.",Солиқ кодекси,2019-12-30 00:00:00,СК-379,2029-12-31 00:00:00
212,ЖШДС,"(СК 379-м.) 2 банд. чет давлатлар дипломатик ваколатхоналари ва консуллик муассасаларининг маъмурий-техник ходимлари ҳамда уларнинг ўзлари билан бирга яшайдиган оила аъзолари, агар улар Ўзбекистон Республикаси фуқароси бўлмаса ёки Ўзбекистон Республикасида доимий яшамаса, - Ўзбекистон Республикасидаги манбалардан олинадиган, дипломатлик ва консуллик хизмати билан боғлиқ бўлмаган даромадларидан ташқари барча даромадлари бўйича.",Солиқ кодекси,2019-12-30 00:00:00,СК-379,2029-12-31 00:00:00
213,ЖШДС,"(СК 379-м.) 3 банд. чет давлатларнинг дипломатик ваколатхоналарига, консуллик муассасаларига хизмат кўрсатадиган ходимлар таркибига кирган шахслар, агар улар Ўзбекистон Республикаси фуқароси бўлмаса ёки Ўзбекистон Республикасида доимий яшамаса - ўз хизмати юзасидан оладиган барча даромадлари бўйича.",Солиқ кодекси,2019-12-30 00:00:00,СК-379,2029-12-31 00:00:00
214,ЖШДС,"(СК 379-м.) 4 банд. чет давлатлар дипломатик ваколатхоналари ва консуллик муассасалари ходимларининг уйларида ишловчилар, агар улар Ўзбекистон Республикасининг фуқароси бўлмаса ёки Ўзбекистон Республикасида доимий яшамаса - ўз хизмати юзасидан оладиган барча даромадлари бўйича",Солиқ кодекси,2019-12-30 00:00:00,СК-379,2029-12-31 00:00:00
215,ЖШДС,"(СК 379-м.) 5 банд. халқаро ноҳукумат ташкилотларининг мансабдор шахслари - агар улар Ўзбекистон Республикасининг фуқароси бўлмаса, уларнинг ушбу ташкилотларда олган даромадлари бўйича.",Солиқ кодекси,2019-12-30 00:00:00,СК-379,2029-12-31 00:00:00
216,ЖШДС,"(СК 380-м.) 1 банд. ""Ўзбекистон Қаҳрамони"", Совет Иттифоқи Қаҳрамони, Меҳнат Қаҳрамони унвонларига сазовор бўлган шахслар, учала даражадаги Шуҳрат ордени билан тақдирланган шахслар. Бу имтиёз тегишинча ""Ўзбекистон Қаҳрамони"" унвони берилганлиги тўғрисидаги гувоҳнома, Совет Иттифоқи Қаҳрамони, Меҳнат Қаҳрамони дафтарчалари, орден дафтарчаси ёки мудофаа ишлари бўйича бўлимнинг маълумотномаси асосида берилади.",Солиқ кодекси,2019-12-30 00:00:00,СК-380,2029-12-31 00:00:00
217,ЖШДС,"(СК 380-м.) 2 банд. уруш ногиронлари ва иштирокчилари, шунингдек уларга тенглаштирилган ва доираси қонун ҳужжатларида белгиланадиган шахслар. Бу имтиёз уруш ногиронининг (иштирокчисининг) тегишли гувоҳномаси ёки мудофаа ишлари бўйича бўлимнинг ёхуд бошқа ваколатли органнинг маълумотномаси асосида, бошқа ногиронларга (иштирокчиларга) ногироннинг (иштирокчининг) имтиёзларга бўлган ҳуқуқи тўғрисидаги гувоҳнома асосида берилади.",Солиқ кодекси,2019-12-30 00:00:00,СК-380,2029-12-31 00:00:00
218,ЖШДС,"(СК 380-м.) 3 банд. болаликдан ногиронлиги бўлган шахслар, шунингдек I ва II гуруҳ ногиронлиги бўлган шахслар. Бу имтиёз пенсия гувоҳномаси ёки тиббий-меҳнат эксперт комиссиясининг маълумотномаси асосида берилади.",Солиқ кодекси,2019-12-30 00:00:00,СК-380,2029-12-31 00:00:00
219,ЖШДС,"(СК 380-м.) 4 банд. собиқ СССРни, Ўзбекистон Республикасининг конституциявий тузумини ҳимоя қилиш ёки ҳарбий хизматнинг ёхуд ички ишлар органларидаги хизматнинг бошқа мажбуриятларини бажариш чоғида яраланганлиги, контузия бўлганлиги ёки шикастланганлиги оқибатида ёхуд фронтда бўлиш билан боғлиқ касаллик туфайли ҳалок бўлган ҳарбий хизматчиларнинг ҳамда ички ишлар органлари ходимларининг ота-оналари ва бева хотинлари (бева эрлари).",Солиқ кодекси,2019-12-30 00:00:00,СК-380,2029-12-31 00:00:00
220,ЖШДС,(СК 380-м.) 5 банд. икки ва ундан ортиқ ўн олти ёшга тўлмаган болалари бор ёлғиз оналар. Бу имтиёз ҳар бир бола учун фуқаролик ҳолати далолатномаларини ёзиш органлари томонидан тақдим этиладиган маълумотнома асосида берилади.,Солиқ кодекси,2019-12-30 00:00:00,СК-380,2029-12-31 00:00:00
221,ЖШДС,"(СК 380-м.) 6 банд. икки ва ундан ортиқ ўн олти ёшга тўлмаган болалари бор ҳамда боқувчисини йўқотганлик учун пенсия олмайдиган бева аёл ва бева эркаклар. Бу имтиёз эрнинг (хотиннинг) вафот этганлиги тўғрисидаги гувоҳнома, болалар туғилганлиги тўғрисидаги гувоҳномалар, янги никоҳдан ўтмаганлик ҳамда Ўзбекистон Республикаси Молия вазирлиги ҳузуридаги бюджетдан ташқари Пенсия жамғармаси туман (шаҳар) бўлимининг боқувчисини йўқотганлик учун пенсия олинмаслиги ҳақидаги маълумотномаси тақдим этилган тақдирда берилади.",Солиқ кодекси,2019-12-30 00:00:00,СК-380,2029-12-31 00:00:00
222,ЖШДС,"(СК 380-м.) 7 банд. болалигидан ногиронлиги бўлган шахс, доимий парваришни талаб этадиган фарзанди билан бирга яшаб, уни тарбиялаётган ота ёки она. Бу имтиёз пенсия гувоҳномаси ёки соғлиқни сақлаш муассасасининг доимий парвариш зарурлигини тасдиқловчи тиббий маълумотномаси асосида берилади.",Солиқ кодекси,2019-12-30 00:00:00,СК-380,2029-12-31 00:00:00
223,ЖШДС,"382-модда. Ўзбекистон Республикасининг норезидентлари бўлган жисмоний шахслар учун солиқ ставкалари: Ушбу Кодексга мувофиқ аниқланадиган, халқаро ташишларда транспорт хизматлари тақдим этишдан олинадиган даромадлар (фрахтдан олинадиган даромадлар) бўйича пасайтирилган ставка (6 фоиз)",Солиқ кодекси,2019-12-30 00:00:00,СК-382,2029-12-31 00:00:00
224,Ижтимоий солиқ,"(СК 403-м.) 4-қисм. 2-хатбоши. Иш берувчининг ходимга меҳнатда майиб бўлганлиги ёки соғлигига бошқача шикаст етганлиги билан боғлиқ зарарнинг ўрнини қоплаш тарзидаги, ушбу Кодекс 369-м. иккинчи қисмининг 10-бандида кўрсатилган миқдорлардан ортиқча харажатлари солиқ солиш объекти ҳисобланмайди",Солиқ кодекси,2019-12-30 00:00:00,СК-403,2029-12-31 00:00:00
225,Ижтимоий солиқ,(СК 403-м.) 4-қисм. 3-хатбоши. Пахта йиғим-терими бўйича мавсумий қишлоқ хўжалиги ишларига жалб қилинган жисмоний шахсларнинг бу ишларни бажарганлиги учун меҳнат ҳақи тўлашга доир харажатлар солиқ солиш объекти ҳисобланмайди,Солиқ кодекси,2019-12-30 00:00:00,СК-403,2029-12-31 00:00:00
226,Ижтимоий солиқ,"(СК 405-м.) 1-қисм. 4-банди.  Ихтисослаштирилган сехлар, участкалар ва корхоналарда ишловчи ногиронлиги бўлган шахслар меҳнатидан фойдаланувчи солиқ тўловчилар 4,7 ставкса",Солиқ кодекси,2019-12-30 00:00:00,СК-405,2029-12-31 00:00:00
227,Мол-мулк солиғи,(СК 411-м) 3-қисм. 1-банд.  Қуйидаги кўчмас мулк объектлари солиқ солиш объекти ҳисобланмайди: нотижорат ташкилотлари томонидан нотижорат фаолиятини амалга ошириш доирасида фойдаланиладиган объектлар,Солиқ кодекси,2019-12-30 00:00:00,СК-411,2029-12-31 00:00:00
228,Мол-мулк солиғи,(СК 411-м) 3-қисм. 2-банд.  Қуйидаги кўчмас мулк объектлари солиқ солиш объекти ҳисобланмайди: турар жой-коммунал хўжалигининг ва белгиланган мақсади бўйича фойдаланиладиган бошқа умумфуқаровий аҳамиятга молик шаҳар хўжалиги объектлари.,Солиқ кодекси,2019-12-30 00:00:00,СК-411,2029-12-31 00:00:00
229,Мол-мулк солиғи,(СК 411-м) 3-қисм. 3-банд. Қуйидаги кўчмас мулк объектлари солиқ солиш объекти ҳисобланмайди: умумий фойдаланишдаги автомобиль йўллари;,Солиқ кодекси,2019-12-30 00:00:00,СК-411,2029-12-31 00:00:00
230,Мол-мулк солиғи,(СК 411-м) 3-қисм. 4-банд. Қуйидаги кўчмас мулк объектлари солиқ солиш объекти ҳисобланмайди: суғориш ва коллектор-дренаж тармоқлари;,Солиқ кодекси,2019-12-30 00:00:00,СК-411,2029-12-31 00:00:00
231,Мол-мулк солиғи,"(СК 411-м) 3-қисм. 5-банд. Қуйидаги кўчмас мулк объектлари солиқ солиш объекти ҳисобланмайди: солиқ тўловчининг балансида бўлган ҳамда тадбиркорлик фаолиятида фойдаланилмаётган, фуқаро муҳофазаси ва сафарбарлик аҳамиятига молик объектлар;",Солиқ кодекси,2019-12-30 00:00:00,СК-411,2029-12-31 00:00:00
232,Мол-мулк солиғи,"(СК 411-м) 3-қисм. 6-банд. Қуйидаги кўчмас мулк объектлари солиқ солиш объекти ҳисобланмайди: табиатни муҳофаза қилиш ва санитария-тозалаш мақсадлари, ёнғин хавфсизлиги учун фойдаланиладиган объектлар.",Солиқ кодекси,2019-12-30 00:00:00,СК-411,2029-12-31 00:00:00
233,Мол-мулк солиғи,(СК 411-м) 3-қисм. 7-банд. Қуйидаги кўчмас мулк объектлари солиқ солиш объекти ҳисобланмайди: ер участкалари,Солиқ кодекси,2019-12-30 00:00:00,СК-411,2029-12-31 00:00:00
234,Мол-мулк солиғи,"(СК 414-м.) 1 қисми 1 банди. маданият ва санъат, таълим, соғлиқни сақлаш, жисмоний тарбия ва спорт, ижтимоий таъминот объектларининг.",Солиқ кодекси,2019-12-30 00:00:00,СК-414,2029-12-31 00:00:00
235,Мол-мулк солиғи,"(СК 414-м.) 1 қисми 2 банди. қишлоқ хўжалиги маҳсулотларини етиштириш ва сақлаш учун, шунингдек ипак қурти етиштириш учун фойдаланиладиган қишлоқ хўжалиги корхоналари балансида бўлган мол-мулкнинг.",Солиқ кодекси,2019-12-30 00:00:00,СК-414,2029-12-31 00:00:00
236,Мол-мулк солиғи,"(СК 414-м.) 1 қисми 3 банди.  Янги нефть ва газ қудуқларининг — улар фойдаланишга топширилган ойдан бошлаб икки йил муддатга._x000D_
Ушбу модда биринчи қисмининг 3-бандида назарда тутилган янги нефть ва газ қудуқларига нисбатан солиқ имтиёзларининг амал қилиш муддати тугагандан кейин уч йил давомида белгиланган солиқ ставкасининг 50 фоизга камайтирилган солиқ ставкаси қўлланилади.",Солиқ кодекси,2019-12-30 00:00:00,СК-414,2029-12-31 00:00:00
237,Мол-мулк солиғи,(СК 414-м.) 2-қисми 1-банд ягона иштирокчилари ногиронлиги бўлган шахсларнинг жамоат бирлашмалари бўлган ва ходимларининг умумий сонида ногиронлиги бўлган шахслар камида 50 фоизни ташкил этадиган ҳамда ногиронлиги бўлган шахсларнинг меҳнатига ҳақ тўлаш фонди меҳнатга ҳақ тўлаш умумий фондининг камида 50 фоизини ташкил этадиган юридик шахслар;,Солиқ кодекси,2019-12-30 00:00:00,СК-414,2029-12-31 00:00:00
238,Мол-мулк солиғи,"(СК 414-м.) 2-қисми 2-банд қайта тикланувчи энергия манбалари қурилмаларини (номинал қуввати 0,1 МВт ва ундан ортиқ бўлган) ўрнатганлик учун қайта тикланувчи энергия манбаларидан энергия ишлаб чиқарувчилар, улар фойдаланишга жорий этилган пайтдан эътиборан ўн йил муддатга.",Солиқ кодекси,2019-12-30 00:00:00,СК-414,2029-12-31 00:00:00
239,Мол-мулк солиғи,"(СК-414-модда. 3-қисм. 3-банди. Қуйидагилар солиқдан озод қилинади: қишлоқ жойларда жойлашган (бундан шаҳарлар ва туманларнинг марказлари мустасно) антенна-мачта металл конструкциялари, шу жумладан уларга ўрнатилган ҳамда уларнинг ажралмас қисми бўлган конструкциялар;)",Солиқ кодекси,2022-06-26 00:00:00,СК-414,2029-12-31 00:00:00
240,Ер солиғи,"(СК 424-м.) 2-қисм  Туман (шаҳар) ҳокими билан тузилган ер участкасининг ижара шартномаси асосида берилган ер участкалари учун тўланадиган ижара тўлови ер солиғига тенглаштирилади. Ер участкаларини ижарага олган юридик шахсларга юридик шахслардан олинадиган ер солиғини тўловчилар учун белгиланган солиқ ставкалари, солиқ имтиёзлари, солиқни ҳисоблаб чиқариш, солиқ ҳисоботини тақдим этиш ва солиқни тўлаш тартиби татбиқ этилади.",Солиқ кодекси,2019-12-30 00:00:00,СК-424,2029-12-31 00:00:00
241,Ер солиғи,(СК 426-м.) 2-қисм 1-хатбоши Қуйидаги ер участкалари солиқ солиш объекти сифатида ҳисобланмайди: нотижорат ташкилотлари томонидан нотижорат фаолияти доирасида фойдаланиладиган ерлар;,Солиқ кодекси,2019-12-30 00:00:00,СК-426,2029-12-31 00:00:00
242,Ер солиғи,(СК 426-м.) 2-қисм  10-банди Қуйидаги ер участкалари солиқ солиш объекти сифатида ҳисобланмайди: юридик шахс балансида бўлган ва фуқаро муҳофазаси ҳамда сафарбарлик аҳамиятига молик алоҳида жойлашган объектлар эгаллаган ерлар;,Солиқ кодекси,2019-12-30 00:00:00,СК-426,2029-12-31 00:00:00
243,Ер солиғи,"(СК 426-м.) 2-қисм  11-банди Қуйидаги ер участкалари солиқ солиш объекти сифатида ҳисобланмайди: коммунал-маиший аҳамиятга молик ерлар (дафн этиш жойлари, маиший, қурилиш ва бошқа чиқиндиларни йиғиш, қайтадан ортиш ва саралаш жойлари, шунингдек чиқиндиларни зарарсизлантириш ҳамда утилизация қилиш жойлари);",Солиқ кодекси,2019-12-30 00:00:00,СК-426,2029-12-31 00:00:00
244,Ер солиғи,"(СК 426-м.) 2-қисм  12-хатбоши  Қуйидаги ер участкалари солиқ солиш объекти сифатида ҳисобланмайди: кўп квартирали уйлар эгаллаган ерлар, бундан яшаш учун мўлжалланмаган кўчмас мулк объектлари эгаллаган ер участкалари мустасно;",Солиқ кодекси,2019-12-30 00:00:00,СК-426,2029-12-31 00:00:00
245,Ер солиғи,(СК 426-м.) 2-қисм  13-хатбоши  Қуйидаги ер участкалари солиқ солиш объекти сифатида ҳисобланмайди: сув фонди;,Солиқ кодекси,2019-12-30 00:00:00,СК-426,2029-12-31 00:00:00
246,Ер солиғи,(СК 426-м.) 2-қисм  14-хатбоши Қуйидаги ер участкалари солиқ солиш объекти сифатида ҳисобланмайди: захиралар.,Солиқ кодекси,2019-12-30 00:00:00,СК-426,2029-12-31 00:00:00
247,Ер солиғи,(СК 426-м.) 2-қисм  14-хатбоши Қуйидаги ер участкалари солиқ солиш объекти сифатида ҳисобланмайди: геология-қидирув ва (ёки) изланиш ишларини ўтказиш учун ажратилган ер участкалари.,Солиқ кодекси,2019-12-30 00:00:00,СК-426,2029-12-31 00:00:00
248,Ер солиғи,"(СК 426-м.) 2-қисм  2-хатбоши Қуйидаги ер участкалари солиқ солиш объекти сифатида ҳисобланмайди: аҳоли пунктларининг, боғдорчилик, узумчилик ёки полизчилик ширкатларининг умумий фойдаланишдаги ерлари (майдонлар, кўчалар, тор кўчалар, йўллар, шахобча йўллар, суғориш тармоқлари, коллекторлар, соҳил бўйи ерлари ва бошқа шу каби умумий фойдаланишдаги ерлар);",Солиқ кодекси,2019-12-30 00:00:00,СК-426,2029-12-31 00:00:00
249,Ер солиғи,(СК 426-м.) 2-қисм  3-хатбоши Қуйидаги ер участкалари солиқ солиш объекти сифатида ҳисобланмайди:умумий фойдаланишдаги автомобиль йўллари эгаллаган ерлар;,Солиқ кодекси,2019-12-30 00:00:00,СК-426,2029-12-31 00:00:00
250,Ер солиғи,"(СК 426-м.) 2-қисм 4-хатбоши Қуйидаги ер участкалари солиқ солиш объекти сифатида ҳисобланмайди:аҳолининг маданий-маиший эҳтиёжларини қондириш ва дам олиши учун фойдаланиладиган ерлар (дарахтзорлар, истироҳат боғлари, сайилгоҳлар, хиёбонлар, аҳолининг оммавий дам олиши ва туризмини ташкил этиш учун белгиланган жойлар, шунингдек ариқ тармоқлари эгаллаган ерлар);",Солиқ кодекси,2019-12-30 00:00:00,СК-426,2029-12-31 00:00:00
251,Ер солиғи,"(СК 426-м.) 2-қисм  5-хатбоши Қуйидаги ер участкалари солиқ солиш объекти сифатида ҳисобланмайди: давлат қўриқхоналарининг, комплекс (ландшафт) буюртма қўриқхоналарининг, табиат боғларининг, давлат табиат ёдгорликларининг, буюртма қўриқхоналарнинг (бундан овчилик хўжаликларида ташкил этиладиган буюртма қўриқхоналар мустасно), табиий питомникларнинг, давлат биосфера резерватларининг, миллий боғларнинг ерлари;",Солиқ кодекси,2019-12-30 00:00:00,СК-426,2029-12-31 00:00:00
252,Ер солиғи,"(СК 426-м.) 2-қисм  6-хатбоши Қуйидаги ер участкалари солиқ солиш объекти сифатида ҳисобланмайди:соғломлаштириш аҳамиятига молик ерлар – тегишли муассасалар ва ташкилотларга доимий фойдаланишга берилган, профилактика ҳамда даволаш ишларини ташкил этиш учун қулай табиий шифобахш омилларга эга бўлган ер участкалари;",Солиқ кодекси,2019-12-30 00:00:00,СК-426,2029-12-31 00:00:00
253,Ер солиғи,(СК 426-м.) 2-қисм  7-хатбоши Қуйидаги ер участкалари солиқ солиш объекти сифатида ҳисобланмайди:рекреация аҳамиятига молик ерлар – аҳолининг оммавий дам олиши ва туризмини ташкил этиш учун тегишли муассасалар ҳамда ташкилотларга берилган ер участкалари;,Солиқ кодекси,2019-12-30 00:00:00,СК-426,2029-12-31 00:00:00
254,Ер солиғи,"(СК 426-м.) 2-қисм  8-хатбоши Қуйидаги ер участкалари солиқ солиш объекти сифатида ҳисобланмайди:тарихий-маданий аҳамиятга молик ерлар – тегишли муассасалар ва ташкилотларга доимий фойдаланишга берилган моддий маданий мерос объектлари, хотира боғлари эгаллаган ер участкалари;",Солиқ кодекси,2019-12-30 00:00:00,СК-426,2029-12-31 00:00:00
255,Ер солиғи,(СК 426-м.) 2-қисм  9-хатбоши Қуйидаги ер участкалари солиқ солиш объекти сифатида ҳисобланмайди:  гидрометеорология ва гидрогеология стансиялари ҳамда постлари эгаллаган ерлар,Солиқ кодекси,2019-12-31 00:00:00,СК-426,2029-12-31 00:00:00
256,Ер солиғи,"(СК 428-м.) 1-қисм Қайта тикланадиган манбалардан энергия ишлаб чиқарувчилар қайта тикланадиган энергия манбалари (номинал қуввати 0,1 МВт ва кўпроқ) ускуналари эгаллаган ер участкалари бўйича улар ишга туширилган пайтдан эътиборан ўн йил муддатга солиқдан озод этилади.",Солиқ кодекси,2019-12-30 00:00:00,СК-428,2029-12-31 00:00:00
257,Ер солиғи,"(СК 428-м.) 2-қисм 11-банд Солиқ солинмайдиган ер участкалари жумласига қуйидаги ерлар киради: янги барпо этилаётган боғлар, токзорлар ва тутзорлар эгаллаган ерлар, дарахтларнинг қатор ораларидан қишлоқ хўжалиги экинларини экиш учун фойдаланилишидан қатъи назар, беш йил муддатга. Кузда ўтқазилган янги кўчатлар учун бериладиган солиқ имтиёзи муддатини ҳисоблаб чиқариш кейинги йилнинг 1 январидан эътиборан бошланади, баҳорда ўтқазилган кўчатлар учун эса жорий солиқ даврининг 1 январидан эътиборан бошланади;",Солиқ кодекси,2019-12-30 00:00:00,СК-428,2029-12-31 00:00:00
258,Ер солиғи,"(СК 428-м.) 2-қисм 12-банд Солиқ солинмайдиган ер участкалари жумласига қуйидаги ерлар киради: илмий ташкилотларнинг, қишлоқ хўжалиги ва ўрмон хўжалиги соҳасидаги илмий-тадқиқот ташкилотлари ҳамда ўқув юртларига қарашли тажриба, экспериментал ва ўқув-тажриба хўжаликларининг бевосита илмий ҳамда ўқув мақсадлари учун фойдаланиладиган қишлоқ хўжалиги аҳамиятига молик бўлган ерлар ва ўрмон фондининг ерлари. Ушбу бандга мувофиқ илмий тажрибалар, экспериментал ишлар, янги навларнинг селекцияси ўтказилиши учун ҳамда мавзулари тасдиқланган бошқа илмий ва ўқув мақсадлари учун фойдаланиладиган экинлар ҳамда дарахтзорлар эгаллаган ер участкалари солиқ тўлашдан озод қилинади.",Солиқ кодекси,2019-12-30 00:00:00,СК-428,2029-12-31 00:00:00
259,Ер солиғи,"(СК 428-м.) 2-қисм 10-банд,  Солиқ солинмайдиган ер участкалари жумласига қуйидаги ерлар киради: мелиорация ишлари амалга оширилаётган мавжуд суғориладиган ерлар — ваколатли орган томонидан тасдиқланган лойиҳага мувофиқ, ишлар бошланганидан эътиборан беш йил муддатга;",Солиқ кодекси,2019-12-30 00:00:00,СК-428,2029-12-31 00:00:00
260,Ер солиғи,"(СК 428-м.) 2-қисм 2-банд Солиқ солинмайдиган ер участкалари жумласига қуйидаги ерлар киради маданият, таълим, соғлиқни сақлаш (бундан туристик зоналарда жойлашган санаторий-курорт объектлари банд қилган ерлар мустасно) ва ижтимоий таъминот объектлари эгаллаган ерлар;",Солиқ кодекси,2019-12-30 00:00:00,СК-428,2029-12-31 00:00:00
261,Ер солиғи,"(СК 428-м.) 2-қисм 3-банд Солиқ солинмайдиган ер участкалари жумласига қуйидаги ерлар киради: спорт ва жисмоний тарбия-соғломлаштириш мажмуалари, ўқув-машқ базалари ва болалар-соғломлаштириш оромгоҳлари эгаллаган ерлар;",Солиқ кодекси,2019-12-30 00:00:00,СК-428,2029-12-31 00:00:00
262,Ер солиғи,"(СК 428-м.) 2-қисм 4-банд Солиқ солинмайдиган ер участкалари жумласига қуйидаги ерлар киради: шаҳар электр транспорти йўллари ва метрополитен линиялари, шу жумладан жамоат транспорти бекатлари ва метрополитен станциялари ҳамда уларнинг иншоотлари эгаллаган ерлар;",Солиқ кодекси,2019-12-30 00:00:00,СК-428,2029-12-31 00:00:00
263,Ер солиғи,"(СК 428-м.) 2-қисм 5-банд Солиқ солинмайдиган ер участкалари жумласига қуйидаги ерлар киради: аҳоли пунктларининг сув таъминоти ва канализация иншоотлари (магистрал сув қувурлари, водопровод тармоқлари, канализация коллекторлари ва уларнинг иншоотлари, насос станциялари, сув олиш ва тозалаш иншоотлари, водопровод ва канализация тармоқларидаги кузатиш қудуқлари ва дюкерлари, сув босими ҳосил қиладиган миноралар ҳамда шунга ўхшаш иншоотлар эгаллаган ерлар);",Солиқ кодекси,2019-12-30 00:00:00,СК-428,2029-12-31 00:00:00
264,Ер солиғи,"(СК 428-м.) 2-қисм 6-банд Солиқ солинмайдиган ер участкалари жумласига қуйидаги ерлар киради: магистрал иссиқлик трассалари, шу жумладан насос (кўпайтирувчи, камайтирувчи, аралаштирувчи, дренаж) станциялари, иссиқ сув таъминотининг иссиқликни ҳисобга олиш ва назорат қилиш асбоблари, иситкичлари, циркуляция насослари ҳамда шунга ўхшаш иншоотлар эгаллаган ерлар;",Солиқ кодекси,2019-12-30 00:00:00,СК-428,2029-12-31 00:00:00
265,Ер солиғи,"(СК 428-м.) 2-қисм 7-банд иҳота ўрмон дарахтзорлари эгаллаган ерлар. Иҳота ўрмон дарахтзорлари жумласига қуйидагилар киради: ўрмонларнинг дарёлар, кўллар, сув омборлари ва бошқа сув объектлари соҳиллари бўйлаб ўтган тақиқланган минтақалари; ўрмонларнинг овланадиган қимматли балиқлар увилдириқ сочадиган жойларни муҳофаза қилувчи тақиқланган минтақалари; эрозиядан сақлайдиган ўрмонлар; ўрмонларнинг темир йўллар ва автомобиль йўллари ёқалаб ўтган иҳота минтақалари; чўл ва чала чўл зоналаридаги ўрмонлар; шаҳар ўрмонлари ва ўрмон-боғлари; шаҳарлар, бошқа аҳоли пунктлари ва саноат марказларининг кўкаламзорлаштирилган зоналари атрофидаги ўрмонлар; сув таъминоти манбаларини санитария жиҳатидан муҳофаза қилиш зоналаридаги ўрмонлар; курорт табиий ҳудудларни санитария жиҳатидан муҳофаза қилиш теграсидаги ўрмонлар; алоҳида қимматга эга бўлган ўрмонлар; илмий ёки тарихий аҳамиятга эга бўлган ўрмонлар;",Солиқ кодекси,2019-12-30 00:00:00,СК-428,2029-12-31 00:00:00
266,Ер солиғи,"(СК 428-м.) 2-қисм 8-банд сувни тежайдиган (томчилатиб, ёмғирлатиб, дискрет ва бошқа) суғориш технологиялари жорий этилган ерлар — сувни тежайдиган суғориш технологиялари жорий этилган ойнинг бошидан эътиборан беш йил муддатга. Ушбу имтиёз сувдан фойдаланиш ва сув истеъмоли соҳасидаги ваколатли органнинг хулосаси асосида берилади. Агарда сувни тежайдиган суғориш технологиялари жорий этилган ойнинг бошидан бошлаб беш йил давомида фойдаланишга яроқсиз бўлган ёки демонтаж қилинган бўлса, солиқ имтиёзи бутун солиқ даври учун солиқни тўлаш бўйича мажбуриятларнинг тикланиши билан бекор қилинади;",Солиқ кодекси,2019-12-30 00:00:00,СК-428,2029-12-31 00:00:00
267,Ер солиғи,"(СК 428-м.) 2-қисм 9-банд Солиқ солинмайдиган ер участкалари жумласига қуйидаги ерлар киради: қишлоқ хўжалиги мақсадлари учун янги ўзлаштирилаётган ерлар — ваколатли орган томонидан тасдиқланган лойиҳага мувофиқ, уларни ўзлаштириш ишлари бажариладиган даврда ва улар ўзлаштирилган вақтдан эътиборан беш йил мобайнида;",Солиқ кодекси,2019-12-30 00:00:00,СК-428,2029-12-31 00:00:00
268,Ер солиғи,"(СК-428-модда. 2-қисми. 13-хатбоши. Солиқ солинмайдиган ер участкалари жумласига қуйидаги ерлар киради: қишлоқ жойларда жойлашган (бундан шаҳарлар ва туманларнинг марказлари мустасно) антенна-мачта металл конструкциялари, шунингдек уларга ўрнатилган ҳамда уларнинг ажралмас қисми бўлган конструкциялар эгаллаган ер участкалари;",Солиқ кодекси,2022-06-26 00:00:00,СК-428,2029-12-31 00:00:00
269,Ер солиғи,"(СК 429-м.) 5-қисм. Ягона иштирокчилари ногиронлиги бўлган шахсларнинг жамоат бирлашмаларидан иборат бўлган ва ходимлар умумий сонининг камида 50 фоизини ногиронлиги бўлган шахслар ташкил этадиган ҳамда ногиронлиги бўлган шахсларнинг меҳнатига ҳақ тўлаш фонди меҳнатга ҳақ тўлаш умумий фондининг камида 50 фоизини ташкил этадиган юридик шахслар томонидан эгалланган ер участкаларига нисбатан солиқ ставкаларига 0,25 коэффициент қўлланилади.  (my3.soliq.uz saytdan murojaat yuboriladi)",Солиқ кодекси,2019-12-30 00:00:00,СК-429,2029-12-31 00:00:00
270,Сув ресурсларидан фойдаланганлик учун солиқ,(СК 442-м) 2-қисм. 1-банд.  Қуйидагилар солиқ солиш объекти бўлмайди: 1) нотижорат ташкилотлар томонидан нотижорат фаолиятни амалга ошириш доирасида фойдаланиладиган сув ресурслари;,Солиқ кодекси,2019-12-30 00:00:00,СК-442,2029-12-31 00:00:00
271,Сув ресурсларидан фойдаланганлик учун солиқ,"(СК 442-м) 2-қисм. 2-банд.  Қуйидагилар солиқ солиш объекти бўлмайди: 2) соғлиқни сақлаш муассасалари томонидан даволаш мақсадида фойдаланиладиган ер ости минерал сувлари, бундан савдо тармоғида реализация қилиш учун фойдаланилган сув ҳажми мустасно;",Солиқ кодекси,2019-12-30 00:00:00,СК-442,2029-12-31 00:00:00
272,Сув ресурсларидан фойдаланганлик учун солиқ,(СК 442-м) 2-қисм. 6-банд.  Қуйидагилар солиқ солиш объекти бўлмайди: 6) иссиқлик электр станциялари ва иссиқлик электр марказлари томонидан қайта қуйиладиган сув ресурслари;,Солиқ кодекси,2019-12-30 00:00:00,СК-442,2029-12-31 00:00:00
273,Сув ресурсларидан фойдаланганлик учун солиқ,"(СК 442-м) 2-қисм. 7-банд.  Қуйидагилар солиқ солиш объекти бўлмайди: 7) қишлоқ хўжалигига мўлжалланган шўрланган ерларни ювиш учун фойдаланиладиган, сувдан фойдаланиш ва сув истеъмоли соҳасидаги ваколатли орган томонидан тасдиқланган шўрларни ювиш нормалари доирасидаги сув ресурслари._x000D_
",Солиқ кодекси,2019-12-30 00:00:00,СК-442,2029-12-31 00:00:00
274,Сув ресурсларидан фойдаланганлик учун солиқ,(СК 442-м) 2-қисм. 8-банд.  Қуйидагилар солиқ солиш объекти бўлмайди: 8) коллектор ва дренаж тармоқларидан ишлатиладиган сув ресурслари.,Солиқ кодекси,2019-12-30 00:00:00,СК-442,2029-12-31 00:00:00
275,Сув ресурсларидан фойдаланганлик учун солиқ,"(СК 442-м) 2-қисм. 3-банд.  Қуйидагилар солиқ солиш объекти бўлмайди: 3) атроф-муҳитга зарарли таъсир кўрсатишининг олдини олиш мақсадида чиқариб олинган ер ости сувлари, бундан ишлаб чиқариш ва техник эҳтиёжлар учун фойдаланилган сув ҳажми мустасно;",Солиқ кодекси,2019-12-30 00:00:00,СК-442,2029-12-31 00:00:00
276,Сув ресурсларидан фойдаланганлик учун солиқ,"(СК 442-м) 2-қисм. 4-банд.  Қуйидагилар солиқ солиш объекти бўлмайди: 4) шахтадан сувларни қочириш учун, фойдали қазилмаларни қазиб олиш пайтида чиқариб олинган ва қатламдаги босимни сақлаб туриш учун ер қаърига қайта қуйиладиган ер ости сувлари, бундан ишлаб чиқариш ва техник эҳтиёжлар учун фойдаланилган сув ҳажми мустасно;",Солиқ кодекси,2019-12-30 00:00:00,СК-442,2029-12-31 00:00:00
277,Сув ресурсларидан фойдаланганлик учун солиқ,"(СК 442-м) 2-қисм. 5-банд.  Қуйидагилар солиқ солиш объекти бўлмайди: 5) гидроэлектростанциялар гидравлик турбиналарининг ҳаракати учун фойдаланиладиган сув ресурслари;_x000D_
",Солиқ кодекси,2021-12-30 00:00:00,СК-442,2029-12-31 00:00:00
278,ЖШДС,(СК 459-м.) 2-банд яқин қариндошларидан ҳадя шартномаси ёки мерос асосида автомобиллар ва мотоаравачалар олувчи фуқаролар;,Солиқ кодекси,2020-01-01 00:00:00,СК-459,2029-12-31 00:00:00
281,Айланмадан олинадиган солиқ,"(СК 463-м.) 2-қисм 5-хатбоши экология, соғломлаштириш ҳамда хайрия жамғармаларига, маданият, соғлиқни сақлаш, меҳнат, аҳолини ижтимоий муҳофаза қилиш, жисмоний тарбия ва спорт, таълим муассасаларига бепул бериладиган товарларга (хизматларга) нисбатан татбиқ этилмайди;",Солиқ кодекси,2019-12-30 00:00:00,СК-463,2029-12-31 00:00:00
282,Айланмадан олинадиган солиқ,"(СК 464-м.) 1-қисм 1-банд, Ушбу Кодекснинг 463-моддасига мувофиқ ҳисоблаб чиқарилган жами даромад солиқ базаси деб эътироф этилади, бундан қуйидагилар мустасно: Ўзбекистон Республикасининг давлат облигациялари ва бошқа давлат қимматли қоғозлари бўйича даромадлар, шунингдек Ўзбекистон Республикаси резидентлари бўлган юридик шахсларнинг халқаро облигациялари бўйича даромадлар;",Солиқ кодекси,2019-12-30 00:00:00,СК-464,2029-12-31 00:00:00
283,Айланмадан олинадиган солиқ,"(СК 464-м.) 1-қисм 2-банд,  Ушбу Кодекснинг 463-моддасига мувофиқ ҳисоблаб чиқарилган жами даромад солиқ базаси деб эътироф этилади, бундан қуйидагилар мустасно: 2) солиқ агентида солиқ солиниши лозим бўлган дивидендлар;",Солиқ кодекси,2019-12-30 00:00:00,СК-464,2029-12-31 00:00:00
284,Айланмадан олинадиган солиқ,"(СК 464-м.) 1-қисм 3-банд,  Ушбу Кодекснинг 463-моддасига мувофиқ ҳисоблаб чиқарилган жами даромад солиқ базаси деб эътироф этилади, бундан қуйидагилар мустасно: 3) қайтариладиган кўп марта айланадиган тара қиймати, агар унинг қиймати илгари товарларни (хизматларни) сотишдан олинадиган даромадга киритилган бўлса;",Солиқ кодекси,2019-12-30 00:00:00,СК-464,2029-12-31 00:00:00
285,Айланмадан олинадиган солиқ,"(СК 464-м.) 1-қисм 4-банд, Ушбу Кодекснинг 463-моддасига мувофиқ ҳисоблаб чиқарилган жами даромад солиқ базаси деб эътироф этилади, бундан қуйидагилар мустасно: 4) амортизация қилинадиган активларни тугатишда уларни қўшимча баҳолашда олинган, олдинги нархни туширишлардаги суммадан ортиқча сумма ҳисобидан олинган даромадлар;",Солиқ кодекси,2019-12-30 00:00:00,СК-464,2029-12-31 00:00:00
286,Айланмадан олинадиган солиқ,"(СК 464-м.) 1-қисм 6-банд, Ушбу Кодекснинг 463-моддасига мувофиқ ҳисоблаб чиқарилган жами даромад солиқ базаси деб эътироф этилади, бундан қуйидагилар мустасно: 6) товарларни (хизматларни) экспорт қилишдан олинган даромадлар, агар товарларни (хизматларни) экспорт қилишдан олинган даромадлар умумий даромаднинг 15 фоизидан кўпроғини ташкил этса.",Солиқ кодекси,2019-12-30 00:00:00,СК-464,2029-12-31 00:00:00
287,Айланмадан олинадиган солиқ,"(СК 464-м.) 2-қисм 1-банд, Солиқ солинадиган база ушбу модданинг биринчи қисмида назарда тутилган чегирмалардан ташқари қуйидагилар учун камайтирилади: 1) брокерлик ташкилотлари учун — битим суммасидан биржага ўтказиладиган воситачилик йиғими суммасига;",Солиқ кодекси,2019-12-30 00:00:00,СК-464,2029-12-31 00:00:00
288,Айланмадан олинадиган солиқ,"(СК 464-м.) 1-қисм 5-банд, Ушбу Кодекснинг 463-моддасига мувофиқ ҳисоблаб чиқарилган жами даромад солиқ базаси деб эътироф этилади, бундан қуйидагилар мустасно: 5) ҳисобот йилида аниқланган ўтган йиллардаги даромадлар. Мазкур даромадларга улар шаклланган даврдаги қонунчиликка мувофиқ солиқлар бўйича қайта ҳисоб-китоб ўтказилганлиги инобатга олинган ҳолда солиқ солинади;",Солиқ кодекси,2019-12-30 00:00:00,СК-464,2029-12-31 00:00:00
289,Айланмадан олинадиган солиқ,"(СК 464-м.) 2-қисм 2-банд,  Солиқ солинадиган база ушбу модданинг биринчи қисмида назарда тутилган чегирмалардан ташқари қуйидагилар учун камайтирилади: 2) комиссия шартномаси бўйича воситачилик хизматларини кўрсатувчи юридик шахслар учун — товарларни импорт қилишда тўланган божхона тўловлари суммасига реализация қилинган товар улушида;",Солиқ кодекси,2019-12-30 00:00:00,СК-464,2029-12-31 00:00:00
290,Айланмадан олинадиган солиқ,"(СК 464-м.) 2-қисм 4-банд. Солиқ солинадиган база ушбу модданинг биринчи қисмида назарда тутилган чегирмалардан ташқари қуйидагилар учун камайтирилади: тадбиркорлик субъектлари учун  товарларни (хизматларни) реализация қилишдан олинган даромадларининг 0,5 фоизидан ошмаган миқдорда ўз ходимларига ва уларнинг яқин қариндошларига оммавий-маданий ҳамда консерт-томоша тадбирларига бориши учун чипталар харид қилишга доир харажатлар суммасига;",Солиқ кодекси,2019-12-30 00:00:00,СК-464,2029-12-31 00:00:00
291,Айланмадан олинадиган солиқ,"(СК 464-м.) 2-қисм 3-банд, Солиқ солинадиган база ушбу модданинг биринчи қисмида назарда тутилган чегирмалардан ташқари қуйидагилар учун камайтирилади: 3) туризм фаолияти субъектлари учун — туристик хизматларни онлайн бронлаштириш ва сотиш учун яратилган дастурий маҳсулотларни ҳамда ахборот тизимларини жорий этишга йўналтирилган маблағлар суммасига.",Солиқ кодекси,2019-12-30 00:00:00,СК-464,2029-12-31 00:00:00
292,Айланмадан олинадиган солиқ,"(СК 467-м.) 1 қисм. 13 банд.   Товарларнинг (ишларнинг, хизматларнинг) электрон савдосини амалга оширувчи солиқ тўловчилар",Солиқ кодекси,2019-12-30 00:00:00,СК-467,2029-12-31 00:00:00
293,Айланмадан олинадиган солиқ,"(СК 467-м.) 1 қисм. 14-банд.  Ягона иштирокчиси ногиронлиги бўлган шахсларнинг жамоат бирлашмалари, «Нуроний» жамғармаси ва «Ўзбекистон Чернобилчилари» ассоциацияси бўлган, умумий сонида ногиронлиги бўлган шахслар, уруш ва 1941  1945 йиллар меҳнат фронти ветеранлари 50 фоиздан кам бўлмаган ва ногиронлиги бўлган шахслар, уруш ва 1941  1945 йиллар меҳнат фронти ветеранларининг меҳнатига ҳақ тўлаш фонди умумий меҳнатга ҳақ тўлаш фондининг 50 фоизидан кам бўлмаган солиқ тўловчилар",Солиқ кодекси,2019-12-30 00:00:00,СК-467,2029-12-31 00:00:00
294,Айланмадан олинадиган солиқ,(СК 467-м.) 1 қисм. 2.1 банд. 2-хатбоши Аҳолиси сони юз минг нафар ва ундан кўп кишидан иборат шаҳарлар ва бориш қийин бўлган тоғли ҳудудлардан ташқари бошқа ҳудуд (чакана савдо ва дорихона)да товарларни (хизматларни) реализация қилиш бўйича айланма 2 фоиз ставкада солиққа тортилади,Солиқ кодекси,2019-12-30 00:00:00,СК-467,2029-12-31 00:00:00
295,Айланмадан олинадиган солиқ,(СК 467-м.) 1 қисм. 3 банд. 2-хатбоши Аҳоли сони юз минг нафар ва ундан кўп кишидан иборат шаҳар жойларда жойлашган улгуржи ва чакана дорихона ташкилотлари товарларни (хизматларни) реализация қилиш бўйича айланма 3 фоизли ставкада солиққа тортилади,Солиқ кодекси,2019-12-30 00:00:00,СК-467,2029-12-31 00:00:00
296,Айланмадан олинадиган солиқ,(СК 467-м.) 1 қисм. 2.1 банд 4-хатбоши. Бориш қийин бўлган тоғли ҳудуд (чакана савдо ва дорихона)да товарларни (хизматларни) реализация қилиш бўйича айланма 1 фоизли ставкада солиққа тортилади,Солиқ кодекси,2019-12-30 00:00:00,СК-467,2029-12-31 00:00:00
297,Сув ресурсларидан фойдаланганлик учун солиқ,"(СК 471-м.) 3-қисм. Ушбу модданинг биринчи қисмида кўрсатилган юридик шахсларга Ўзбекистон Республикаси Президенти қарори билан белгиланадиган муддатга киритилган тўғридан-тўғри хусусий чет эл инвестициялари ҳажмига қараб, ер солиғи, мол-мулк солиғи ва сув ресурсларидан фойдаланганлик учун солиқни тўлашдан озод этиш тарзидаги солиқ имтиёзлари берилади.",Солиқ кодекси,2019-12-30 00:00:00,СК-471,2029-12-31 00:00:00
298,Мол-мулк солиғи,"(СК 471-м.) 3-қисм. Ушбу модданинг биринчи қисмида кўрсатилган юридик шахсларга Ўзбекистон Республикаси Президенти қарори билан белгиланадиган муддатга киритилган тўғридан-тўғри хусусий чет эл инвестициялари ҳажмига қараб, ер солиғи, мол-мулк солиғи ва сув ресурсларидан фойдаланганлик учун солиқни тўлашдан озод этиш тарзидаги солиқ имтиёзлари берилади.",Солиқ кодекси,2019-12-30 00:00:00,СК-471,2029-12-31 00:00:00
299,Ер солиғи,"(СК 471-м.) 3-қисм. Ушбу модданинг биринчи қисмида кўрсатилган юридик шахсларга Ўзбекистон Республикаси Президенти қарори билан белгиланадиган муддатга киритилган тўғридан-тўғри хусусий чет эл инвестициялари ҳажмига қараб, ер солиғи, мол-мулк солиғи ва сув ресурсларидан фойдаланганлик учун солиқни тўлашдан озод этиш тарзидаги солиқ имтиёзлари берилади.",Солиқ кодекси,2019-12-30 00:00:00,СК-471,2029-12-31 00:00:00
300,Фойда солиғи,"(СК 473-м.) 2 қисм. Махсус иқтисодий зоналарнинг иштирокчилари фойда солиғини тўлашдан ўзи киритган инвестициялар ҳажмига қараб:_x000D_
3 миллион АҚШ долларидан 5 миллион АҚШ долларигача бўлган миқдордаги инвестициялар учун — 3 йил муддатга;_x000D_
5 миллион АҚШ долларидан 15 миллион АҚШ долларигача бўлган миқдордаги инвестициялар учун — 5 йил муддатга;_x000D_
15 миллион АҚШ доллари ва ундан юқори миқдордаги инвестициялар учун — 10 йил муддатга озод этилади.",Солиқ кодекси,2019-12-30 00:00:00,СК-473,2029-12-31 00:00:00
301,Сув ресурсларидан фойдаланганлик учун солиқ,"(СК 473-м.) 1-қисм. Махсус иқтисодий зоналарнинг иштирокчиларига киритилган инвестициялар ҳажмига қараб, мол-мулк солиғидан, ер солиғидан ва сув ресурсларидан фойдаланганлик учун солиқдан Ўзбекистон Республикаси Президентининг қарори билан белгиланган муддатга озод қилиш тарзида солиқ имтиёзлари берилади.",Солиқ кодекси,2019-12-30 00:00:00,СК-473,2029-12-31 00:00:00
302,Мол-мулк солиғи,"(СК 473-м.) 1-қисм. Махсус иқтисодий зоналарнинг иштирокчиларига киритилган инвестициялар ҳажмига қараб, мол-мулк солиғидан, ер солиғидан ва сув ресурсларидан фойдаланганлик учун солиқдан Ўзбекистон Республикаси Президентининг қарори билан белгиланган муддатга озод қилиш тарзида солиқ имтиёзлари берилади.",Солиқ кодекси,2019-12-30 00:00:00,СК-473,2029-12-31 00:00:00
303,Ер солиғи,"(СК 473-м.) 1-қисм. Махсус иқтисодий зоналарнинг иштирокчиларига киритилган инвестициялар ҳажмига қараб, мол-мулк солиғидан, ер солиғидан ва сув ресурсларидан фойдаланганлик учун солиқдан Ўзбекистон Республикаси Президентининг қарори билан белгиланган муддатга озод қилиш тарзида солиқ имтиёзлари берилади.",Солиқ кодекси,2019-12-30 00:00:00,СК-473,2029-12-31 00:00:00
304,Қўшилган қиймат солиғи,"СКнинг 477-модадси. Адвокатлар ҳайъати, адвокатлик фирмалари ва адвокатлик бюролари фаолиятнинг нотижорат ташкилотлар сифатида адвокатлар томонидан ҳуқуқий ёрдам кўрсатиш билан боғлиқ қисми бўйича солиқлар ва йиғимлар тўлашдан озод қилинади, бундан қуйидагилар мустасно: божхона тўловлари; ижтимоий солиқ; автотранспорт йиғими; тўлов манбаида ушлаб қолинадиган солиқлар.",Солиқ кодекси,2019-12-31 00:00:00,СК-477,2029-12-31 00:00:00
305,Фойда солиғи,"СКнинг 477-модадси. Адвокатлар ҳайъати, адвокатлик фирмалари ва адвокатлик бюролари фаолиятнинг нотижорат ташкилотлар сифатида адвокатлар томонидан ҳуқуқий ёрдам кўрсатиш билан боғлиқ қисми бўйича солиқлар ва йиғимлар тўлашдан озод қилинади, бундан қуйидагилар мустасно: божхона тўловлари; ижтимоий солиқ; автотранспорт йиғими; тўлов манбаида ушлаб қолинадиган солиқлар.",Солиқ кодекси,2019-12-30 00:00:00,СК-477,2029-12-31 00:00:00
306,Сув ресурсларидан фойдаланганлик учун солиқ,"(СК 480-2-м.) 2-қисм Ўзбекистон Республикасининг алоҳида ҳудудларида жойлашган кўчмас мулк объектларига ва ер участкаларига, шунингдек ушбу ҳудудларда фойдаланиладиган сув ресурсларига нисбатан мазкур Кодекснинг 415, 422, 429, 437 ва 445-моддаларида белгиланган мол-мулк солиғи, ер солиғи ва сув ресурсларидан фойдаланганлик учун солиқ ставкаларига 0,1 коэффициент қўлланилади.",Солиқ кодекси,2019-12-30 00:00:00,СК-480-2,2029-12-31 00:00:00
307,Мол-мулк солиғи,"(СК 480-2-м.) 2-қисм Ўзбекистон Республикасининг алоҳида ҳудудларида жойлашган кўчмас мулк объектларига ва ер участкаларига, шунингдек ушбу ҳудудларда фойдаланиладиган сув ресурсларига нисбатан мазкур Кодекснинг 415, 422, 429, 437 ва 445-моддаларида белгиланган мол-мулк солиғи, ер солиғи ва сув ресурсларидан фойдаланганлик учун солиқ ставкаларига 0,1 коэффициент қўлланилади.",Солиқ кодекси,2019-12-30 00:00:00,СК-480-2,2029-12-31 00:00:00
308,Ер солиғи,"(СК 480-2-м.) 2-қисм Ўзбекистон Республикасининг алоҳида ҳудудларида жойлашган кўчмас мулк объектларига ва ер участкаларига, шунингдек ушбу ҳудудларда фойдаланиладиган сув ресурсларига нисбатан мазкур Кодекснинг 415, 422, 429, 437 ва 445-моддаларида белгиланган мол-мулк солиғи, ер солиғи ва сув ресурсларидан фойдаланганлик учун солиқ ставкаларига 0,1 коэффициент қўлланилади.",Солиқ кодекси,2019-12-30 00:00:00,СК-480-2,2029-12-31 00:00:00
309,Фойда солиғи,"(СК 480-2-м,) 1-қисм 1-банди. фойда солиғидан озод қилинади",Солиқ кодекси,2020-01-01 00:00:00,СК-480-2,2029-12-31 00:00:00
310,ЖШДС,(СК 480-2-м) 1-қисм 2-3-банди. жисмоний шахслардан олинадиган даромад солиғи ва ижтимоий солиқ бўйича,Солиқ кодекси,2020-01-01 00:00:00,СК-480-2,2029-12-31 00:00:00
311,Ижтимоий солиқ,"(СК 480-2-м) 1-қисм 3-банди. ижтимоий солиқ бўйича:_x000D_
юридик шахслар учун (бундан бюджет ташкилотлари мустасно) — 1 фоиз. Мазкур солиқ ставкаси Ўзбекистон Республикасининг айрим ҳудудларида меҳнат фаолиятини амалга ошираётган жисмоний шахсларнинг меҳнатига ҳақ тўлаш фондига нисбатан қўлланилади;_x000D_
Ўзбекистон Республикасининг айрим ҳудудларида меҳнат фаолиятини амалга ошираётган якка тартибдаги тадбиркорлар учун — йилига базавий ҳисоблаш миқдорининг камида бир баравари миқдорида;",Солиқ кодекси,2020-01-01 00:00:00,СК-480-2,2029-12-31 00:00:00
312,Айланмадан олинадиган солиқ,(СК 480-2-м) 1-қисм 4-банди. айланмадан олинадиган солиқ бўйича,Солиқ кодекси,2020-01-01 00:00:00,СК-480-2,2029-12-31 00:00:00
313,Қўшилган қиймат солиғи,"(СК 483-м.) 45-қисм. Бюджет ташкилотлари томонидан халқаро молия институтларидан ва хорижий ҳукумат молия ташкилотларидан жалб қилинган ҳамда жалб қилинадиган давлат ташқи қарзи ҳисобидан тўлиқ ёки қисман амалга ошириладиган лойиҳалар доирасида, шунингдек давлат корхоналари ҳамда устав фондида (устав капиталида) давлат улуши 50 фоиз миқдорида ва ундан ортиқ бўлган юридик шахслар томонидан инфратузилма лойиҳалари учун халқаро молия институтларидан ва хорижий ҳукумат молия ташкилотларидан жалб қилинган ҳамда жалб қилинадиган давлат ташқи қарзи (бундан Ўзбекистон Республикасининг тижорат банклари орқали қайта молиялаштириладиган ёки қайта кредитланадиган халқаро молия институтларининг ва хорижий ҳукумат молия ташкилотларининг маблағлари мустасно) ҳисобидан тўлиқ ёки қисман амалга ошириладиган лойиҳалар доирасида сотиб олинадиган товарларни (хизматларни) реализация қилиш бўйича айланма, шунингдек уларни олиб кириш 2028 йил 1 январга қадар қўшилган қиймат солиғидан озод қилинади.",Солиқ кодекси,2019-12-30 00:00:00,СК-483,2027-12-31 00:00:00
314,Фойда солиғи,"(СК 483-м.) 37 қ. Чиқиндиларни тўплаш, олиб чиқиш, саралаш ва қайта ишлаш фаолиятидан олган даромадлари ҳисобот (солиқ) даври якунлари бўйича жами даромадининг камида 90 фоизини ташкил этган солиқ тўловчилар 2023 йил 1 январдан эътиборан 2026 йил 1 январга қадар бўлган даврда мазкур фаолият тури бўйича фойда солиғини (бундан фоизлар тарзидаги даромадлар мустасно) ва ижтимоий солиқни 1 фоиз миқдордаги солиқ ставкаси бўйича тўлайди.",Солиқ кодекси,2019-12-30 00:00:00,СК-483,2025-12-31 00:00:00
315,Мол-мулк солиғи,"(СК 483-м.) 43-қисм. «Изланиш ва ривожланиш» марказлари 2024 йил 1 январдан 2027 йил 1 январга қадар бўлган даврда мазкур марказларнинг объектлари ва улар эгаллаган ер участкалари бўйича юридик шахсларнинг мол-мулкига солинадиган солиқни ҳамда юридик шахслардан олинадиган ер солиғини ушбу солиқлар бўйича ҳисобланган сумманинг 1 фоизи миқдорида, шунингдек ижтимоий солиқни 1 фоиз миқдоридаги солиқ ставкаси бўйича тўлайди.",Солиқ кодекси,2019-12-30 00:00:00,СК-483,2026-12-31 00:00:00
316,Ер солиғи,"(СК 483-м.) 43-қисм. «Изланиш ва ривожланиш» марказлари 2024 йил 1 январдан 2027 йил 1 январга қадар бўлган даврда мазкур марказларнинг объектлари ва улар эгаллаган ер участкалари бўйича юридик шахсларнинг мол-мулкига солинадиган солиқни ҳамда юридик шахслардан олинадиган ер солиғини ушбу солиқлар бўйича ҳисобланган сумманинг 1 фоизи миқдорида, шунингдек ижтимоий солиқни 1 фоиз миқдоридаги солиқ ставкаси бўйича тўлайди.",Солиқ кодекси,2019-12-30 00:00:00,СК-483,2026-12-31 00:00:00
317,Ижтимоий солиқ,"(СК 483-м.) 37 қ. Чиқиндиларни тўплаш, олиб чиқиш, саралаш ва қайта ишлаш фаолиятидан олган даромадлари ҳисобот (солиқ) даври якунлари бўйича жами даромадининг камида 90 фоизини ташкил этган солиқ тўловчилар 2023 йил 1 январдан эътиборан 2026 йил 1 январга қадар бўлган даврда мазкур фаолият тури бўйича фойда солиғини (бундан фоизлар тарзидаги даромадлар мустасно) ва ижтимоий солиқни 1 фоиз миқдордаги солиқ ставкаси бўйича тўлайди.",Солиқ кодекси,2019-12-30 00:00:00,СК-483,2025-12-31 00:00:00
318,Ижтимоий солиқ,"(СК 483-м.) 43-қисм. «Изланиш ва ривожланиш» марказлари 2024 йил 1 январдан 2027 йил 1 январга қадар бўлган даврда мазкур марказларнинг объектлари ва улар эгаллаган ер участкалари бўйича юридик шахсларнинг мол-мулкига солинадиган солиқни ҳамда юридик шахслардан олинадиган ер солиғини ушбу солиқлар бўйича ҳисобланган сумманинг 1 фоизи миқдорида, шунингдек ижтимоий солиқни 1 фоиз миқдоридаги солиқ ставкаси бўйича тўлайди.",Солиқ кодекси,2019-12-30 00:00:00,СК-483,2026-12-31 00:00:00
319,Фойда солиғи,(СК 483-м) 29-қисм Хўжаликларда балиқ етиштиришни кооперация асосида йўлга қўйган солиқ тўловчилар 2025 йил 1 январга қадар бўлган даврда барча солиқларни (бундан қўшилган қиймат солиғи ва ижтимоий солиқ мустасно) тўлашдан озод этилади.,Солиқ кодекси,2019-12-30 00:00:00,СК-483,2024-12-31 00:00:00
320,Қўшилган қиймат солиғи,"(СК 483-м.) 41-қисм. 2023 йил 1 январдан 2026 йил 1 январга қадар Ўзбекистон футбол ассоциацияси, унинг ҳудудий бўлинмалари, Ўзбекистон Профессионал футбол лигаси жамоат бирлашмаси, Ўзбекистон футбол ҳакамлари маркази ва профессионал футбол клублари: барча турдаги солиқларни (бундан ижтимоий солиқ мустасно);",Солиқ кодекси,2019-12-30 00:00:00,СК-483,2025-12-31 00:00:00
321,Фойда солиғи,"СК 483-м) 31-қисм  Чарм, мўйна хом ашёсини ва жунни тайёрлаш, сақлаш ҳамда қайта ишлаш, қорамолни автоматлаштирилган тарзда сўйиш, жун, қоракўл ва сунъий чармдан буюмлар, чарм-атторлик маҳсулотлари, пойабзал ишлаб чиқариш билан шуғулланувчи солиқ тўловчилар 2023 йил 1 январдан 2026 йил 1 январга қадар бўлган даврда ушбу фаолияти бўйича фойда солиғини, айланмадан олинадиган солиқни ва юридик шахсларнинг мол-мулкига солинадиган солиқни тўлашдан озод этилади.",Солиқ кодекси,2019-12-30 00:00:00,СК-483,2025-12-31 00:00:00
322,Фойда солиғи,"(СК 483-м.) 41-қисм.  2023 йил 1 январдан 2026 йил 1 январга қадар Ўзбекистон футбол ассоциацияси, унинг ҳудудий бўлинмалари, «Ўзбекистон Профессионал футбол лигаси» жамоат бирлашмаси, Ўзбекистон футбол ҳакамлари маркази ва профессионал футбол клублари:_x000D_
барча турдаги солиқларни (бундан ижтимоий солиқ мустасно);",Солиқ кодекси,2019-12-30 00:00:00,СК-483,2025-12-31 00:00:00
323,Фойда солиғи,"(СК 483-м) 19-қисм  Махсус иқтисодий зоналарнинг иштирокчилари томонидан фойда солиғи бўйича имтиёзларнинг 2020 йил 1 январдан кейин фойдаланилмай қолган қисми 2020 йил 1 октябрга қадар махсус иқтисодий зоналар иштирокчиларининг реестрига киритилган иштирокчиларга нисбатан улар томонидан киритилган, 2020 йил 1 январга қадар амалда бўлган қонунчилик ҳужжатларида назарда тутилган инвестицияларнинг ҳажмига қараб, мазкур иштирокчилар реестрга киритилган пайтдан эътиборан 3 йилдан 10 йилгача бўлган муддатга тўлиқ қўлланилади. Ушбу қисмнинг қоидалари ушбу Кодекс 473-моддасининг иккинчи қисмида назарда тутилган фойда солиғи бўйича имтиёзларнинг амал қилиш муддатига нисбатан татбиқ этилмайди.",Солиқ кодекси,2019-12-30 00:00:00,СК-483,2030-12-31 00:00:00
324,Фойда солиғи,"(СК 483-м) 24-қисм 3-хатбоши.  Тадбиркорлик субъектлари 2022 йил 1 январдан 2027 йил 1 январга қадар бўлган даврда майдони беш минг квадрат метрдан юқори бўлган савдо комплекслари ва меҳмонхона (жойлаштириш воситалари), шу жумладан, улар эгаллаган ер участкалари бўйича қуйидагиларга ҳақли:_x000D_
фойда солиғини ҳисоблаб чиқариш чоғида икки йил давомида мазкур биноларнинг қийматини амортизация тарзида чегириб ташланадиган харажатлар жумласига киритишга.",Солиқ кодекси,2019-12-30 00:00:00,СК-483,2026-12-31 00:00:00
325,Фойда солиғи,"(СК 483-м) 6-қисм. 3-банд. Қорақалпоғистон Республикаси Жўқорғи Кенгеси томонидан аниқланган рўйхат бўйича Қорақалпоғистон Республикасида хизматлар кўрсатишга ихтисослаштирилган ва оғир шароитлардаги 45 та маҳалла ва овулларда жойлашган, янгидан ташкил этилган тадбиркорлик субъектлари — 2026 йил 1 январга қадар бўлган муддатга. Тадбиркорлик субъектларининг мазкур тоифаси фойда солиғидан ҳам озод қилинади.",Солиқ кодекси,2021-01-01 00:00:00,СК-483,2025-12-31 00:00:00
326,Фойда солиғи,"(СК 483-м) 16-қисм 2-хатбоши.  2022 йил 1 январдан 2031 йил 1 январга қадар бўлган даврда Қорақалпоғистон Республикасининг Мўйноқ туманидаги маҳаллий саноат, қишлоқ хўжалиги ва хизматлар соҳаларидаги тадбиркорлик субъектлари:_x000D_
фойда солиғини, айланмадан олинадиган солиқни, ижтимоий солиқни ва жисмоний шахслардан олинадиган даромад солиғини 1 фоиз миқдоридаги солиқ ставкалари бўйича тўлайди.",Солиқ кодекси,2019-12-30 00:00:00,СК-483,2030-12-31 00:00:00
327,Фойда солиғи,"СК 483-м) 27-қисм 2-хатбоши. 2022 йил 1 апрелдан 2028 йил 31 декабрга қадар бўлган даврда:_x000D_
Ўзбекистон Республикасининг резидентлари ва норезидентлари бўлган жисмоний шахсларнинг (акциядорларнинг) акциялар бўйича дивидендлар тарзидаги даромадлари жисмоний шахслардан олинадиган даромад солиғидан озод қилинади;",Солиқ кодекси,2019-12-30 00:00:00,СК-483,2028-12-31 00:00:00
328,Фойда солиғи,"(СК 483-м) 27-қисм 3-хатбоши. 2022 йил 1 апрелдан 2028 йил 31 декабрга қадар бўлган даврда:_x000D_
Ўзбекистон Республикасининг норезидентлари бўлган юридик шахсларнинг (акциядорларнинг) акциялари бўйича дивидендлар тарзидаги даромадларига фойда солиғи бўйича 5 фоиз миқдорида солиқ ставкаси қўлланилади;_x000D_
",Солиқ кодекси,2019-12-30 00:00:00,СК-483,2028-12-31 00:00:00
329,Фойда солиғи,"(СК 483-м) 27-қисм 4-хатбоши. 2022 йил 1 апрелдан 2028 йил 31 декабрга қадар бўлган даврда:_x000D_
Ўзбекистон Республикасининг резидентлари ва норезидентлари бўлган жисмоний ва юридик шахсларнинг хўжалик жамиятлари облигациялари бўйича фоизлар тарзидаги даромадлари жисмоний шахслардан олинадиган даромад солиғидан ҳамда фойда солиғидан озод этилади.",Солиқ кодекси,2019-12-30 00:00:00,СК-483,2024-12-31 00:00:00
330,ЖШДС,"(СК 483-м) 16-қисм 2-хатбоши.  2022 йил 1 январдан 2031 йил 1 январга қадар бўлган даврда Қорақалпоғистон Республикасининг Мўйноқ туманидаги маҳаллий саноат, қишлоқ хўжалиги ва хизматлар соҳаларидаги тадбиркорлик субъектлари:_x000D_
фойда солиғини, айланмадан олинадиган солиқни, ижтимоий солиқни ва жисмоний шахслардан олинадиган даромад солиғини 1 фоиз миқдоридаги солиқ ставкалари бўйича тўлайди.",Солиқ кодекси,2019-12-30 00:00:00,СК-483,2030-12-31 00:00:00
331,ЖШДС,"(СК 483-м.) 41-қисм.  2023 йил 1 январдан 2026 йил 1 январга қадар Ўзбекистон футбол ассоциацияси, унинг ҳудудий бўлинмалари, «Ўзбекистон Профессионал футбол лигаси» жамоат бирлашмаси, Ўзбекистон футбол ҳакамлари маркази ва профессионал футбол клублари:_x000D_
ўзи жалб қилган чет эл мутахассислари ва футболчиларининг даромадларидан тўланадиган жисмоний шахслардан олинадиган даромад солиғини;_x000D_
",Солиқ кодекси,2019-12-30 00:00:00,СК-483,2025-12-31 00:00:00
332,Сув ресурсларидан фойдаланганлик учун солиқ,(СК 483-м) 29-қисм Хўжаликларда балиқ етиштиришни кооперация асосида йўлга қўйган солиқ тўловчилар 2025 йил 1 январга қадар бўлган даврда барча солиқларни (бундан қўшилган қиймат солиғи ва ижтимоий солиқ мустасно) тўлашдан озод этилади.,Солиқ кодекси,2019-12-30 00:00:00,СК-483,2024-12-31 00:00:00
333,Сув ресурсларидан фойдаланганлик учун солиқ,"(СК 483-м.) 41-қисм.  2023 йил 1 январдан 2026 йил 1 январга қадар Ўзбекистон футбол ассоциацияси, унинг ҳудудий бўлинмалари, «Ўзбекистон Профессионал футбол лигаси» жамоат бирлашмаси, Ўзбекистон футбол ҳакамлари маркази ва профессионал футбол клублари:_x000D_
барча турдаги солиқларни (бундан ижтимоий солиқ мустасно);",Солиқ кодекси,2019-12-30 00:00:00,СК-483,2025-12-31 00:00:00
334,Сув ресурсларидан фойдаланганлик учун солиқ,"(СК 483-м) 16-қисм 3-хатбоши.  2022 йил 1 январдан 2031 йил 1 январга қадар бўлган даврда Қорақалпоғистон Республикасининг Мўйноқ туманидаги маҳаллий саноат, қишлоқ хўжалиги ва хизматлар соҳаларидаги тадбиркорлик субъектлари:_x000D_
юридик шахсларнинг мол-мулкига солинадиган солиқни, юридик шахслардан олинадиган ер солиғини ва сув ресурсларидан фойдаланганлик учун солиқни мазкур солиқлар бўйича ҳисобланган сумманинг 1 фоизи миқдоридаги солиқ ставкалари бўйича тўлайди.",Солиқ кодекси,2019-12-30 00:00:00,СК-483,2030-12-31 00:00:00
335,Мол-мулк солиғи,(СК 483-м) 29-қисм Хўжаликларда балиқ етиштиришни кооперация асосида йўлга қўйган солиқ тўловчилар 2025 йил 1 январга қадар бўлган даврда барча солиқларни (бундан қўшилган қиймат солиғи ва ижтимоий солиқ мустасно) тўлашдан озод этилади.,Солиқ кодекси,2019-12-30 00:00:00,СК-483,2024-12-31 00:00:00
336,Мол-мулк солиғи,"(СК 483-м) 31-қисм  Чарм, мўйна хом ашёсини ва жунни тайёрлаш, сақлаш ҳамда қайта ишлаш, қорамолни автоматлаштирилган тарзда сўйиш, жун, қоракўл ва сунъий чармдан буюмлар, чарм-атторлик маҳсулотлари, пойабзал ишлаб чиқариш билан шуғулланувчи солиқ тўловчилар 2023 йил 1 январдан 2026 йил 1 январга қадар бўлган даврда ушбу фаолияти бўйича фойда солиғини, айланмадан олинадиган солиқни ва юридик шахсларнинг мол-мулкига солинадиган солиқни тўлашдан озод этилади.",Солиқ кодекси,2019-12-30 00:00:00,СК-483,2025-12-31 00:00:00
337,Мол-мулк солиғи,"(СК 483-м.) 41-қисм.  2023 йил 1 январдан 2026 йил 1 январга қадар Ўзбекистон футбол ассоциацияси, унинг ҳудудий бўлинмалари, «Ўзбекистон Профессионал футбол лигаси» жамоат бирлашмаси, Ўзбекистон футбол ҳакамлари маркази ва профессионал футбол клублари:_x000D_
барча турдаги солиқларни (бундан ижтимоий солиқ мустасно);",Солиқ кодекси,2019-12-30 00:00:00,СК-483,2025-12-31 00:00:00
338,Мол-мулк солиғи,"(СК 483-м) 16-қисм 3-хатбоши.  2022 йил 1 январдан 2031 йил 1 январга қадар бўлган даврда Қорақалпоғистон Республикасининг Мўйноқ туманидаги маҳаллий саноат, қишлоқ хўжалиги ва хизматлар соҳаларидаги тадбиркорлик субъектлари:_x000D_
юридик шахсларнинг мол-мулкига солинадиган солиқни, юридик шахслардан олинадиган ер солиғини ва сув ресурсларидан фойдаланганлик учун солиқни мазкур солиқлар бўйича ҳисобланган сумманинг 1 фоизи миқдоридаги солиқ ставкалари бўйича тўлайди.",Солиқ кодекси,2019-12-30 00:00:00,СК-483,2030-12-31 00:00:00
339,Мол-мулк солиғи,"(СК 483-м) 24-қисм 2-хатбоши.  Тадбиркорлик субъектлари 2022 йил 1 январдан 2027 йил 1 январга қадар бўлган даврда майдони беш минг квадрат метрдан юқори бўлган савдо комплекслари ва меҳмонхона (жойлаштириш воситалари), шу жумладан, улар эгаллаган ер участкалари бўйича қуйидагиларга ҳақли:_x000D_
юридик шахсларнинг мол-мулкига солинадиган солиқ ва юридик шахслардан олинадиган ер солиғи бўйича солиқ ставкаларига нисбатан 0,1 коэффициентни қўллашга. Бунда 2027 йил 1 январга қадар янгидан қурилган ушбу кўчмас мулк объектларига ва ушбу объектлар эгаллаган ер участкаларига нисбатан мазкур имтиёз улар фойдаланишга топширилган ойдан эътиборан беш йил мобайнида қўлланилади;",Солиқ кодекси,2019-12-30 00:00:00,СК-483,2026-12-31 00:00:00
340,Мол-мулк солиғи,"(СК 483-м) 25-қисм 3-хатбоши. Ўзбекистон Республикаси Президентининг қарорида кўрсатилган туманлар ва шаҳарларнинг белгиланган туризм зоналарида рўйхатдан ўтказилган ҳамда мазкур ҳудудларда умумий овқатланиш, меҳмонхона (жойлаштириш), савдо, кўнгилочар, туроператорлик ва турагент хизматларини кўрсатадиган тадбиркорлик субъектлари — 2022 йил 1 апрелдан 2025 йил 1 январга қадар бўлган даврда: ушбу ҳудудларда жойлашган объектларга, шунингдек мазкур объектлар эгаллаган ер участкаларига нисбатан юридик шахсларнинг мол-мулкига солинадиган солиқни ва юридик шахслардан олинадиган ер солиғини ушбу солиқлар бўйича ҳисобланган сумманинг 1 фоизи миқдорида тўлайди.",Солиқ кодекси,2019-12-30 00:00:00,СК-483,2024-12-31 00:00:00
341,Ер солиғи,(СК 483-м) 29-қисм Хўжаликларда балиқ етиштиришни кооперация асосида йўлга қўйган солиқ тўловчилар 2025 йил 1 январга қадар бўлган даврда барча солиқларни (бундан қўшилган қиймат солиғи ва ижтимоий солиқ мустасно) тўлашдан озод этилади.,Солиқ кодекси,2019-12-30 00:00:00,СК-483,2024-12-31 00:00:00
342,Ер солиғи,"(СК 483-м.) 41-қисм.  2023 йил 1 январдан 2026 йил 1 январга қадар Ўзбекистон футбол ассоциацияси, унинг ҳудудий бўлинмалари, «Ўзбекистон Профессионал футбол лигаси» жамоат бирлашмаси, Ўзбекистон футбол ҳакамлари маркази ва профессионал футбол клублари:_x000D_
барча турдаги солиқларни (бундан ижтимоий солиқ мустасно);",Солиқ кодекси,2019-12-30 00:00:00,СК-483,2025-12-31 00:00:00
343,Ер солиғи,"(СК 483-м) 16-қисм 3-хатбоши.  2022 йил 1 январдан 2031 йил 1 январга қадар бўлган даврда Қорақалпоғистон Республикасининг Мўйноқ туманидаги маҳаллий саноат, қишлоқ хўжалиги ва хизматлар соҳаларидаги тадбиркорлик субъектлари:_x000D_
юридик шахсларнинг мол-мулкига солинадиган солиқни, юридик шахслардан олинадиган ер солиғини ва сув ресурсларидан фойдаланганлик учун солиқни мазкур солиқлар бўйича ҳисобланган сумманинг 1 фоизи миқдоридаги солиқ ставкалари бўйича тўлайди.",Солиқ кодекси,2019-12-30 00:00:00,СК-483,2030-12-31 00:00:00
344,Ер солиғи,"(СК 483-м) 24-қисм 2-хатбоши.  Тадбиркорлик субъектлари 2022 йил 1 январдан 2027 йил 1 январга қадар бўлган даврда майдони беш минг квадрат метрдан юқори бўлган савдо комплекслари ва меҳмонхона (жойлаштириш воситалари), шу жумладан, улар эгаллаган ер участкалари бўйича қуйидагиларга ҳақли:_x000D_
юридик шахсларнинг мол-мулкига солинадиган солиқ ва юридик шахслардан олинадиган ер солиғи бўйича солиқ ставкаларига нисбатан 0,1 коэффициентни қўллашга. Бунда 2027 йил 1 январга қадар янгидан қурилган ушбу кўчмас мулк объектларига ва ушбу объектлар эгаллаган ер участкаларига нисбатан мазкур имтиёз улар фойдаланишга топширилган ойдан эътиборан беш йил мобайнида қўлланилади;",Солиқ кодекси,2019-12-30 00:00:00,СК-483,2026-12-31 00:00:00
345,Ер солиғи,"(СК 483-м) 25-қисм 3-хатбоши. Ўзбекистон Республикаси Президентининг қарорида кўрсатилган туманлар ва шаҳарларнинг белгиланган туризм зоналарида рўйхатдан ўтказилган ҳамда мазкур ҳудудларда умумий овқатланиш, меҳмонхона (жойлаштириш), савдо, кўнгилочар, туроператорлик ва турагент хизматларини кўрсатадиган тадбиркорлик субъектлари — 2022 йил 1 апрелдан 2025 йил 1 январга қадар бўлган даврда: ушбу ҳудудларда жойлашган объектларга, шунингдек мазкур объектлар эгаллаган ер участкаларига нисбатан юридик шахсларнинг мол-мулкига солинадиган солиқни ва юридик шахслардан олинадиган ер солиғини ушбу солиқлар бўйича ҳисобланган сумманинг 1 фоизи миқдорида тўлайди.",Солиқ кодекси,2020-12-30 00:00:00,СК-483,2024-12-31 00:00:00
346,Ер солиғи,"(СК 483-м) 33-қисм Чорва молларни сўйиш бўйича замонавий автоматлаштирилган комплексларга эга бўлган, шунингдек терини қайта ишловчи ва чармдан тайёр маҳсулот ишлаб чиқарувчи солиқ тўловчилар юридик шахслардан олинадиган ер солиғини тўлашдан 2023 йил 1 январдан 2026 йил 1 январга қадар бўлган даврда озод этилади.  ",Солиқ кодекси,2019-12-30 00:00:00,СК-483,2025-12-31 00:00:00
347,Ижтимоий солиқ,"(СК 483-м) 16-қисм 2-хатбоши.  2022 йил 1 январдан 2031 йил 1 январга қадар бўлган даврда Қорақалпоғистон Республикасининг Мўйноқ туманидаги маҳаллий саноат, қишлоқ хўжалиги ва хизматлар соҳаларидаги тадбиркорлик субъектлари:_x000D_
фойда солиғини, айланмадан олинадиган солиқни, ижтимоий солиқни ва жисмоний шахслардан олинадиган даромад солиғини 1 фоиз миқдоридаги солиқ ставкалари бўйича тўлайди.",Солиқ кодекси,2019-12-30 00:00:00,СК-483,2030-12-31 00:00:00
348,Ижтимоий солиқ,"СК 483-м) 28-қисм  Тадбиркорлик субъектларининг миллий мусиқа чолғу асбобларини ишлаб чиқаришдан олган даромадлари жорий ҳисобот (солиқ) даври якунлари бўйича жами даромаднинг камида 60 фоизини ташкил этса, айланмадан олинадиган солиқ ва ижтимоий солиқ 2022 йил 1 апрелдан 2025 йил 1 январга қадар бўлган даврда 1 фоиз миқдордаги солиқ ставкаси бўйича тўланади.",Солиқ кодекси,2019-12-30 00:00:00,СК-483,2024-12-31 00:00:00
349,Ижтимоий солиқ,"(СК 483-м) 17-қисм Бўялган матони, бўялган газламани ва тайёр тикув-трикотаж маҳсулотини экспорт қилувчи тадбиркорлик субъектлари (шу жумладан комиссионер (ишончли вакил) орқали экспорт қилган тадбиркорлик субъектлари) 2022 йил 1 февралдан 2025 йил 1 январга қадар бўлган даврда ижтимоий солиқни 1 фоиз миқдоридаги солиқ ставкаси бўйича тўлайди._x000D_
Ушбу модданинг ўн еттинчи қисмида назарда тутилган имтиёз бўялган мато, бўялган газлама ва тайёр тикув-трикотаж маҳсулотини экспорт қилишдан олинган тушуми барча товарларни ва хизматларни реализация қилишдан олинган тушумининг камида 80 фоизини ташкил этадиган солиқ тўловчиларга нисбатан қўлланилади.",Солиқ кодекси,2019-12-30 00:00:00,СК-483,2024-12-31 00:00:00
350,Ижтимоий солиқ,"(СК 483-м.) 20-қисм  Чакана савдо ва умумий овқатланиш, меҳмонхона (жойлаштириш), автотранспорт воситасида йўловчи ва юк ташиш, автотранспорт воситаларини таъмирлаш ҳамда уларга техник хизмат кўрсатиш, компьютер хизматларини, маиший техникани таъмирлаш, агро ва ветеринария хизматлари кўрсатувчи, шунингдек кўнгилочар марказларда хизматлар кўрсатувчи тадбиркорлик субъектлари — 2022 йил 1 апрелдан 2025 йил 1 январга қадар бўлган даврда ижтимоий солиқни 1 фоиз миқдордаги солиқ ставкаси бўйича тўлайди.",Солиқ кодекси,2019-12-30 00:00:00,СК-483,2024-12-31 00:00:00
351,Ижтимоий солиқ,"(СК 483-м.) 34-қисм  2-хатбоши Ҳисобот (солиқ) даври якунлари бўйича жами даромадининг умумий ҳажми қуйидаги талабларга жавоб берса, солиқ тўловчилар ижтимоий солиқни 2022 йил 1 апрелдан 2025 йил 1 январга қадар бўлган даврда 1 фоиз миқдордаги солиқ ставкаси бўйича тўлайди:_x000D_
болалар, аёллар ва спорт пойабзалларини, сунъий (эко) чарм, фурнитура, пойабзал қолиплари ҳамда тагликларини реализация қилишдан олинадиган даромадларининг улуши камида 60 фоизни ташкил этса;",Солиқ кодекси,2019-12-30 00:00:00,СК-483,2025-01-01 00:00:00
352,Ижтимоий солиқ,"(СК 483-м.) 34-қисм 3-хатбоши  Ҳисобот (солиқ) даври якунлари бўйича жами даромадининг умумий ҳажми қуйидаги талабларга жавоб берса, солиқ тўловчилар ижтимоий солиқни 2022 йил 1 апрелдан 2025 йил 1 январга қадар бўлган даврда 1 фоиз миқдордаги солиқ ставкаси бўйича тўлайди:_x000D_
пойабзалларни, чарм-атторлик маҳсулотларини ва мўйнадан тайёрланган буюмларни экспорт қилишдан олинадиган даромадларининг улуши камида 80 фоизни ташкил этса.",Солиқ кодекси,2019-12-30 00:00:00,СК-483,2025-01-01 00:00:00
353,Ижтимоий солиқ,(СК 483-м) 36-қисм Меҳнат ресурслари зич бўлган қишлоқ жойларнинг реестрига киритилган ҳудудларда ходимларининг умумий сони 10 нафардан кам бўлмаган ҳамда у ерда меҳнат фаолиятини амалга оширувчи хотин-қизлар меҳнатига ҳақ тўлаш фонди умумий меҳнатга ҳақ тўлаш фондининг 50 фоизидан кам бўлмаган кичик тадбиркорлик субъектлари ўзида меҳнат фаолиятини амалга оширувчи хотин-қизларнинг меҳнатига ҳақ тўлаш фондидан олинадиган ижтимоий солиқни 2022 йил 1 сентябрдан 2025 йил 1 январга қадар бўлган даврда 1 фоиз миқдордаги солиқ ставкаси бўйича тўлайди.,Солиқ кодекси,2019-12-30 00:00:00,СК-483,2024-12-31 00:00:00
354,Айланмадан олинадиган солиқ,"(СК 483-м) 16-қисм 2-хатбоши.  2022 йил 1 январдан 2031 йил 1 январга қадар бўлган даврда Қорақалпоғистон Республикасининг Мўйноқ туманидаги маҳаллий саноат, қишлоқ хўжалиги ва хизматлар соҳаларидаги тадбиркорлик субъектлари:_x000D_
фойда солиғини, айланмадан олинадиган солиқни, ижтимоий солиқни ва жисмоний шахслардан олинадиган даромад солиғини 1 фоиз миқдоридаги солиқ ставкалари бўйича тўлайди.",Солиқ кодекси,2019-12-30 00:00:00,СК-483,2030-12-31 00:00:00
355,Айланмадан олинадиган солиқ,"(СК 483-м) 25-қисм 2-хатбоши.   Ўзбекистон Республикаси Президентининг қарорида кўрсатилган туманлар ва шаҳарларнинг белгиланган туризм зоналарида рўйхатдан ўтказилган ҳамда мазкур ҳудудларда умумий овқатланиш, меҳмонхона (жойлаштириш), савдо, кўнгилочар, туроператорлик ва турагент хизматларини кўрсатадиган тадбиркорлик субъектлари — 2022 йил 1 апрелдан 2025 йил 1 январга қадар бўлган даврда:_x000D_
айланмадан олинадиган солиқни 1 фоиз миқдордаги солиқ ставкаси бўйича тўлайди;",Солиқ кодекси,2019-12-30 00:00:00,СК-483,2026-12-31 00:00:00
356,Айланмадан олинадиган солиқ,"(СК 483-м) 28-қисм  Тадбиркорлик субъектларининг миллий мусиқа чолғу асбобларини ишлаб чиқаришдан олган даромадлари жорий ҳисобот (солиқ) даври якунлари бўйича жами даромаднинг камида 60 фоизини ташкил этса, айланмадан олинадиган солиқ ва ижтимоий солиқ 2022 йил 1 апрелдан 2025 йил 1 январга қадар бўлган даврда 1 фоиз миқдордаги солиқ ставкаси бўйича тўланади.",Солиқ кодекси,2019-12-30 00:00:00,СК-483,2024-12-31 00:00:00
357,Айланмадан олинадиган солиқ,(СК 483-м) 29-қисм Хўжаликларда балиқ етиштиришни кооперация асосида йўлга қўйган солиқ тўловчилар 2025 йил 1 январга қадар бўлган даврда барча солиқларни (бундан қўшилган қиймат солиғи ва ижтимоий солиқ мустасно) тўлашдан озод этилади.,Солиқ кодекси,2019-12-30 00:00:00,СК-483,2024-12-31 00:00:00
358,Айланмадан олинадиган солиқ,"(СК 483-м) 31-қисм  Чарм, мўйна хом ашёсини ва жунни тайёрлаш, сақлаш ҳамда қайта ишлаш, қорамолни автоматлаштирилган тарзда сўйиш, жун, қоракўл ва сунъий чармдан буюмлар, чарм-атторлик маҳсулотлари, пойабзал ишлаб чиқариш билан шуғулланувчи солиқ тўловчилар 2023 йил 1 январдан 2026 йил 1 январга қадар бўлган даврда ушбу фаолияти бўйича фойда солиғини, айланмадан олинадиган солиқни ва юридик шахсларнинг мол-мулкига солинадиган солиқни тўлашдан озод этилади.",Солиқ кодекси,2019-12-30 00:00:00,СК-483,2025-12-31 00:00:00
359,Айланмадан олинадиган солиқ,"(СК 483-м.) 41-қисм.  2023 йил 1 январдан 2026 йил 1 январга қадар Ўзбекистон футбол ассоциацияси, унинг ҳудудий бўлинмалари, «Ўзбекистон Профессионал футбол лигаси» жамоат бирлашмаси, Ўзбекистон футбол ҳакамлари маркази ва профессионал футбол клублари:_x000D_
барча турдаги солиқларни (бундан ижтимоий солиқ мустасно);",Солиқ кодекси,2019-12-30 00:00:00,СК-483,2025-12-31 00:00:00
360,Ер қаридан фойдаланганлик учун солиқ,"(СК 483-м.) 41-қисм.  2023 йил 1 январдан 2026 йил 1 январга қадар Ўзбекистон футбол ассоциацияси, унинг ҳудудий бўлинмалари, «Ўзбекистон Профессионал футбол лигаси» жамоат бирлашмаси, Ўзбекистон футбол ҳакамлари маркази ва профессионал футбол клублари:",Солиқ кодекси,2019-12-30 00:00:00,СК-483,2025-12-31 00:00:00
361,Қўшилган қиймат солиғи,"(СК 75-м.) 9-қисм. Ўзбекистон Республикасининг Марказий банки, унинг Қорақалпоғистон Республикаси, вилоятлар ва Тошкент шаҳридаги бош бошқармалари, шунингдек Ўзбекистон Республикаси Марказий банкининг муассасалари ушбу Кодексда назарда тутилган солиқларни тўлашдан озод этилади, бундан ижтимоий солиқ ва Ўзбекистон Республикасининг ҳудудига олиб киришда (импортида) тўланадиган қўшилган қиймат солиғи мустасно.",Солиқ кодекси,2019-12-30 00:00:00,СК-75,2029-12-31 00:00:00
362,Фойда солиғи,"(СК 75-м.) 9-қисм. Ўзбекистон Республикасининг Марказий банки, унинг Қорақалпоғистон Республикаси, вилоятлар ва Тошкент шаҳридаги бош бошқармалари, шунингдек Ўзбекистон Республикаси Марказий банкининг муассасалари ушбу Кодексда назарда тутилган солиқларни тўлашдан озод этилади, бундан ижтимоий солиқ ва Ўзбекистон Республикасининг ҳудудига олиб киришда (импортида) тўланадиган қўшилган қиймат солиғи мустасно.",Солиқ кодекси,2019-12-30 00:00:00,СК-75,2029-12-31 00:00:00
363,Сув ресурсларидан фойдаланганлик учун солиқ,"(СК 75-м.) 9-қисм. Ўзбекистон Республикасининг Марказий банки, унинг Қорақалпоғистон Республикаси, вилоятлар ва Тошкент шаҳридаги бош бошқармалари, шунингдек Ўзбекистон Республикаси Марказий банкининг муассасалари ушбу Кодексда назарда тутилган солиқларни тўлашдан озод этилади, бундан ижтимоий солиқ ва Ўзбекистон Республикасининг ҳудудига олиб киришда (импортида) тўланадиган қўшилган қиймат солиғи мустасно.",Солиқ кодекси,2019-12-30 00:00:00,СК-75,2029-12-31 00:00:00
364,Мол-мулк солиғи,"(СК 75-м.) 9-қисм. Ўзбекистон Республикасининг Марказий банки, унинг Қорақалпоғистон Республикаси, вилоятлар ва Тошкент шаҳридаги бош бошқармалари, шунингдек Ўзбекистон Республикаси Марказий банкининг муассасалари ушбу Кодексда назарда тутилган солиқларни тўлашдан озод этилади, бундан ижтимоий солиқ ва Ўзбекистон Республикасининг ҳудудига олиб киришда (импортида) тўланадиган қўшилган қиймат солиғи мустасно.",Солиқ кодекси,2019-12-30 00:00:00,СК-75,2029-12-31 00:00:00
365,Ер солиғи,"(СК 75-м.) 9-қисм. Ўзбекистон Республикасининг Марказий банки, унинг Қорақалпоғистон Республикаси, вилоятлар ва Тошкент шаҳридаги бош бошқармалари, шунингдек Ўзбекистон Республикаси Марказий банкининг муассасалари ушбу Кодексда назарда тутилган солиқларни тўлашдан озод этилади, бундан ижтимоий солиқ ва Ўзбекистон Республикасининг ҳудудига олиб киришда (импортида) тўланадиган қўшилган қиймат солиғи мустасно.",Солиқ кодекси,2019-12-30 00:00:00,СК-75,2029-12-31 00:00:00
366,Қўшилган қиймат солиғи,"ЎРҚ-312 07.12.2001 й. 20-модда, 1-қисм Инвесторлар, шунингдек уларнинг пудратчилари ва иккиламчи пудратчилари Ўзбекистон Республикасида белгиланган барча турдаги солиқлар ва битимларда белгиланган ер қаъри участкаларида излаш ва қидириш ишларини бажариш билан боғлиқ бошқа мажбурий тўловларни тўлашдан озод қилинадилар.",Ўзбекистон Республикаси Қонуни,2001-12-07 00:00:00,ЎРҚ-312,2024-12-31 00:00:00
367,Фойда солиғи,"ЎРҚ-312 07.12.2001 й. 20-модда, 1-қисм Инвесторлар, шунингдек уларнинг пудратчилари ва иккиламчи пудратчилари Ўзбекистон Республикасида белгиланган барча турдаги солиқлар ва битимларда белгиланган ер қаъри участкаларида излаш ва қидириш ишларини бажариш билан боғлиқ бошқа мажбурий тўловларни тўлашдан озод қилинадилар.",Ўзбекистон Республикаси Қонуни,2001-12-07 00:00:00,ЎРҚ-312,2024-12-31 00:00:00
368,Сув ресурсларидан фойдаланганлик учун солиқ,"ЎРҚ-312 07.12.2001 й. 20-модда, 1-қисм Инвесторлар, шунингдек уларнинг пудратчилари ва иккиламчи пудратчилари Ўзбекистон Республикасида белгиланган барча турдаги солиқлар ва битимларда белгиланган ер қаъри участкаларида излаш ва қидириш ишларини бажариш билан боғлиқ бошқа мажбурий тўловларни тўлашдан озод қилинадилар.",Ўзбекистон Республикаси Қонуни,2001-12-07 00:00:00,ЎРҚ-312,2024-12-31 00:00:00
369,Мол-мулк солиғи,"ЎРҚ-312 07.12.2001 й. 20-модда, 1-қисм Инвесторлар, шунингдек уларнинг пудратчилари ва иккиламчи пудратчилари Ўзбекистон Республикасида белгиланган барча турдаги солиқлар ва битимларда белгиланган ер қаъри участкаларида излаш ва қидириш ишларини бажариш билан боғлиқ бошқа мажбурий тўловларни тўлашдан озод қилинадилар.",Ўзбекистон Республикаси Қонуни,2001-12-07 00:00:00,ЎРҚ-312,2024-12-31 00:00:00
370,Ер солиғи,"ЎРҚ-312 07.12.2001 й. 20-модда, 1-қисм Инвесторлар, шунингдек уларнинг пудратчилари ва иккиламчи пудратчилари Ўзбекистон Республикасида белгиланган барча турдаги солиқлар ва битимларда белгиланган ер қаъри участкаларида излаш ва қидириш ишларини бажариш билан боғлиқ бошқа мажбурий тўловларни тўлашдан озод қилинадилар.",Ўзбекистон Республикаси Қонуни,2001-12-07 00:00:00,ЎРҚ-312,2024-12-31 00:00:00
371,Ижтимоий солиқ,"ЎРҚ-312 07.12.2001 й. 20-модда, 1-қисм Инвесторлар, шунингдек уларнинг пудратчилари ва иккиламчи пудратчилари Ўзбекистон Республикасида белгиланган барча турдаги солиқлар ва битимларда белгиланган ер қаъри участкаларида излаш ва қидириш ишларини бажариш билан боғлиқ бошқа мажбурий тўловларни тўлашдан озод қилинадилар.",Ўзбекистон Республикаси Қонуни,2001-12-07 00:00:00,ЎРҚ-312,2024-12-31 00:00:00
372,Ер қаридан фойдаланганлик учун солиқ,"ЎРҚ-312 07.12.2001 й. 20-модда, 1-қисм Инвесторлар, шунингдек уларнинг пудратчилари ва иккиламчи пудратчилари Ўзбекистон Республикасида белгиланган барча турдаги солиқлар ва битимларда белгиланган ер қаъри участкаларида излаш ва қидириш ишларини бажариш билан боғлиқ бошқа мажбурий тўловларни тўлашдан озод қилинадилар.",Ўзбекистон Республикаси Қонуни,2001-12-07 00:00:00,ЎРҚ-312,2024-12-31 00:00:00
373,Фойда солиғи,"ЎРҚ-387 03.06.2015 й. 16-модда 3-қ Фонд биржасида эмиссиявий қимматли қоғозларга доир битимлар тузилганда сотувчи (бундан эмитент мустасно) Ўзбекистон Республикаси Капитал бозорини ривожлантириш агентлиги ҳузуридаги Капитал бозорини ривожлантиришга кўмаклашиш жамғармасига битим суммасининг 0,01 фоизи миқдорида йиғим тўлайди. Бунда сотувчининг, шу жумладан Ўзбекистон Республикаси норезидентининг тузилган битим бўйича даромадларига юридик шахслардан олинадиган фойда солиғи ва жисмоний шахслардан олинадиган даромад солиғи солинмайди.",Ўзбекистон Республикаси Қонуни,2015-06-03 00:00:00,ЎРҚ-387,2029-12-31 00:00:00
374,Қўшилган қиймат солиғи,"ЎРҚ-581 07.11.2019 й. 27-модда, 5-қисм  Бошқарувчи ташкилот ёки бошқарувчи умумий мол-мулкни бошқариш, унга техник хизмат кўрсатиш ва уни таъмирлаш, шунингдек кўп квартирали уйга туташ ер участкасини ободонлаштириш бўйича хизматлар кўрсатилган ва ишлар бажарилган тақдирда, хизматлар кўрсатиш ва ушбу ишларни бажаришга тааллуқли қисм бўйича барча турдаги солиқларни тўлашдан озод этилади.",Ўзбекистон Республикаси Қонуни,2020-01-01 00:00:00,ЎРҚ-581,2029-12-31 00:00:00
375,Фойда солиғи,"ЎРҚ-581 07.11.2019 й. 27-модда, 5-қисм  Бошқарувчи ташкилот ёки бошқарувчи умумий мол-мулкни бошқариш, унга техник хизмат кўрсатиш ва уни таъмирлаш, шунингдек кўп квартирали уйга туташ ер участкасини ободонлаштириш бўйича хизматлар кўрсатилган ва ишлар бажарилган тақдирда, хизматлар кўрсатиш ва ушбу ишларни бажаришга тааллуқли қисм бўйича барча турдаги солиқларни тўлашдан озод этилади.",Ўзбекистон Республикаси Қонуни,2020-01-01 00:00:00,ЎРҚ-581,2029-12-31 00:00:00
376,Мол-мулк солиғи,"ЎРҚ-581 07.11.2019 й. 27-модда, 5-қисм  Бошқарувчи ташкилот ёки бошқарувчи умумий мол-мулкни бошқариш, унга техник хизмат кўрсатиш ва уни таъмирлаш, шунингдек кўп квартирали уйга туташ ер участкасини ободонлаштириш бўйича хизматлар кўрсатилган ва ишлар бажарилган тақдирда, хизматлар кўрсатиш ва ушбу ишларни бажаришга тааллуқли қисм бўйича барча турдаги солиқларни тўлашдан озод этилади.",Ўзбекистон Республикаси Қонуни,2020-01-01 00:00:00,ЎРҚ-581,2029-12-31 00:00:00
377,Ер солиғи,"ЎРҚ-581 07.11.2019 й. 27-модда, 5-қисм  Бошқарувчи ташкилот ёки бошқарувчи умумий мол-мулкни бошқариш, унга техник хизмат кўрсатиш ва уни таъмирлаш, шунингдек кўп квартирали уйга туташ ер участкасини ободонлаштириш бўйича хизматлар кўрсатилган ва ишлар бажарилган тақдирда, хизматлар кўрсатиш ва ушбу ишларни бажаришга тааллуқли қисм бўйича барча турдаги солиқларни тўлашдан озод этилади.",Ўзбекистон Республикаси Қонуни,2020-01-01 00:00:00,ЎРҚ-581,2029-12-31 00:00:00
378,Айланмадан олинадиган солиқ,"ЎРҚ-581 07.11.2019 й. 27-модда, 5-қисм  Бошқарувчи ташкилот ёки бошқарувчи умумий мол-мулкни бошқариш, унга техник хизмат кўрсатиш ва уни таъмирлаш, шунингдек кўп квартирали уйга туташ ер участкасини ободонлаштириш бўйича хизматлар кўрсатилган ва ишлар бажарилган тақдирда, хизматлар кўрсатиш ва ушбу ишларни бажаришга тааллуқли қисм бўйича барча турдаги солиқларни тўлашдан озод этилади.",Ўзбекистон Республикаси Қонуни,2020-01-01 00:00:00,ЎРҚ-581,2029-12-31 00:00:00
379,Қўшилган қиймат солиғи,"ЎРҚ-599 30.12.2019 й. 6-модда, 3-қисм  Ўзбекистон Республикасининг халқаро шартномалари бўйича 2020 йил 1 июлга қадар маъқулланган, тўлиқ ёки қисман халқаро молия институтларининг ва хорижий ҳукумат молиявий ташкилотларининг маблағлари (қарзлари, кредитлари) ҳисобидан Ўзбекистон Республикасида амалга ошириладиган лойиҳалар доирасида юридик шахслар томонидан сотиб олинадиган товарларни (хизматларни) реализация қилишга доир айланмага, шунингдек уларни олиб киришга қўшилган қиймат солиғи ва акциз солиғи солинмайди. Бунда ушбу солиқ имтиёзлари Ўзбекистон Республикасининг тижорат банклари орқали қайта молиялаштириладиган ёки қайта кредитланадиган халқаро молия институтларининг ва хорижий ҳукумат молия ташкилотларининг маблағлари (қарзлари, кредитлари) ҳисобидан сотиб олинадиган товарларга (хизматларга) нисбатан қўлланилмайди.",Ўзбекистон Республикаси Қонуни,2019-12-30 00:00:00,ЎРҚ-599,2029-12-31 00:00:00
380,Акциз солиғи,"ЎРҚ-599 30.12.2019 й. 6-модда, 3-қисм  Ўзбекистон Республикасининг халқаро шартномалари бўйича 2020 йил 1 июлга қадар маъқулланган, тўлиқ ёки қисман халқаро молия институтларининг ва хорижий ҳукумат молиявий ташкилотларининг маблағлари (қарзлари, кредитлари) ҳисобидан Ўзбекистон Республикасида амалга ошириладиган лойиҳалар доирасида юридик шахслар томонидан сотиб олинадиган товарларни (хизматларни) реализация қилишга доир айланмага, шунингдек уларни олиб киришга қўшилган қиймат солиғи ва акциз солиғи солинмайди. Бунда ушбу солиқ имтиёзлари Ўзбекистон Республикасининг тижорат банклари орқали қайта молиялаштириладиган ёки қайта кредитланадиган халқаро молия институтларининг ва хорижий ҳукумат молия ташкилотларининг маблағлари (қарзлари, кредитлари) ҳисобидан сотиб олинадиган товарларга (хизматларга) нисбатан қўлланилмайди.",Ўзбекистон Республикаси Қонуни,2019-12-30 00:00:00,ЎРҚ-599,2025-12-31 00:00:00
381,Айланмадан олинадиган солиқ,"ЎРҚ-680 01.04.2021 й. 13-модда, 6-қисм   Деҳқон хўжалиги томонидан ўзининг қишлоқ хўжалиги маҳсулотларини реализация қилишдан олинган даромадларга солиқ солинмайди.",Ўзбекистон Республикаси Қонуни,2021-04-01 00:00:00,ЎРҚ-680,2029-12-31 00:00:00
382,Қўшилган қиймат солиғи,ЎРҚ-763 12.04.2022 й.  141-м.  1-қ. 6-хатбоши. Суд томонидан қарздорни банкрот деб топиш ва тугатишга доир иш юритишни бошлаш тўғрисида қарор қабул қилинган пайтдан эътиборан  қарздор мол-мулкини сотишдан тушган маблағларнинг қарздорликни тўлашга ёъналтирилган қисми қўшилган қиймат ва даромад солиғидан озод этилади,Ўзбекистон Республикаси Қонуни,2022-04-12 00:00:00,ЎРҚ-763,2029-12-31 00:00:00
383,Фойда солиғи,ЎРҚ-763 12.04.2022 й.  141-м.  1-қ. 6-хатбоши. Суд томонидан қарздорни банкрот деб топиш ва тугатишга доир иш юритишни бошлаш тўғрисида қарор қабул қилинган пайтдан эътиборан  қарздор мол-мулкини сотишдан тушган маблағларнинг қарздорликни тўлашга ёъналтирилган қисми қўшилган қиймат ва даромад солиғидан озод этилади,Ўзбекистон Республикаси Қонуни,2022-04-12 00:00:00,ЎРҚ-763,2029-12-31 00:00:00
384,Акциз солиғи,ПҚ-104 27.01.2022 йил. 2-банди д)- кичикбанди 2022 йил 1 январдан уяли алоқа операторлари учун уяли алоқа хизматларига солинадиган акциз солиғи ставкасини 10 фоиз этиб ўрнатиш;,Ўзбекистон Республикаси Президенти қарори,2022-01-27 00:00:00,ПҚ-104,2024-12-31 00:00:00
385,Фойда солиғи,"ПҚ-104 27.01.2022 й.  2-банди б кичикбанди 3-хатбоши Тадбиркорлик субъектларига 2022 йил 1 январдан бошлаб 2027 йил 1 январга қадар меҳмонхона (жойлаштириш воситалари) ва майдони 5 минг квадрат метрдан юқори бўлган савдо комплекслари (шу жумладан, улар эгаллаган ер участкалари) бўйича фойда солиғини ҳисоблашда биноларнинг қийматини икки йил давомида амортизация харажатлари сифатида чегириш ҳуқуқини бериш;",Ўзбекистон Республикаси Президенти қарори,2022-01-27 00:00:00,ПҚ-104,2026-12-31 00:00:00
386,Мол-мулк солиғи,"ПҚ-104 27.01.2022 й.  2-банди б кичикбанди 2-хатбоши Тадбиркорлик субъектларига 2022 йил 1 январдан бошлаб 2027 йил 1 январга қадар меҳмонхона (жойлаштириш воситалари) ва майдони 5 минг квадрат метрдан юқори бўлган савдо комплекслари (шу жумладан, улар эгаллаган ер участкалари) бўйича юридик шахслардан олинадиган ер солиғи ва юридик шахсларнинг мол-мулкига солинадиган солиқ ставкаларини 90 фоизга камайтириш. Бунда, 2027 йил 1 январгача янгидан қуриладиган объектларга (шу жумладан, улар эгаллаган ер участкасига) нисбатан мазкур имтиёзни улар фойдаланишга топширилган ойдан бошлаб 5 йил муддат давомида қўллаш;",Ўзбекистон Республикаси Президенти қарори,2022-01-27 00:00:00,ПҚ-104,2026-12-31 00:00:00
387,Мол-мулк солиғи,"ПҚ-104 27.01.2022 йил. 2-банди в) кичикбанди 3-хатбоши 2022 йил 1 апрелдан бошлаб 2025 йил 1 январга қадар 1-иловада келтирилган туман ва шаҳарларда белгиланадиган туризм ҳудудларида рўйхатдан ўтган ҳамда ушбу ҳудудда умумий овқатланиш, меҳмонхона (жойлаштириш), савдо, кўнгилочар, туроператор ва турагент хизматларини кўрсатаётган тадбиркорлик субъектлари учун:_x000D_
ушбу ҳудудлардаги объектлар ва улар эгаллаган ер участкаси бўйича юридик шахсларнинг мол-мулкига солинадиган солиқ ва юридик шахслардан олинадиган ер солиғи миқдорларини — мазкур солиқлар бўйича ҳисобланган сумманинг 1 фоизи миқдорида белгилаш.",Ўзбекистон Республикаси Президенти қарори,2022-01-27 00:00:00,ПҚ-104,2024-12-31 00:00:00
388,Мол-мулк солиғи,"ПҚ-104 27.01.2022 йил. 2-банди е) кичикбанди 2022 йил 1 апрелдан бошлаб қишлоқ жойларда антенна-мачта металл конструкцияларини, уларга ўрнатилган ва уларнинг ажралмас қисми бўлган конструкциялар ҳамда улар эгаллаган ер участкаларини юридик шахсларнинг мол-мулкига солинадиган солиқдан ва юридик шахслардан олинадиган ер солиғидан озод этиш.",Ўзбекистон Республикаси Президенти қарори,2022-01-27 00:00:00,ПҚ-104,2024-12-31 00:00:00
389,Ер солиғи,"ПҚ-104 27.01.2022 й.  2-банди б кичикбанди 2-хатбоши Тадбиркорлик субъектларига 2022 йил 1 январдан бошлаб 2027 йил 1 январга қадар меҳмонхона (жойлаштириш воситалари) ва майдони 5 минг квадрат метрдан юқори бўлган савдо комплекслари (шу жумладан, улар эгаллаган ер участкалари) бўйича юридик шахслардан олинадиган ер солиғи ва юридик шахсларнинг мол-мулкига солинадиган солиқ ставкаларини 90 фоизга камайтириш. Бунда, 2027 йил 1 январгача янгидан қуриладиган объектларга (шу жумладан, улар эгаллаган ер участкасига) нисбатан мазкур имтиёзни улар фойдаланишга топширилган ойдан бошлаб 5 йил муддат давомида қўллаш;",Ўзбекистон Республикаси Президенти қарори,2022-01-27 00:00:00,ПҚ-104,2026-12-31 00:00:00
390,Ер солиғи,"ПҚ-104 27.01.2022 йил. 2-банди в) кичикбанди 3-хатбоши 2022 йил 1 апрелдан бошлаб 2025 йил 1 январга қадар 1-иловада келтирилган туман ва шаҳарларда белгиланадиган туризм ҳудудларида рўйхатдан ўтган ҳамда ушбу ҳудудда умумий овқатланиш, меҳмонхона (жойлаштириш), савдо, кўнгилочар, туроператор ва турагент хизматларини кўрсатаётган тадбиркорлик субъектлари учун:_x000D_
ушбу ҳудудлардаги объектлар ва улар эгаллаган ер участкаси бўйича юридик шахсларнинг мол-мулкига солинадиган солиқ ва юридик шахслардан олинадиган ер солиғи миқдорларини — мазкур солиқлар бўйича ҳисобланган сумманинг 1 фоизи миқдорида белгилаш.",Ўзбекистон Республикаси Президенти қарори,2022-01-27 00:00:00,ПҚ-104,2024-12-31 00:00:00
391,Ер солиғи,"ПҚ-104 27.01.2022 йил. 2-банди е)- кичикбанди 2022 йил 1 апрелдан бошлаб қишлоқ жойларда антенна-мачта металл конструкцияларини, уларга ўрнатилган ва уларнинг ажралмас қисми бўлган конструкциялар ҳамда улар эгаллаган ер участкаларини юридик шахсларнинг мол-мулкига солинадиган солиқдан ва юридик шахслардан олинадиган ер солиғидан озод этиш.",Ўзбекистон Республикаси Президенти қарори,2022-01-27 00:00:00,ПҚ-104,2024-12-31 00:00:00
392,Айланмадан олинадиган солиқ,"ПҚ-104 27.01.2022 йил. 2-банди в) кичикбанди 2-хатбоши 2022 йил 1 апрелдан бошлаб 2025 йил 1 январга қадар 1-иловада келтирилган туман ва шаҳарларда белгиланадиган туризм ҳудудларида рўйхатдан ўтган ҳамда ушбу ҳудудда умумий овқатланиш, меҳмонхона (жойлаштириш), савдо, кўнгилочар, туроператор ва турагент хизматларини кўрсатаётган тадбиркорлик субъектлари учун:_x000D_
айланмадан олинадиган солиқ ставкасини — 1 фоиз;_x000D_
",Ўзбекистон Республикаси Президенти қарори,2022-01-27 00:00:00,ПҚ-104,2024-12-31 00:00:00
393,Қўшилган қиймат солиғи,"ПҚ-113-сон. 03.02.2022 йил. 8-банди. Энергетика вазирлиги, Молия вазирлиги ва Давлат активларини бошқариш агентлигининг 4-иловада кўрсатилган «Иссиқлик электр станциялари» АЖ таркибидаги корхоналар ва «Ўзбекгидроэнерго» АЖ тасарруфида бўлган 110 — 500 кВ кучланишли тақсимловчи қурилмаларни ЎМЭТ тасарруфига баланс (қолдиқ) қиймати бўйича штат бирликлари билан бирга ўтказиш тўғрисидаги таклифига розилик берилсин._x000D_
Бунда, мазкур бандга мувофиқ хўжалик жамиятларининг бир ташкилотдан бошқа бир ташкилотга ўтказилаётган мулки ва мулкий ҳуқуқлари солиққа тортишнинг барча турлари бўйича солиқ солиш объекти ҳисобланмайди.",Ўзбекистон Республикаси Президенти қарори,2022-02-03 00:00:00,ПҚ-113,2025-02-04 00:00:00
394,Фойда солиғи,"ПҚ-116 04.02.2022 й.  4-банди 7-хатбошиси Технопарк ҳудудида махсус иқтисодий зоналар учун белгиланган алоҳида солиқ, божхона ва валюта тартиботлари амал қилади. Бунда, Ўзбекистон Республикаси Солиқ кодекси ва Ўзбекистон Республикасининг «Махсус иқтисодий зоналар тўғрисида»ги Қонунида белгиланган солиқ имтиёзлари, шунингдек, божхона тўловлари бўйича имтиёзлар Технопарк иштирокчилари, Дирекция ва бошқарув компанияси томонидан киритилган инвестициялар ҳажмидан қатъи назар 10 йил муддатга берилади.",Ўзбекистон Республикаси Президенти қарори,2022-02-03 00:00:00,ПҚ-116,2031-02-04 00:00:00
395,Сув ресурсларидан фойдаланганлик учун солиқ,"ПҚ 116 04.02.2022 й.  4-банди 7-хатбошиси Технопарк ҳудудида махсус иқтисодий зоналар учун белгиланган алоҳида солиқ, божхона ва валюта тартиботлари амал қилади. Бунда, Ўзбекистон Республикаси Солиқ кодекси ва Ўзбекистон Республикасининг «Махсус иқтисодий зоналар тўғрисида»ги Қонунида белгиланган солиқ имтиёзлари, шунингдек, божхона тўловлари бўйича имтиёзлар Технопарк иштирокчилари, Дирекция ва бошқарув компанияси томонидан киритилган инвестициялар ҳажмидан қатъи назар 10 йил муддатга берилади.",Ўзбекистон Республикаси Президенти қарори,2022-02-03 00:00:00,ПҚ-116,2031-02-04 00:00:00
396,Мол-мулк солиғи,"ПҚ 116 04.02.2022 й.  4-банди 7-хатбошиси Технопарк ҳудудида махсус иқтисодий зоналар учун белгиланган алоҳида солиқ, божхона ва валюта тартиботлари амал қилади. Бунда, Ўзбекистон Республикаси Солиқ кодекси ва Ўзбекистон Республикасининг «Махсус иқтисодий зоналар тўғрисида»ги Қонунида белгиланган солиқ имтиёзлари, шунингдек, божхона тўловлари бўйича имтиёзлар Технопарк иштирокчилари, Дирекция ва бошқарув компанияси томонидан киритилган инвестициялар ҳажмидан қатъи назар 10 йил муддатга берилади.",Ўзбекистон Республикаси Президенти қарори,2022-02-03 00:00:00,ПҚ-116,2031-02-04 00:00:00
397,Ер солиғи,"ПҚ 116 04.02.2022 й.  4-банди 7-хатбошиси Технопарк ҳудудида махсус иқтисодий зоналар учун белгиланган алоҳида солиқ, божхона ва валюта тартиботлари амал қилади. Бунда, Ўзбекистон Республикаси Солиқ кодекси ва Ўзбекистон Республикасининг «Махсус иқтисодий зоналар тўғрисида»ги Қонунида белгиланган солиқ имтиёзлари, шунингдек, божхона тўловлари бўйича имтиёзлар Технопарк иштирокчилари, Дирекция ва бошқарув компанияси томонидан киритилган инвестициялар ҳажмидан қатъи назар 10 йил муддатга берилади.",Ўзбекистон Республикаси Президенти қарори,2022-02-03 00:00:00,ПҚ-116,2031-02-04 00:00:00
398,Қўшилган қиймат солиғи," 29.09.2009 йилдаги ПҚ 1197-сонли қарорининг 10-банди 4-хатбошисига кўра  Узбек-Омон инвиститция компанияси фойда солиғи, ободонлаштириш ва ижтимоий инфратузилмани ривожлантириш солиғи, мол-мулк солиғи ва қўшилган қиймат солиқларидан 10 йил муддатга озод этилган.",Ўзбекистон Республикаси Президенти қарори,2009-09-29 00:00:00,ПҚ-1197,2029-12-31 00:00:00
399,Фойда солиғи," 29.09.2009 йилдаги ПҚ 1197-сонли қарорининг 10-банди 4-хатбошисига кўра  Узбек-Омон инвиститция компанияси фойда солиғи, ободонлаштириш ва ижтимоий инфратузилмани ривожлантириш солиғи, мол-мулк солиғи ва қўшилган қиймат солиқларидан 10 йил муддатга озод этилган._x000D_
(Ўзбекистон Республикаси Президентининг Фармони, 20.05.2019 йилдаги ПФ-5722-сон Фармонга асосан муддати 01.01.2030 йилгача)",Ўзбекистон Республикаси Президенти қарори,2009-09-29 00:00:00,ПҚ-1197,2029-12-31 00:00:00
400,Айланмадан олинадиган солиқ,"ПҚ-143 26.02.2022 й. 6-а)-банди. Чарм-пойабзал, мўйначилик соҳаси корхоналари ва чорва молларини сўйиш ва терини қайта ишловчи ташкилотлар учун кўзда тутилган солиқ ва божхона тўловлари бўйича имтиёзларни 2023 йил 1 январдан 2026 йил 1 январга қадар узайтириш",Ўзбекистон Республикаси Президенти қарори,2022-02-26 00:00:00,ПҚ-143,2025-12-31 00:00:00
401,Фойда солиғи,ПҚ-15 10.01.2024 й. 6-банд 2024 йил 1 январдан 2027 йил 1 январга қадар муддатга ҳисобот даври якунлари бўйича электротехника маҳсулотларини сотишдан тушган тушуми миқдори умумий тушумининг 80 фоизидан кам бўлмаган электротехника тармоғи корхоналарига фойда солиғи ва мол-мулк солиғи бўйича ставкаларни 50 фоизга камайтириш тарзида солиқ имтиёзлари берилсин.,Ўзбекистон Республикаси Президенти қарори,2024-01-10 00:00:00,ПҚ-15,2026-12-31 00:00:00
402,Мол-мулк солиғи,ПҚ-15 10.01.2024 й. 6-банд 2024 йил 1 январдан 2027 йил 1 январга қадар муддатга ҳисобот даври якунлари бўйича электротехника маҳсулотларини сотишдан тушган тушуми миқдори умумий тушумининг 80 фоизидан кам бўлмаган электротехника тармоғи корхоналарига фойда солиғи ва мол-мулк солиғи бўйича ставкаларни 50 фоизга камайтириш тарзида солиқ имтиёзлари берилсин.,Ўзбекистон Республикаси Президенти қарори,2024-01-10 00:00:00,ПҚ-15,2026-12-31 00:00:00
403,Фойда солиғи,"ПҚ-161 14.03.2022 Шундай тартиб ўрнатилсинки унга мувофиқ, 2022 йил 1 апрелдан 2025 йил 1 январга қадар ИТ-парк резидентларининг таъсисчилари (иштирокчилари) - Ўзбекистон Республикаси жисмоний ва юридик шахсларнинг дивидендлар тарзидаги даромадларига Ўзбекистон Республикасининг резидентлари сингари жисмоний ва юридик шахслардан олинадиган даромад солиғининг ва юридик шахслардан олинадиган фойда солиғининг 5 фоиз ставкаси татбиқ этилади.  ",Ўзбекистон Республикаси Президенти қарори,2022-03-14 00:00:00,ПҚ-161,2024-12-31 00:00:00
404,Қўшилган қиймат солиғи,"ПҚ-1672  30.12.2011й. 2-банди. Белгилаб қўйилсинки, 2012 йилнинг 1 январидан бошлаб оммавий ахборот воситалари ва китоб маҳсулотларини етказиб бериш хизматлари қўшилган қиймат солиғига тортилмайди.",Ўзбекистон Республикаси Президенти қарори,2012-01-01 00:00:00,ПҚ-1672,2024-12-31 00:00:00
405,Фойда солиғи,"ПҚ-1726  13.03.2012 й. 7-банди 3-хатбоши. «Ўзбекистон темир йўллари» ДАТЙК локомотивлар паркини янгилаш. 11 та секция юк ташувчи электровозларни харид қилиш» лойиҳасини амалга ошириш доирасида, Хитой Халқ Республикасининг Эксимбанки ва CNTIC - CNRDLRC (ХХР) консорциуми Ўзбекистон Республикаси ҳудудида тўлов манбаидан ундириладиган юридик шахслардан олинадиган фойда солиғи тўлашдан озод қилинсин.",Ўзбекистон Республикаси Президенти қарори,2012-03-13 00:00:00,ПҚ-1726,2032-03-13 00:00:00
406,Фойда солиғи,"ПҚ-1853  16.11.2012 й. 8-банди 2-хатбоши. «Ўзкимёсаноат» ДАК «Қўнғирот сода заводи» унитар корхонаси жалб этилган кредитларни қайтариш даврига конлар бўйича тижоратбоп топилма бонусини, умумдавлат ва маҳаллий солиқларни тўлашдан (қўшилган қиймат солиғидан ташқари) озод қилинсин.",Ўзбекистон Республикаси Президенти қарори,2012-11-16 00:00:00,ПҚ-1853,2033-06-30 00:00:00
407,Сув ресурсларидан фойдаланганлик учун солиқ,"ПҚ-1853  16.11.2012 й. 8-банди 2-хатбоши. «Ўзкимёсаноат» ДАК «Қўнғирот сода заводи» унитар корхонаси жалб этилган кредитларни қайтариш даврига конлар бўйича тижоратбоп топилма бонусини, умумдавлат ва маҳаллий солиқларни тўлашдан (қўшилган қиймат солиғидан ташқари) озод қилинсин.",Ўзбекистон Республикаси Президенти қарори,2012-11-16 00:00:00,ПҚ-1853,2033-06-30 00:00:00
408,Мол-мулк солиғи,"ПҚ-1853  16.11.2012 й. 8-банди 2-хатбоши. «Ўзкимёсаноат» ДАК «Қўнғирот сода заводи» унитар корхонаси жалб этилган кредитларни қайтариш даврига конлар бўйича тижоратбоп топилма бонусини, умумдавлат ва маҳаллий солиқларни тўлашдан (қўшилган қиймат солиғидан ташқари) озод қилинсин.",Ўзбекистон Республикаси Президенти қарори,2012-11-16 00:00:00,ПҚ-1853,2033-06-30 00:00:00
409,Ер солиғи,"ПҚ-1853  16.11.2012 й. 8-банди 2-хатбоши. «Ўзкимёсаноат» ДАК «Қўнғирот сода заводи» унитар корхонаси жалб этилган кредитларни қайтариш даврига конлар бўйича тижоратбоп топилма бонусини, умумдавлат ва маҳаллий солиқларни тўлашдан (қўшилган қиймат солиғидан ташқари) озод қилинсин.",Ўзбекистон Республикаси Президенти қарори,2012-11-15 00:00:00,ПҚ-1853,2033-06-30 00:00:00
410,Ижтимоий солиқ,"ПҚ-1853  16.11.2012 й. 8-банди 2-хатбоши. «Ўзкимёсаноат» ДАК «Қўнғирот сода заводи» унитар корхонаси жалб этилган кредитларни қайтариш даврига конлар бўйича тижоратбоп топилма бонусини, умумдавлат ва маҳаллий солиқларни тўлашдан (қўшилган қиймат солиғидан ташқари) озод қилинсин.",Ўзбекистон Республикаси Президенти қарори,2012-11-16 00:00:00,ПҚ-1853,2033-06-30 00:00:00
411,Айланмадан олинадиган солиқ,"ПҚ-1853  16.11.2012 й. 8-банди 2-хатбоши. «Ўзкимёсаноат» ДАК «Қўнғирот сода заводи» унитар корхонаси жалб этилган кредитларни қайтариш даврига конлар бўйича тижоратбоп топилма бонусини, умумдавлат ва маҳаллий солиқларни тўлашдан (қўшилган қиймат солиғидан ташқари) озод қилинсин.",Ўзбекистон Республикаси Президенти қарори,2012-11-16 00:00:00,ПҚ-1853,2033-06-30 00:00:00
412,Ер қаридан фойдаланганлик учун солиқ,"ПҚ-1853  16.11.2012 й. 8-банди 2-хатбоши. «Ўзкимёсаноат» ДАК «Қўнғирот сода заводи» унитар корхонаси жалб этилган кредитларни қайтариш даврига конлар бўйича тижоратбоп топилма бонусини, умумдавлат ва маҳаллий солиқларни тўлашдан (қўшилган қиймат солиғидан ташқари) озод қилинсин.",Ўзбекистон Республикаси Президенти қарори,2012-11-16 00:00:00,ПҚ-1853,2033-06-30 00:00:00
413,Фойда солиғи,ПҚ-1978  03.06.2013 й. 8-банди 3-хатбоши. «KFW» банкига тўланадиган фоизлар ва воситачилик ҳақи кўринишидаги даромадлари Ўзбекистон Республикасида тўлов манбаида юридик шахслардан олинадиган фойда солиғидан озод қилинсин.,Ўзбекистон Республикаси Президенти қарори,2013-06-03 00:00:00,ПҚ-1978,2053-06-03 00:00:00
414,Қўшилган қиймат солиғи,"ПҚ-1979  04.06.2013 й. 3-банди. Кўрсатиб ўтилган шартноманинг амал қилиш даврида, «Petromaruz Overseas LLP» компанияси ва ушбу компания томонидан жалб этиладиган нефть-газ операцияларини амалга оширадиган хорижий пудрат ҳамда субпудрат ташкилотлар шартномани амалга ошириш доирасида барча турдаги солиқ ва мажбурий тўловларни тўлашдан озод қилинсин.",Ўзбекистон Республикаси Президенти қарори,2013-06-04 00:00:00,ПҚ-1979,2038-06-03 00:00:00
415,Қўшилган қиймат солиғи,"ПҚ-1979  04.06.2013 й. 4-банди. Шартномани амалга ошириш доирасида «Petromaruz Overseas LLP» компанияси томонидан олиб келинган ва «Ўзнефтгазқазибчиқариш» акциядорлик компанияси мулкига беғараз бериладиган асбоб-ускуналар, моддий-техника ресурслари, махсус транспорт воситалари фойда солиғи ҳамда қўшилган қиймат солиғи бўйича солиқ солиш объекти ҳисобланмайди.",Ўзбекистон Республикаси Президенти қарори,2013-06-04 00:00:00,ПҚ-1979,2038-06-04 00:00:00
416,Фойда солиғи,"ПҚ-1979  04.06.2013 й. 3-банди. Кўрсатиб ўтилган шартноманинг амал қилиш даврида, «Petromaruz Overseas LLP» компанияси ва ушбу компания томонидан жалб этиладиган нефть-газ операцияларини амалга оширадиган хорижий пудрат ҳамда субпудрат ташкилотлар шартномани амалга ошириш доирасида барча турдаги солиқ ва мажбурий тўловларни тўлашдан озод қилинсин.",Ўзбекистон Республикаси Президенти қарори,2013-06-04 00:00:00,ПҚ-1979,2038-06-03 00:00:00
417,Фойда солиғи,"ПҚ-1979  04.06.2013 й. 4-банди. Шартномани амалга ошириш доирасида «Petromaruz Overseas LLP» компанияси томонидан олиб келинган ва «Ўзнефтгазқазибчиқариш» акциядорлик компанияси мулкига беғараз бериладиган асбоб-ускуналар, моддий-техника ресурслари, махсус транспорт воситалари фойда солиғи ҳамда қўшилган қиймат солиғи бўйича солиқ солиш объекти ҳисобланмайди.",Ўзбекистон Республикаси Президенти қарори,2013-06-04 00:00:00,ПҚ-1979,2038-06-04 00:00:00
418,Сув ресурсларидан фойдаланганлик учун солиқ,"ПҚ-1979  04.06.2013 й. 3-банди. Кўрсатиб ўтилган шартноманинг амал қилиш даврида, «Petromaruz Overseas LLP» компанияси ва ушбу компания томонидан жалб этиладиган нефть-газ операцияларини амалга оширадиган хорижий пудрат ҳамда субпудрат ташкилотлар шартномани амалга ошириш доирасида барча турдаги солиқ ва мажбурий тўловларни тўлашдан озод қилинсин.",Ўзбекистон Республикаси Президенти қарори,2013-06-04 00:00:00,ПҚ-1979,2038-06-03 00:00:00
419,Мол-мулк солиғи,"ПҚ-1979  04.06.2013 й. 3-банди. Кўрсатиб ўтилган шартноманинг амал қилиш даврида, «Petromaruz Overseas LLP» компанияси ва ушбу компания томонидан жалб этиладиган нефть-газ операцияларини амалга оширадиган хорижий пудрат ҳамда субпудрат ташкилотлар шартномани амалга ошириш доирасида барча турдаги солиқ ва мажбурий тўловларни тўлашдан озод қилинсин.",Ўзбекистон Республикаси Президенти қарори,2013-06-04 00:00:00,ПҚ-1979,2038-06-03 00:00:00
420,Ер солиғи,"ПҚ-1979  04.06.2013 й. 3-банди. Кўрсатиб ўтилган шартноманинг амал қилиш даврида, «Petromaruz Overseas LLP» компанияси ва ушбу компания томонидан жалб этиладиган нефть-газ операцияларини амалга оширадиган хорижий пудрат ҳамда субпудрат ташкилотлар шартномани амалга ошириш доирасида барча турдаги солиқ ва мажбурий тўловларни тўлашдан озод қилинсин.",Ўзбекистон Республикаси Президенти қарори,2013-06-04 00:00:00,ПҚ-1979,2038-06-03 00:00:00
421,Ижтимоий солиқ,"ПҚ-1979  04.06.2013 й. 3-банди. Кўрсатиб ўтилган шартноманинг амал қилиш даврида, «Petromaruz Overseas LLP» компанияси ва ушбу компания томонидан жалб этиладиган нефть-газ операцияларини амалга оширадиган хорижий пудрат ҳамда субпудрат ташкилотлар шартномани амалга ошириш доирасида барча турдаги солиқ ва мажбурий тўловларни тўлашдан озод қилинсин.",Ўзбекистон Республикаси Президенти қарори,2013-06-04 00:00:00,ПҚ-1979,2038-06-03 00:00:00
422,Айланмадан олинадиган солиқ,"ПҚ-1979  04.06.2013 й. 3-банди. Кўрсатиб ўтилган шартноманинг амал қилиш даврида, «Petromaruz Overseas LLP» компанияси ва ушбу компания томонидан жалб этиладиган нефть-газ операцияларини амалга оширадиган хорижий пудрат ҳамда субпудрат ташкилотлар шартномани амалга ошириш доирасида барча турдаги солиқ ва мажбурий тўловларни тўлашдан озод қилинсин.",Ўзбекистон Республикаси Президенти қарори,2013-06-04 00:00:00,ПҚ-1979,2038-06-03 00:00:00
423,Ер қаридан фойдаланганлик учун солиқ,"ПҚ-1979  04.06.2013 й. 3-банди. Кўрсатиб ўтилган шартноманинг амал қилиш даврида, «Petromaruz Overseas LLP» компанияси ва ушбу компания томонидан жалб этиладиган нефть-газ операцияларини амалга оширадиган хорижий пудрат ҳамда субпудрат ташкилотлар шартномани амалга ошириш доирасида барча турдаги солиқ ва мажбурий тўловларни тўлашдан озод қилинсин.",Ўзбекистон Республикаси Президенти қарори,2013-06-04 00:00:00,ПҚ-1979,2038-06-03 00:00:00
424,Қўшилган қиймат солиғи,"ПҚ-2025  19.08.2013 й. 3-банди. Кўрсатиб ўтилган шартноманинг амал қилиш даврида, «Чегара Продакшн Лимитед» компанияси ва ушбу компания томонидан жалб этиладиган нефть-газ операцияларини амалга оширадиган хорижий пудрат ҳамда субпудрат ташкилотлар шартномани амалга ошириш доирасида барча турдаги солиқ ва мажбурий тўловларни тўлашдан озод қилинсин.",Ўзбекистон Республикаси Президенти қарори,2013-08-19 00:00:00,ПҚ-2025,2038-08-19 00:00:00
425,Фойда солиғи,"ПҚ-2025  19.08.2013 й. 3-банди. Кўрсатиб ўтилган шартноманинг амал қилиш даврида, «Чегара Продакшн Лимитед» компанияси ва ушбу компания томонидан жалб этиладиган нефть-газ операцияларини амалга оширадиган хорижий пудрат ҳамда субпудрат ташкилотлар шартномани амалга ошириш доирасида барча турдаги солиқ ва мажбурий тўловларни тўлашдан озод қилинсин.",Ўзбекистон Республикаси Президенти қарори,2013-08-19 00:00:00,ПҚ-2025,2038-08-19 00:00:00
426,Сув ресурсларидан фойдаланганлик учун солиқ,"ПҚ-2025  19.08.2013 й. 3-банди. Кўрсатиб ўтилган шартноманинг амал қилиш даврида, «Чегара Продакшн Лимитед» компанияси ва ушбу компания томонидан жалб этиладиган нефть-газ операцияларини амалга оширадиган хорижий пудрат ҳамда субпудрат ташкилотлар шартномани амалга ошириш доирасида барча турдаги солиқ ва мажбурий тўловларни тўлашдан озод қилинсин.",Ўзбекистон Республикаси Президенти қарори,2013-08-19 00:00:00,ПҚ-2025,2038-08-19 00:00:00
427,Мол-мулк солиғи,"ПҚ-2025  19.08.2013 й. 3-банди. Кўрсатиб ўтилган шартноманинг амал қилиш даврида, «Чегара Продакшн Лимитед» компанияси ва ушбу компания томонидан жалб этиладиган нефть-газ операцияларини амалга оширадиган хорижий пудрат ҳамда субпудрат ташкилотлар шартномани амалга ошириш доирасида барча турдаги солиқ ва мажбурий тўловларни тўлашдан озод қилинсин.",Ўзбекистон Республикаси Президенти қарори,2013-08-19 00:00:00,ПҚ-2025,2038-08-19 00:00:00
428,Ер солиғи,"ПҚ-2025  19.08.2013 й. 3-банди. Кўрсатиб ўтилган шартноманинг амал қилиш даврида, «Чегара Продакшн Лимитед» компанияси ва ушбу компания томонидан жалб этиладиган нефть-газ операцияларини амалга оширадиган хорижий пудрат ҳамда субпудрат ташкилотлар шартномани амалга ошириш доирасида барча турдаги солиқ ва мажбурий тўловларни тўлашдан озод қилинсин.",Ўзбекистон Республикаси Президенти қарори,2013-08-19 00:00:00,ПҚ-2025,2038-08-19 00:00:00
429,Айланмадан олинадиган солиқ,"ПҚ-2025  19.08.2013 й. 3-банди. Кўрсатиб ўтилган шартноманинг амал қилиш даврида, «Чегара Продакшн Лимитед» компанияси ва ушбу компания томонидан жалб этиладиган нефть-газ операцияларини амалга оширадиган хорижий пудрат ҳамда субпудрат ташкилотлар шартномани амалга ошириш доирасида барча турдаги солиқ ва мажбурий тўловларни тўлашдан озод қилинсин.",Ўзбекистон Республикаси Президенти қарори,2013-08-19 00:00:00,ПҚ-2025,2038-08-19 00:00:00
430,Ер қаридан фойдаланганлик учун солиқ,"ПҚ-2025  19.08.2013 й. 3-банди. Кўрсатиб ўтилган шартноманинг амал қилиш даврида, «Чегара Продакшн Лимитед» компанияси ва ушбу компания томонидан жалб этиладиган нефть-газ операцияларини амалга оширадиган хорижий пудрат ҳамда субпудрат ташкилотлар шартномани амалга ошириш доирасида барча турдаги солиқ ва мажбурий тўловларни тўлашдан озод қилинсин.",Ўзбекистон Республикаси Президенти қарори,2013-08-19 00:00:00,ПҚ-2025,2038-08-19 00:00:00
431,ЖШДС,"ПҚ-214 21.04.2022 й. 2-банди 2-хатбоши Белгилансинки, 2022 йил 1 июлдан 2025 йил 1 январга қадар: касаначиларга жисмоний шахслардан олинадиган даромад солиғи касаначиликдан олинадиган жами даромадни 50 фоизга, бироқ ҳисобот даври (бир ой)да кўпи билан бир миллион сўмгача камайтирган ҳолда ҳисобланади;",Ўзбекистон Республикаси Президенти қарори,2022-04-21 00:00:00,ПҚ-214,2025-01-01 00:00:00
432,Мол-мулк солиғи,"ПҚ-232 30.04.2022 й. 20-банд Белгилансинки: 2022 йил 1 июлдан бошлаб «Туризм маҳалласи», «Туризм қишлоғи» ёки «Туризм овули» мақоми берилган фуқаролар йиғинлари ҳудудларида меҳмон уйлари, овқатланиш, кўнгилочар жойлар ташкил этган тадбиркорлар учун Ўзбекистон Республикаси Президентининг 2022 йил 27 январдаги «Хизматлар соҳасини ривожлантиришга оид қўшимча чора-тадбирлар тўғрисида»ги ПҚ-104-сон қарори 2-бандининг «а» ва «в» кичик бандларида назарда тутилган солиқ имтиёзлари ва қоидалари татбиқ этилади;",Ўзбекистон Республикаси Президенти қарори,2022-04-30 00:00:00,ПҚ-232,2025-01-01 00:00:00
433,Ер солиғи,"ПҚ-232 30.04.2022 й. 20-банд Белгилансинки: 2022 йил 1 июлдан бошлаб «Туризм маҳалласи», «Туризм қишлоғи» ёки «Туризм овули» мақоми берилган фуқаролар йиғинлари ҳудудларида меҳмон уйлари, овқатланиш, кўнгилочар жойлар ташкил этган тадбиркорлар учун Ўзбекистон Республикаси Президентининг 2022 йил 27 январдаги «Хизматлар соҳасини ривожлантиришга оид қўшимча чора-тадбирлар тўғрисида»ги ПҚ-104-сон қарори 2-бандининг «а» ва «в» кичик бандларида назарда тутилган солиқ имтиёзлари ва қоидалари татбиқ этилади;",Ўзбекистон Республикаси Президенти қарори,2022-04-30 00:00:00,ПҚ-232,2025-01-01 00:00:00
434,Ижтимоий солиқ,"ПҚ-232 30.04.2022 й. 20-банд Белгилансинки: 2022 йил 1 июлдан бошлаб «Туризм маҳалласи», «Туризм қишлоғи» ёки «Туризм овули» мақоми берилган фуқаролар йиғинлари ҳудудларида меҳмон уйлари, овқатланиш, кўнгилочар жойлар ташкил этган тадбиркорлар учун Ўзбекистон Республикаси Президентининг 2022 йил 27 январдаги «Хизматлар соҳасини ривожлантиришга оид қўшимча чора-тадбирлар тўғрисида»ги ПҚ-104-сон қарори 2-бандининг «а» ва «в» кичик бандларида назарда тутилган солиқ имтиёзлари ва қоидалари татбиқ этилади;",Ўзбекистон Республикаси Президенти қарори,2022-04-30 00:00:00,ПҚ-232,2025-01-01 00:00:00
435,Айланмадан олинадиган солиқ,"ПҚ-232 30.04.2022 й. 20-банд Белгилансинки: 2022 йил 1 июлдан бошлаб «Туризм маҳалласи», «Туризм қишлоғи» ёки «Туризм овули» мақоми берилган фуқаролар йиғинлари ҳудудларида меҳмон уйлари, овқатланиш, кўнгилочар жойлар ташкил этган тадбиркорлар учун Ўзбекистон Республикаси Президентининг 2022 йил 27 январдаги «Хизматлар соҳасини ривожлантиришга оид қўшимча чора-тадбирлар тўғрисида»ги ПҚ-104-сон қарори 2-бандининг «а» ва «в» кичик бандларида назарда тутилган солиқ имтиёзлари ва қоидалари татбиқ этилади;",Ўзбекистон Республикаси Президенти қарори,2022-04-30 00:00:00,ПҚ-232,2025-01-01 00:00:00
436,Қўшилган қиймат солиғи,"ПҚ-2343  05.05.2015 й. 5-банди 2-хатбоши. «Ўзбекэнерго» ДАКнинг таркибий корхоналарга сотиладиган энергия ҳажмлари учун қўшилган қиймат солиғи ҳамда Ўзбекистон Республикаси Молия вазирлиги ҳузуридаги Республика йўл жамғармаси ва бюджетдан ташқари Умумтаълим мактаблари, касб-ҳунар коллежлари, академик лицейлар ва тиббиёт муассасаларини реконструкция қилиш, мукаммал таъмирлаш ва жиҳозлаш жамғармасига мажбурий ажратмалар тўлашдан озод қилинсин.",Ўзбекистон Республикаси Президенти қарори,2015-05-05 00:00:00,ПҚ-2343,2025-05-01 00:00:00
437,Мол-мулк солиғи,"ПҚ-2343  05.05.2015 й. 5-банди 2-хатбоши. Қайта тикланадиган манбалардан энергия ишлаб чиқарувчи қурилмалардан фойдаланган ҳолда (номинал қуввати 0,1 МВт ва ундан кўпроқ) энергия ҳосил қилувчи корхона ва ташкилотлар улар фойдаланишга топширилган вақтдан бошлаб 10 йил муддатга - қайта тикланадиган манбалардан энергия ишлаб чиқариш қурилмалари учун мулк солиғидан ва ушбу қурилмалар эгаллаган участкалар учун ер солиғидан озод қилинсин.",Ўзбекистон Республикаси Президенти қарори,2015-05-05 00:00:00,ПҚ-2343,2025-05-01 00:00:00
438,Ер солиғи,"ПҚ-2343  05.05.2015 й. 5-банди 2-хатбоши. Қайта тикланадиган манбалардан энергия ишлаб чиқарувчи қурилмалардан фойдаланган ҳолда (номинал қуввати 0,1 МВт ва ундан кўпроқ) энергия ҳосил қилувчи корхона ва ташкилотлар улар фойдаланишга топширилган вақтдан бошлаб 10 йил муддатга - қайта тикланадиган манбалардан энергия ишлаб чиқариш қурилмалари учун мулк солиғидан ва ушбу қурилмалар эгаллаган участкалар учун ер солиғидан озод қилинсин.",Ўзбекистон Республикаси Президенти қарори,2015-05-05 00:00:00,ПҚ-2343,2025-05-01 00:00:00
439,Мол-мулк солиғи,ПҚ-238 27.07.2023 й. 5-б. 2026 йил 1 июлга қадар етиб бориш қийин бўлган ва чекка жойларда (аҳоли яшаш пунктларидан камида 10 км ёки қаттиқ қопламали автомобиль йўлларидан 5 км узоқликда) алоҳида автоном инфратузилмани яратган ҳолда кемпинглар ташкил этган ва «сафари» туризми хизматларини кўрсатадиган юридик шахсларнинг мазкур фаолият тури бўйича мол-мулкига солинадиган солиқ ва юридик шахслардан олинадиган ер солиғи ставкалари ушбу солиқлар бўйича ҳисобланган сумманинг 1 фоизи миқдорида белгилансин.,Ўзбекистон Республикаси Президенти қарори,2023-07-27 00:00:00,ПҚ-238,2026-07-01 00:00:00
440,Ер солиғи,ПҚ-238 27.07.2023 й. 5-б. 2026 йил 1 июлга қадар етиб бориш қийин бўлган ва чекка жойларда (аҳоли яшаш пунктларидан камида 10 км ёки қаттиқ қопламали автомобиль йўлларидан 5 км узоқликда) алоҳида автоном инфратузилмани яратган ҳолда кемпинглар ташкил этган ва «сафари» туризми хизматларини кўрсатадиган юридик шахсларнинг мазкур фаолият тури бўйича мол-мулкига солинадиган солиқ ва юридик шахслардан олинадиган ер солиғи ставкалари ушбу солиқлар бўйича ҳисобланган сумманинг 1 фоизи миқдорида белгилансин.,Ўзбекистон Республикаси Президенти қарори,2023-07-27 00:00:00,ПҚ-238,2026-07-01 00:00:00
441,Ижтимоий солиқ,ПҚ-241 11.05.2022 й. 12-банди 3-хатбоши.  2022 йил 1 сентябрдан бошлаб 2025 йил 1 январга қадар халқ таълими тизимидаги муассаса ва ташкилотларнинг бюджетдан ташқари маблағлари ҳисобидан амалга ошириладиган иш ҳақи ва унга тенглаштирилган тўловларга ижтимоий солиқ ставкаси 1 фоиз миқдорида белгиланади (БЮДЖЕТ ТАШКИЛОТЛАРИ УЧУН),Ўзбекистон Республикаси Президенти қарори,2022-05-11 00:00:00,ПҚ-241,2024-12-31 00:00:00
442,Қўшилган қиймат солиғи,"ПҚ-2410 21.09.2015 й. 8-банди. Лойиҳани амалга ошириш доирасида (2015 2024йиллар), ХТТБнинг қарз маблағлари ҳисобига сотиб олинадиган товарлар (ишлар, хизматлар) ва транспорт воситалари божхона тўловларидан (божхона йиғимларидан ташқари), қўшилган қиймат солиғидан, давлат мақсадли жамғармаларига мажбурий ажратмалар ва йиғимлардан озод қилинсин. (PQ-96 15.03.2023 )",Ўзбекистон Республикаси Президенти қарори,2015-09-21 00:00:00,ПҚ-2410,2024-12-31 00:00:00
443,Фойда солиғи,ПҚ-2441 01.12.2015 й. 9-банди 6-хатбоши. Иккита тезюрар Talgo-250 (Испания) йўловчи электропоездларига кафолат ва сервис хизматларини кўрсатиш даврида олинадиган эҳтиёт қисмлар қиймати юридик шахслардан олинадиган фойда солиғининг солиқ солиш объектида ҳисобга олинмайди.,Ўзбекистон Республикаси Президенти қарори,2015-12-01 00:00:00,ПҚ-2441,2028-12-01 00:00:00
444,Мол-мулк солиғи,ПҚ-2441 01.12.2015 й. 9-банди 4-хатбоши. Иккита тезюрар Talgo-250 (Испания) йўловчи электропоездлари фойдаланишга топширилган пайтдан бошлаб 10 йил муддатга мол-мулк солиғидан озод қилинсин.,Ўзбекистон Республикаси Президенти қарори,2015-12-01 00:00:00,ПҚ-2441,2028-12-01 00:00:00
445,Мол-мулк солиғи,"ПҚ-264 30.05.2022 й. 2-банд. в-кичикбанди  Шимолий туманларда 2025 йил 1 январга қадар эксперимент тариқасида қишлоқ хўжалигида фойдаланишдан чиқиб кетган ҳамда янгидан ўзлаштиришга мўлжалланган ер майдонларини инвесторларга «E-AUKSION» электрон савдо платформасида очиқ электрон танлов асосида 30 йилга қишлоқ хўжалиги фаолиятини юритиш учун ижарага беришнинг қуйидагиларни назарда тутувчи тартиби жорий этилсин: шимолий туманлардан рўйхатдан ўтиб, мазкур ер майдонларида фаолият юритадиган қишлоқ хўжалигига ихтисослашган тадбиркорлик субъектларига (бундан кластерлар мустасно) ушбу фаолиятдан олинадиган даромади бўйича айланмадан олинадиган солиқ, шунингдек, мазкур туманлардаги қишлоқ хўжалиги маҳсулоти етиштириш ва сақлаш мақсадида фойдаланиладиган ер участкалари ва мол-мулки бўйича юридик шахслардан олинадиган ер солиғи ва юридик шахсларнинг мол-мулкига солинадиган солиқ ставкалари 50 фоизга камайтирилади;",Ўзбекистон Республикаси Президенти қарори,2022-05-30 00:00:00,ПҚ-264,2024-12-31 00:00:00
446,Ер солиғи,"ПҚ-264 30.05.2022 й. 2-банд. в-кичикбанди  Шимолий туманларда 2025 йил 1 январга қадар эксперимент тариқасида қишлоқ хўжалигида фойдаланишдан чиқиб кетган ҳамда янгидан ўзлаштиришга мўлжалланган ер майдонларини инвесторларга «E-AUKSION» электрон савдо платформасида очиқ электрон танлов асосида 30 йилга қишлоқ хўжалиги фаолиятини юритиш учун ижарага беришнинг қуйидагиларни назарда тутувчи тартиби жорий этилсин: шимолий туманлардан рўйхатдан ўтиб, мазкур ер майдонларида фаолият юритадиган қишлоқ хўжалигига ихтисослашган тадбиркорлик субъектларига (бундан кластерлар мустасно) ушбу фаолиятдан олинадиган даромади бўйича айланмадан олинадиган солиқ, шунингдек, мазкур туманлардаги қишлоқ хўжалиги маҳсулоти етиштириш ва сақлаш мақсадида фойдаланиладиган ер участкалари ва мол-мулки бўйича юридик шахслардан олинадиган ер солиғи ва юридик шахсларнинг мол-мулкига солинадиган солиқ ставкалари 50 фоизга камайтирилади;",Ўзбекистон Республикаси Президенти қарори,2022-05-30 00:00:00,ПҚ-264,2025-01-01 00:00:00
447,Айланмадан олинадиган солиқ,"ПҚ-264 30.05.2022 й. 2-банд. в-кичикбанди  Шимолий туманларда 2025 йил 1 январга қадар эксперимент тариқасида қишлоқ хўжалигида фойдаланишдан чиқиб кетган ҳамда янгидан ўзлаштиришга мўлжалланган ер майдонларини инвесторларга «E-AUKSION» электрон савдо платформасида очиқ электрон танлов асосида 30 йилга қишлоқ хўжалиги фаолиятини юритиш учун ижарага беришнинг қуйидагиларни назарда тутувчи тартиби жорий этилсин: шимолий туманлардан рўйхатдан ўтиб, мазкур ер майдонларида фаолият юритадиган қишлоқ хўжалигига ихтисослашган тадбиркорлик субъектларига (бундан кластерлар мустасно) ушбу фаолиятдан олинадиган даромади бўйича айланмадан олинадиган солиқ, шунингдек, мазкур туманлардаги қишлоқ хўжалиги маҳсулоти етиштириш ва сақлаш мақсадида фойдаланиладиган ер участкалари ва мол-мулки бўйича юридик шахслардан олинадиган ер солиғи ва юридик шахсларнинг мол-мулкига солинадиган солиқ ставкалари 50 фоизга камайтирилади;",Ўзбекистон Республикаси Президенти қарори,2022-05-30 00:00:00,ПҚ-264,2024-12-31 00:00:00
448,Фойда солиғи,"ПҚ-2658 17.11.2016 й. 14-банди 6-хатбоши. 2025 йил 1 январга қадар, «Ўзагролизинг» АЖ ва «Ўзмашлизинг» МЧЖ лизинг операцияларидан тушадиган даромадлар бўйича фойда солиғи ва ягона солиқ тўлови тўлашдан озод қилинсин. (11.11.2021 йилдаги ПҚ-7-сон)",Ўзбекистон Республикаси Президенти қарори,2016-11-17 00:00:00,ПҚ-2658,2024-12-31 00:00:00
449,Мол-мулк солиғи,"ПҚ-2658 17.11.2016 й. 14-банди 4-хатбоши. 2025 йил 1 январга қадар, «Тошкент қишлоқ хўжалиги техникаси заводи» АЖ ва «Чирчиқ қишлоқ хўжалиги техникаси заводи» АЖ мол-мулк солиғи тўлашдан озод қилинсин. (11.11.2021 йилдаги ПҚ-7-сон)",Ўзбекистон Республикаси Президенти қарори,2016-11-17 00:00:00,ПҚ-2658,2024-12-31 00:00:00
450,Қўшилган қиймат солиғи,"ПҚ-2727 13.01.2017 й. 10-банди 4-хатбоши Белгилансинки, «Шарғункўмир» УКни модернизация қилиш ва лойиҳа қувватини йилига 900 минг тоннагача тошкўмир қазиб олишга етказиш» инвестиция лойиҳасини амалга ошириш доирасида ва янги кўмир қазиб олиш технологиясини ишлатиш бўйича пудратчи билан имзоланадиган шартноманинг (контрактнинг) амал қилиш даврида ёки 2026 йил 1 июлга қадар маҳаллий етказиб берувчилар ва субпудратчилар консорциумга сотадиган товарларга (ишлар, хизматлар) улар Ўзбекистон Республикасининг божхона ҳудуди ташқарисига олиб чиқилмаган тақдирда қўшилган қиймат солиғи «нуль» ставка бўйича солинади. (ПФ-6311 10.09.2021 й, ПҚ-159 16.05.2023 й)",Ўзбекистон Республикаси Президенти қарори,2017-01-13 00:00:00,ПҚ-2727,2026-07-01 00:00:00
451,Қўшилган қиймат солиғи,"ПҚ-2727 13.01.2017 й. 11-банди 2-хатбоши «Шарғункўмир» УКни модернизация қилиш ва лойиҳа қувватини йилига 900 минг тоннагача тошкўмир қазиб олишга етказиш» инвестиция лойиҳасини амалга ошириш ва янги кўмир қазиб олиш технологиясини ишлатиш бўйича пудратчи билан имзоланадиган шартноманинг (контрактнинг) амал қилиш даврида ёки 2026 йил 1 июлга қадар «Ўзбекистон Темир йўллари» АЖ, «Ўзбеккўмир» УК ва «Шарғункўмир» УК Ўзбекистон Республикаси норезидентлари бажарадиган ишлар (хизматлар) бўйича қўшилган қиймат солиғидан (ПҚ-159 16.05.2023 й)",Ўзбекистон Республикаси Президенти қарори,2017-01-13 00:00:00,ПҚ-2727,2026-07-01 00:00:00
452,Қўшилган қиймат солиғи,"ПҚ-2727 13.01.2017 й. 11-банди 3-хатбоши «Шарғункўмир» УКни модернизация қилиш ва лойиҳа қувватини йилига 900 минг тоннагача тошкўмир қазиб олишга етказиш» инвестиция лойиҳасини амалга ошириш ва янги кўмир қазиб олиш технологиясини ишлатиш бўйича пудратчи билан имзоланадиган шартноманинг (контрактнинг) амал қилиш даврида ёки 2026 йил 1 июлга қадар консорциум, пудратчи, субпудратчи ташкилотлар ва мустақил халқаро маслаҳатчилар Ўзбекистон Республикасининг доимий муассаса орқали фаолият кўрсатадиган норезидентлари тўлайдиган солиқлар, шу жумладан Ўзбекистон Республикаси ҳудудида тўлов манбаи бўлган даромадлардан олинадиган жисмоний шахслар даромад солиғидан (ПҚ-159 16.05.2023 й)",Ўзбекистон Республикаси Президенти қарори,2017-01-13 00:00:00,ПҚ-2727,2026-07-01 00:00:00
453,Фойда солиғи,"ПҚ-2727 13.01.2017 й. 11-банди 3-хатбоши «Шарғункўмир» УКни модернизация қилиш ва лойиҳа қувватини йилига 900 минг тоннагача тошкўмир қазиб олишга етказиш» инвестиция лойиҳасини амалга ошириш ва янги кўмир қазиб олиш технологиясини ишлатиш бўйича пудратчи билан имзоланадиган шартноманинг (контрактнинг) амал қилиш даврида ёки 2026 йил 1 июлга қадар консорциум, пудратчи, субпудратчи ташкилотлар ва мустақил халқаро маслаҳатчилар Ўзбекистон Республикасининг доимий муассаса орқали фаолият кўрсатадиган норезидентлари тўлайдиган солиқлар, шу жумладан Ўзбекистон Республикаси ҳудудида тўлов манбаи бўлган даромадлардан олинадиган жисмоний шахслар даромад солиғидан (ПҚ-159 16.05.2023 й)",Ўзбекистон Республикаси Президенти қарори,2017-01-13 00:00:00,ПҚ-2727,2026-07-01 00:00:00
454,ЖШДС,"ПҚ-2727 13.01.2017 й. 11-банди 3-хатбоши «Шарғункўмир» УКни модернизация қилиш ва лойиҳа қувватини йилига 900 минг тоннагача тошкўмир қазиб олишга етказиш» инвестиция лойиҳасини амалга ошириш ва янги кўмир қазиб олиш технологиясини ишлатиш бўйича пудратчи билан имзоланадиган шартноманинг (контрактнинг) амал қилиш даврида ёки 2026 йил 1 июлга қадар консорциум, пудратчи, субпудратчи ташкилотлар ва мустақил халқаро маслаҳатчилар Ўзбекистон Республикасининг доимий муассаса орқали фаолият кўрсатадиган норезидентлари тўлайдиган солиқлар, шу жумладан Ўзбекистон Республикаси ҳудудида тўлов манбаи бўлган даромадлардан олинадиган жисмоний шахслар даромад солиғидан (ПҚ-159 16.05.2023 й)",Ўзбекистон Республикаси Президенти қарори,2017-01-13 00:00:00,ПҚ-2727,2026-07-01 00:00:00
455,ЖШДС,ПҚ-2727 13.01.2017 й. 11-банди 4-хатбоши «Шарғункўмир» УКни модернизация қилиш ва лойиҳа қувватини йилига 900 минг тоннагача тошкўмир қазиб олишга етказиш» инвестиция лойиҳасини амалга ошириш ва янги кўмир қазиб олиш технологиясини ишлатиш бўйича пудратчи билан имзоланадиган шартноманинг (контрактнинг) амал қилиш даврида ёки 2026 йил 1 июлга қадар Ўзбекистон Республикасининг инвестиция лойиҳасини амалга оширишда иштирок этадиган жисмоний шахслар-норезидентлар Ўзбекистон Республикаси худудида ундириладигаи жисмоний шахслар даромади солиғидан; (ПҚ-159 16.05.2023 й),Ўзбекистон Республикаси Президенти қарори,2017-01-13 00:00:00,ПҚ-2727,2026-07-01 00:00:00
456,ЖШДС,"ПҚ-2727 13.01.2017 й. 11-банди 5-хатбоши «Шарғункўмир» УКни модернизация қилиш ва лойиҳа қувватини йилига 900 минг тоннагача тошкўмир қазиб олишга етказиш» инвестиция лойиҳасини амалга ошириш ва янги кўмир қазиб олиш технологиясини ишлатиш бўйича пудратчи билан имзоланадиган шартноманинг (контрактнинг) амал қилиш даврида ёки 2026 йил 1 июлга қадар инвестиция лойиҳасини амалга оширишда иштирок этаётган Ўзбекистон Республикаси норезидентларининг доимий муассасалари ягона ижтимоий тўловдан, хорижий фуқароларнинг меҳнатига ҳақ тўлаш тарзидаги даромад солиғи тўлашдан (ПҚ-159 16.05.2023 й)",Ўзбекистон Республикаси Президенти қарори,2017-01-13 00:00:00,ПҚ-2727,2026-07-01 00:00:00
457,Мол-мулк солиғи,"ПҚ-2727 13.01.2017 й. 11-банди 3-хатбоши «Шарғункўмир» УКни модернизация қилиш ва лойиҳа қувватини йилига 900 минг тоннагача тошкўмир қазиб олишга етказиш» инвестиция лойиҳасини амалга ошириш ва янги кўмир қазиб олиш технологиясини ишлатиш бўйича пудратчи билан имзоланадиган шартноманинг (контрактнинг) амал қилиш даврида ёки 2026 йил 1 июлга қадар консорциум, пудратчи, субпудратчи ташкилотлар ва мустақил халқаро маслаҳатчилар Ўзбекистон Республикасининг доимий муассаса орқали фаолият кўрсатадиган норезидентлари тўлайдиган солиқлар, шу жумладан Ўзбекистон Республикаси ҳудудида тўлов манбаи бўлган даромадлардан олинадиган жисмоний шахслар даромад солиғидан (ПҚ-159 16.05.2023 й)",Ўзбекистон Республикаси Президенти қарори,2017-01-13 00:00:00,ПҚ-2727,2026-07-01 00:00:00
458,Ер солиғи,"ПҚ-2727 13.01.2017 й. 11-банди 3-хатбоши «Шарғункўмир» УКни модернизация қилиш ва лойиҳа қувватини йилига 900 минг тоннагача тошкўмир қазиб олишга етказиш» инвестиция лойиҳасини амалга ошириш ва янги кўмир қазиб олиш технологиясини ишлатиш бўйича пудратчи билан имзоланадиган шартноманинг (контрактнинг) амал қилиш даврида ёки 2026 йил 1 июлга қадар консорциум, пудратчи, субпудратчи ташкилотлар ва мустақил халқаро маслаҳатчилар Ўзбекистон Республикасининг доимий муассаса орқали фаолият кўрсатадиган норезидентлари тўлайдиган солиқлар, шу жумладан Ўзбекистон Республикаси ҳудудида тўлов манбаи бўлган даромадлардан олинадиган жисмоний шахслар даромад солиғидан (ПҚ-159 16.05.2023 й)",Ўзбекистон Республикаси Президенти қарори,2017-01-13 00:00:00,ПҚ-2727,2026-07-01 00:00:00
459,Ижтимоий солиқ,"ПҚ-2727 13.01.2017 й. 11-банди 5-хатбоши «Шарғункўмир» УКни модернизация қилиш ва лойиҳа қувватини йилига 900 минг тоннагача тошкўмир қазиб олишга етказиш» инвестиция лойиҳасини амалга ошириш ва янги кўмир қазиб олиш технологиясини ишлатиш бўйича пудратчи билан имзоланадиган шартноманинг (контрактнинг) амал қилиш даврида ёки 2026 йил 1 июлга қадар инвестиция лойиҳасини амалга оширишда иштирок этаётган Ўзбекистон Республикаси норезидентларининг доимий муассасалари ягона ижтимоий тўловдан, хорижий фуқароларнинг меҳнатига ҳақ тўлаш тарзидаги даромад солиғи тўлашдан (ПҚ-159 16.05.2023 й)",Ўзбекистон Республикаси Президенти қарори,2017-01-13 00:00:00,ПҚ-2727,2026-07-01 00:00:00
460,Айланмадан олинадиган солиқ,"ПҚ-2731 18.01.2017 й. 4-банди 2-хатбоши. Қуйидаги манзилларда жойлашган саноат соҳасида (автомобилларга газ тўлдирувчи компрессор станцияларидан ташқари) янги ташкил этилаётган микрофирмалар ва кичик корхоналар, Қорақалпоғистон Республикасининг Мўйноқ, Шуманай, Қонликўл, Тахтакўпир, Чимбой туманларида, Хоразм вилоятининг Янгиариқ ва Қўшкўпир туманларида - 2027 йилнинг 1 январига қадар муддатга ягона солиқ тўлови тўлашдан озод қилинган.",Ўзбекистон Республикаси Президенти қарори,2017-01-18 00:00:00,ПҚ-2731,2026-12-31 00:00:00
461,Қўшилган қиймат солиғи,"ПҚ-2784 16.02.2017 й. 8-банди. лойиҳани амалга ошириш доирасида, Халқаро тараққиёт уюшмасининг қарз маблағлари ҳисобидан харид қилинаётган товарлар (ишлар, хизматлар) ва транспорт воситалари қўшилган қиймат солиғидан ҳамда давлат мақсадли жамғармаларига мажбурий ажратмалар ва йиғимлар тўлашдан озод қилинган.  (15.03.2023 йилдаги ПҚ-96-сон, 5-илова)",Ўзбекистон Республикаси Президенти қарори,2017-02-16 00:00:00,ПҚ-2784,2025-12-31 00:00:00
462,Қўшилган қиймат солиғи,"ПҚ-2803 28.02.2017 й. 9-банди 2-хатбоши. 2017 йилнинг 1 апрелидан 2027 йилнинг 1 январига қадар муддатга, ""Мўйноқ"" кичик саноат зонаси ҳудудида саноат соҳасида фаолият юритадиган янги ташкил этиладиган тадбиркорлик субъектлари барча турдаги солиқлар тўлашдан озод қилинган.",Ўзбекистон Республикаси Президенти қарори,2017-02-28 00:00:00,ПҚ-2803,2026-12-31 00:00:00
463,Фойда солиғи,"ПҚ-2803 28.02.2017 й. 9-банди 2-хатбоши. 2017 йилнинг 1 апрелидан 2027 йилнинг 1 январига қадар муддатга, ""Мўйноқ"" кичик саноат зонаси ҳудудида саноат соҳасида фаолият юритадиган янги ташкил этиладиган тадбиркорлик субъектлари барча турдаги солиқлар тўлашдан озод қилинган.",Ўзбекистон Республикаси Президенти қарори,2017-02-28 00:00:00,ПҚ-2803,2026-12-31 00:00:00
464,Фойда солиғи,"ПҚ-2803 28.02.2017 й. 9-банди 4-хатбоши. 2017 йилнинг 1 апрелидан 2027 йилнинг 1 январига қадар муддатга, Мўйноқ тумани ҳудудида рўйхатдан ўтган ва фаолият юритаётган корхона ва ташкилотлар таъсисчиларининг дивидендлар тарзида олган даромадлари даромад солиғи тўлашдан озод этилган.",Ўзбекистон Республикаси Президенти қарори,2017-02-28 00:00:00,ПҚ-2803,2026-12-31 00:00:00
465,ЖШДС,"ПҚ-2803 28.02.2017 й. 9-банди 4-хатбоши. 2017 йилнинг 1 апрелидан 2027 йилнинг 1 январига қадар муддатга, Мўйноқ тумани ҳудудида рўйхатдан ўтган ва фаолият юритаётган корхона ва ташкилотлар таъсисчиларининг дивидендлар тарзида олган даромадлари даромад солиғи тўлашдан озод этилган.",Ўзбекистон Республикаси Президенти қарори,2017-02-28 00:00:00,ПҚ-2803,2026-12-31 00:00:00
466,Сув ресурсларидан фойдаланганлик учун солиқ,"ПҚ-2803 28.02.2017 й. 9-банди 2-хатбоши. 2017 йилнинг 1 апрелидан 2027 йилнинг 1 январига қадар муддатга, ""Мўйноқ"" кичик саноат зонаси ҳудудида саноат соҳасида фаолият юритадиган янги ташкил этиладиган тадбиркорлик субъектлари барча турдаги солиқлар тўлашдан озод қилинган.",Ўзбекистон Республикаси Президенти қарори,2017-02-28 00:00:00,ПҚ-2803,2026-12-31 00:00:00
467,Мол-мулк солиғи,"ПҚ-2803 28.02.2017 й. 9-банди 2-хатбоши. 2017 йилнинг 1 апрелидан 2027 йилнинг 1 январига қадар муддатга, ""Мўйноқ"" кичик саноат зонаси ҳудудида саноат соҳасида фаолият юритадиган янги ташкил этиладиган тадбиркорлик субъектлари барча турдаги солиқлар тўлашдан озод қилинган.",Ўзбекистон Республикаси Президенти қарори,2017-02-28 00:00:00,ПҚ-2803,2026-12-31 00:00:00
468,Ер солиғи,"ПҚ-2803 28.02.2017 й. 9-банди 2-хатбоши. 2017 йилнинг 1 апрелидан 2027 йилнинг 1 январига қадар муддатга, ""Мўйноқ"" кичик саноат зонаси ҳудудида саноат соҳасида фаолият юритадиган янги ташкил этиладиган тадбиркорлик субъектлари барча турдаги солиқлар тўлашдан озод қилинган.",Ўзбекистон Республикаси Президенти қарори,2017-02-27 00:00:00,ПҚ-2803,2026-12-31 00:00:00
469,Айланмадан олинадиган солиқ,"ПҚ-2803 28.02.2017 й. 9-банди 2-хатбоши. 2017 йилнинг 1 апрелидан 2027 йилнинг 1 январига қадар муддатга, ""Мўйноқ"" кичик саноат зонаси ҳудудида саноат соҳасида фаолият юритадиган янги ташкил этиладиган тадбиркорлик субъектлари барча турдаги солиқлар тўлашдан озод қилинган.",Ўзбекистон Республикаси Президенти қарори,2017-02-28 00:00:00,ПҚ-2803,2026-12-31 00:00:00
470,Қўшилган қиймат солиғи,"ПҚ-2807 01.03.2017 й. 16-банди 4-хатбоши. ""Дальнее"" конини ўзлаштириш"" лойиҳасини амалга ошириш доирасида, лойиҳани амалга оширишда иштирок этувчи  субпудрат ташкилотлари - Ўзбекистон Республикаси резидентлари томонидан бажарилган ишлар (хизматлар) қўшилган қиймат солиғидан озод қилинган.",Ўзбекистон Республикаси Президенти қарори,2017-03-01 00:00:00,ПҚ-2807,2030-07-01 00:00:00
471,Қўшилган қиймат солиғи,"ПҚ-2807 01.03.2017 й. 16-банди 5-хатбоши. ""Дальнее"" конини ўзлаштириш"" лойиҳасини амалга ошириш доирасида, «Олмалиқ КМК» АЖ Ўзбекистон Республикаси норезидентлари томонидан бажариладиган ишлар (хизматлар) бўйича қўшилган қиймат солиғидан озод қилинган.",Ўзбекистон Республикаси Президенти қарори,2017-03-01 00:00:00,ПҚ-2807,2030-07-01 00:00:00
472,Фойда солиғи,"ПҚ-2807 01.03.2017 й. 16-банди 3-хатбоши. ""Дальнее"" конини ўзлаштириш"" лойиҳасини амалга ошириш доирасида, чет эл компаниялари ва уларнинг субпудрат ташкилотлари, чет эл консультантлари Ўзбекистон Республикаси ҳудудида олинган даромадлар бўйича юридик шахсларнинг фойда солиғини тўлашдан озод қилинган.",Ўзбекистон Республикаси Президенти қарори,2017-03-01 00:00:00,ПҚ-2807,2030-07-01 00:00:00
473,Фойда солиғи,"ПҚ-2807 01.03.2017 й. 16-банди 3-хатбоши. ""Дальнее"" конини ўзлаштириш"" лойиҳасини амалга ошириш доирасида, чет эл компаниялари ва уларнинг субпудрат ташкилотлари, чет эл консультантлари Ўзбекистон Республикаси ҳудудида олинган даромадлар бўйича юридик шахсларнинг фойда солиғини тўлашдан озод қилинган.",Ўзбекистон Республикаси Президенти қарори,2017-03-01 00:00:00,ПҚ-2807,2030-07-01 00:00:00
474,Қўшилган қиймат солиғи,"ПҚ-2818 03.03.2017 й. 11-банди 2-хатбоши. ""Тошкент вилояти шаҳар ва туманларида сув таъминоти ва канализация тизимларини қуриш ва қайта таъмирлаш (Фаза 1)"" лойиҳасини амалга ошириш доирасида, ОТБ қарзи ҳисобига олинадиган товарлар (ишлар, хизматлар) ва махсус транспорт воситалари қўшилган қиймат солиғидан, давлат мақсадли жамғармаларига (пенсия жамғармасидан ташқари) мажбурий ажратмалар ва йиғимлар тўлашдан озод қилинсин. (ПҚ-72, 238-банд 3-илова)",Ўзбекистон Республикаси Президенти қарори,2017-03-03 00:00:00,ПҚ-2818,2024-12-31 00:00:00
475,Фойда солиғи,"ПҚ-2818 03.03.2017 й. 11-банди 3-хатбоши. ""Тошкент вилояти шаҳар ва туманларида сув таъминоти ва канализация тизимларини қуриш ва қайта таъмирлаш (Фаза 1)"" лойиҳасини амалга ошириш доирасида, юридик шахслар - лойиҳани амалга оширишда иштирок этадиган Ўзбекистон Республикаси норезидентлари юридик шахслардан олинадиган фойда солиғини тўлашдан озод қилинган.",Ўзбекистон Республикаси Президенти қарори,2017-03-03 00:00:00,ПҚ-2818,2024-12-31 00:00:00
476,Сув ресурсларидан фойдаланганлик учун солиқ,ПҚ-2856 29.03.2017 й. 7-банди 4-хатбоши.  2026 йил 1 январгача: янги тутзорларни барпо этган деҳқон ва фермер хўжаликларига сув солиғининг ставкаси 50 фоизга камайтирилади.,Ўзбекистон Республикаси Президенти қарори,2017-03-29 00:00:00,ПҚ-2856,2025-12-31 00:00:00
477,Мол-мулк солиғи,ПҚ-2856 29.03.2017 й. 7-банди 3-хатбоши.  2026 йил 1 январгача: пиллачилик ва тутчилик йўналишидаги фермер хўжаликларининг ипак қурти парвариш қилинадиган бино-иншоотлар бўйича мулк солиғининг ставкаси 50 фоизга камайтирилади.,Ўзбекистон Республикаси Президенти қарори,2017-03-29 00:00:00,ПҚ-2856,2025-12-31 00:00:00
478,ЖШДС,"ПҚ-2863 01.04.2017 й. 10-банди. 2-хатбоши. Белгилаб қўйилсинки, хусусий тиббиёт муассасаларида ишлаш учун жалб этиладиган хорижий шифокорлар ва замонавий тиббиёт асбоб-ускуналарига хизмат кўрсатадиган техник мутахассислар тузилган меҳнат шартномалари доирасида олинадиган даромадлар бўйича жисмоний шахслар даромад солиғини тўлашдан озод этилган.",Ўзбекистон Республикаси Президенти қарори,2017-04-01 00:00:00,ПҚ-2863,2025-12-31 00:00:00
479,ЖШДС,"ПҚ-2863 01.04.2017 й. 10-банди. 4-хатбоши. Белгилаб қўйилсинки, хусусий тиббиёт муассасаларининг хорижлик ходимлари бошқарув персонали сифатидаги фаолиятидан оладиган даромадлари жисмоний шахслар даромад солиғидан озод этилган.",Ўзбекистон Республикаси Президенти қарори,2017-04-01 00:00:00,ПҚ-2863,2025-12-31 00:00:00
480,Ижтимоий солиқ,"ПҚ-2863 01.04.2017 й. 10-банди. 3-хатбоши. Белгилаб қўйилсинки, хорижий шифокорлар ва замонавий тиббиёт асбоб-ускуналарига хизмат кўрсатадиган техник мутахассисларга тузилган меҳнат шартномалари доирасида тўланадиган даромадлар ягона ижтимоий тўловдан озод этилган.",Ўзбекистон Республикаси Президенти қарори,2017-04-01 00:00:00,ПҚ-2863,2025-12-31 00:00:00
481,Айланмадан олинадиган солиқ,ПҚ-2863 01.04.2017 й. 9-банди. Қишлоқ жойларда тиббий хизматлар кўрсатиш соҳасида ташкил этиладиган янги микрофирмалар ва кичик корхоналар давлат рўйхатига олинган кундан бошлаб 10 йил муддатга ягона солиқ тўловидан озод этилсин.,Ўзбекистон Республикаси Президенти қарори,2017-04-01 00:00:00,ПҚ-2863,2026-12-31 00:00:00
482,Қўшилган қиймат солиғи,"ПҚ-2900 18.04.2017 й 7-банди Белгилансинки, ичимлик сув таъминоти ва оқова сув хизматлари тарифларига махсус устама ҳақ суммаси мақсадли тушум ҳисобланади, барча турдаги солиқлар ва бошқа мажбурий тўловларни ҳисоблашда солиқ солинадиган базага киритилмайди, шунингдек, сув таъминоти ва оқова сув ташкилотларининг молиявий натижалари тўғрисидаги ҳисоботда акс эттирилмайди",Ўзбекистон Республикаси Президенти қарори,2017-04-18 00:00:00,ПҚ-2900,2025-12-31 00:00:00
483,Фойда солиғи," ПП-2900 от 18.04.2017 г. п 7. ч 2. Установить, что сумма специальной надбавки к тарифам на услуги питьевого водоснабжения и канализации является целевым поступлением, не включается в налогооблагаемую базу при исчислении всех видов налогов и других обязательных платежей, а также не подлежит отражению в отчете о финансовых результатах организаций водоснабжения и канализации.",Ўзбекистон Республикаси Президенти қарори,2017-04-18 00:00:00,ПҚ-2900,2024-12-31 00:00:00
484,Айланмадан олинадиган солиқ," ПП-2900 от 18.04.2017 г. п 7. ч 2. Установить, что сумма специальной надбавки к тарифам на услуги питьевого водоснабжения и канализации является целевым поступлением, не включается в налогооблагаемую базу при исчислении всех видов налогов и других обязательных платежей, а также не подлежит отражению в отчете о финансовых результатах организаций водоснабжения и канализации.",Ўзбекистон Республикаси Президенти қарори,2017-04-18 00:00:00,ПҚ-2900,2024-12-31 00:00:00
485,ЖШДС,"ПҚ-2909 20.04.2017 й. 4-банди 6-хатбоши. Олий таълим муассасалари ҳамда Тармоқ марказларидаги ўқиш жараёнларига жалб этилган хорижий олимлар, ўқитувчилар ва мутахассислар тузилган меҳнат шартномалари доирасида олган даромадларига жисмоний шахслардан олинадиган даромад солиғини тўлашдан озод қилинган.",Ўзбекистон Республикаси Президенти қарори,2017-04-20 00:00:00,ПҚ-2909,2029-12-31 00:00:00
486,Ижтимоий солиқ,"ПҚ-2909 20.04.2017 й. 4-банди 7-хатбоши. Олий таълим муассасалари ҳамда Тармоқ марказларидаги ўқиш жараёнларига жалб этилган хорижий олимлар, ўқитувчилар ва мутахассисларга тузилган меҳнат шартномалари доирасида тўланган даромадлар ягона ижтимоий тўловдан озод қилинган.",Ўзбекистон Республикаси Президенти қарори,2017-04-20 00:00:00,ПҚ-2909,2029-12-31 00:00:00
487,Фойда солиғи,"ПҚ-294 27.06.2022 й.  1 банди а-кичикбанди 2022 йил 1 июлдан бошлаб 2025 йил 1 июлга қадар:_x000D_
оммавий ахборот воситалари фойда солиғини белгиланган солиқ ставкаларига нисбатан 50 фоиз камайтирилган солиқ ставкалари бўйича тўлайди, реклама хусусиятига эга бўлган оммавий ахборот воситалари бундан мустасно;",Ўзбекистон Республикаси Президенти қарори,2022-06-27 00:00:00,ПҚ-294,2025-01-01 00:00:00
488,Фойда солиғи,"ПҚ-2962 10.05.2017 й. 6-банди 2-хатбошига кўра Ўзбекистон Республикаси Президентининг 2000 йил 28 апрелдаги ""Нефть ва газ конларини разведка қилиш ҳамда уларни қазиб чиқаришга бевосита хорижий сармояларни жалб этиш чора-тадбирлари тўғрисида""ги ПФ-2598-сон Фармонининг 4-бандига доир қисмида - углеводород конларини излаш ва разведка қилишни амалга оширадиган қўшма корхонага, шунингдек, унинг томонидан жалб қилинадиган хорижий пудрат ва субпудрат ташкилотлари барча солиқ турларидан ва мажбурий ажратмалардан, давлат мақсадли фондлари геология-қидирув ишларини олиб бориш даврида тадбиқ этилади. ",Ўзбекистон Республикаси Президенти қарори,2017-05-10 00:00:00,ПҚ-2962,2025-12-31 00:00:00
489,Фойда солиғи,"ПҚ-2962 10.05.2017 й. 6-банди 2-хатбошига кўра Ўзбекистон Республикаси Президентининг 2000 йил 28 апрелдаги ""Нефть ва газ конларини разведка қилиш ҳамда уларни қазиб чиқаришга бевосита хорижий сармояларни жалб этиш чора-тадбирлари тўғрисида""ги ПФ-2598-сон Фармонининг 4-бандига доир қисмида - углеводород конларини излаш ва разведка қилишни амалга оширадиган қўшма корхонага, шунингдек, унинг томонидан жалб қилинадиган хорижий пудрат ва субпудрат ташкилотлари барча солиқ турларидан ва мажбурий ажратмалардан, давлат мақсадли фондлари геология-қидирув ишларини олиб бориш даврида тадбиқ этилади. ",Ўзбекистон Республикаси Президенти қарори,2017-05-10 00:00:00,ПҚ-2962,2025-12-31 00:00:00
490,Мол-мулк солиғи,"ПҚ-300 11.09.2023 й. 7-банд.  б-кичикбанди 2024 йил 1 январдан бошлаб «Изланиш ва ривожланиш» (R&D) марказлари учун улар ташкил этилган кундан бошлаб 3 йил муддатга мол-мулк солиғи ва ер солиғи бўйича ҳисобланган сумма миқдорининг 1 фоизини тўлаш, уларнинг ходимлари учун ижтимоий солиқ ставкасини 1 фоиз миқдорида ҳисоблаш тартиби жорий этилсин;",Ўзбекистон Республикаси Президенти қарори,2023-09-11 00:00:00,ПҚ-300,2026-12-31 00:00:00
491,Ер солиғи,"ПҚ-300 11.09.2023 й. 7-банд.  б-кичикбанди 2024 йил 1 январдан бошлаб «Изланиш ва ривожланиш» (R&D) марказлари учун улар ташкил этилган кундан бошлаб 3 йил муддатга мол-мулк солиғи ва ер солиғи бўйича ҳисобланган сумма миқдорининг 1 фоизини тўлаш, уларнинг ходимлари учун ижтимоий солиқ ставкасини 1 фоиз миқдорида ҳисоблаш тартиби жорий этилсин;",Ўзбекистон Республикаси Президенти қарори,2023-09-11 00:00:00,ПҚ-300,2026-12-31 00:00:00
492,Ижтимоий солиқ,"ПҚ-300 11.09.2023 й. 7-банд.  б-кичикбанди 2024 йил 1 январдан бошлаб «Изланиш ва ривожланиш» (R&D) марказлари учун улар ташкил этилган кундан бошлаб 3 йил муддатга мол-мулк солиғи ва ер солиғи бўйича ҳисобланган сумма миқдорининг 1 фоизини тўлаш, уларнинг ходимлари учун ижтимоий солиқ ставкасини 1 фоиз миқдорида ҳисоблаш тартиби жорий этилсин;",Ўзбекистон Республикаси Президенти қарори,2023-09-11 00:00:00,ПҚ-300,2026-12-31 00:00:00
493,Қўшилган қиймат солиғи,"ПҚ-3053 13.06.2017 й 13-банд Белгилансинки, ""UzPCA"" МЧЖ расмий диллерларининг енгил тижорат автомобилларини таъмирлаш ва сервис хизматларини кўрсатиш, мазкур хизматларни кўрсатишда ўрнатиладиган эҳтиёт қисмлар, узеллар, агрегатлар ва материалларининг нархларини ҳисобга олган ҳолда, шунингдек, уларнинг савдо тармоқлари орқали сотиладиган эҳтиёт қисмлари, узеллар, агрегатлар ва материаллари қўшимча қиймат солиғисиз амалга оширилади.",Ўзбекистон Республикаси Президенти қарори,2017-06-13 00:00:00,ПҚ-3053,2027-06-13 00:00:00
494,Фойда солиғи,"ПҚ-3053 13.06.2017 й 12-банд 2-хатбоши UzPCA"" МЧЖ Ўзбекистон Республикаси ҳудудида амал қилаётган барча солиқлардан, шунингдек, Ўзбекистон Республикаси Вазирлар Маҳкамаси ҳузуридаги Республика йўл жамғармасига тўланадиган мажбурий тўловлардан;",Ўзбекистон Республикаси Президенти қарори,2017-06-13 00:00:00,ПҚ-3053,2027-06-13 00:00:00
495,Фойда солиғи,"ПҚ-3053 13.06.2017 й 12-банд 3-хатбоши ""UzPCA"" МЧЖда ишлаб чиқарилаётган енгил тижорат автомобиллари учун, улар томонидан сотилаётган маҳсулотлар ва кўрсатилаётган хизматлар қисмида бутловчи буюмлар, материаллар ва технологик асбоб-ускуналар ишлаб чиқарувчи - ташкилотлар қўшимча қиймат солиғи ва юридик шахслардан олинадиган даромад солиғидан; ",Ўзбекистон Республикаси Президенти қарори,2017-06-13 00:00:00,ПҚ-3053,2027-06-13 00:00:00
496,Фойда солиғи,"ПҚ-3053 13.06.2017 й 12-банд 5-хатбоши ""UzPCA"" МЧЖга хизмат кўрсатаётган Ўзбекистон Республикаси норезидентлари бўлган юридик шахсларни - кўрсатаётган хизматлар бўйича даромад солиғидан;",Ўзбекистон Республикаси Президенти қарори,2017-06-13 00:00:00,ПҚ-3053,2027-06-13 00:00:00
497,Фойда солиғи,"ПҚ-3053 13.06.2017 й 12-банд 6-хатбоши ""Peugeot Citroen Automobiles S.А"" компаниясини ""UzPCA"" МЧЖ томонидан тўланадиган, дивидендлар кўринишида олинадиган даромадлари бўйича даромад солиғи тўлашдан;",Ўзбекистон Республикаси Президенти қарори,2017-06-13 00:00:00,ПҚ-3053,2027-06-13 00:00:00
498,ЖШДС,"ПҚ-3053 13.06.2017 й 12-банд 4-хатбоши ""UzPCA"" МЧЖнинг хорижий ходимлари, ""UzPCA"" МЧЖда ишлаш доирасида олган даромадлари қисмида жисмоний шахслар даромадларидан олинадиган солиқларни тўлашдан;",Ўзбекистон Республикаси Президенти қарори,2017-06-13 00:00:00,ПҚ-3053,2026-06-13 00:00:00
499,Сув ресурсларидан фойдаланганлик учун солиқ,"ПҚ-3053 13.06.2017 й 12-банд 2-хатбоши UzPCA"" МЧЖ Ўзбекистон Республикаси ҳудудида амал қилаётган барча солиқлардан, шунингдек, Ўзбекистон Республикаси Вазирлар Маҳкамаси ҳузуридаги Республика йўл жамғармасига тўланадиган мажбурий тўловлардан;",Ўзбекистон Республикаси Президенти қарори,2017-06-13 00:00:00,ПҚ-3053,2027-06-13 00:00:00
500,Мол-мулк солиғи,"ПҚ-3053 13.06.2017 й 12-банд 2-хатбоши UzPCA"" МЧЖ Ўзбекистон Республикаси ҳудудида амал қилаётган барча солиқлардан, шунингдек, Ўзбекистон Республикаси Вазирлар Маҳкамаси ҳузуридаги Республика йўл жамғармасига тўланадиган мажбурий тўловлардан;",Ўзбекистон Республикаси Президенти қарори,2017-06-13 00:00:00,ПҚ-3053,2027-06-13 00:00:00
501,Ер солиғи,"ПҚ-3053 13.06.2017 й 12-банд 2-хатбоши UzPCA"" МЧЖ Ўзбекистон Республикаси ҳудудида амал қилаётган барча солиқлардан, шунингдек, Ўзбекистон Республикаси Вазирлар Маҳкамаси ҳузуридаги Республика йўл жамғармасига тўланадиган мажбурий тўловлардан;",Ўзбекистон Республикаси Президенти қарори,2017-06-13 00:00:00,ПҚ-3053,2027-06-13 00:00:00
502,Айланмадан олинадиган солиқ,"ПҚ-3053 13.06.2017 й 12-банд 2-хатбоши UzPCA"" МЧЖ Ўзбекистон Республикаси ҳудудида амал қилаётган барча солиқлардан, шунингдек, Ўзбекистон Республикаси Вазирлар Маҳкамаси ҳузуридаги Республика йўл жамғармасига тўланадиган мажбурий тўловлардан;",Ўзбекистон Республикаси Президенти қарори,2017-06-13 00:00:00,ПҚ-3053,2027-06-13 00:00:00
503,Қўшилган қиймат солиғи,ПҚ-307 06.07.2022 й. 6-банд 1-хатбоши “Inno texnopark” МЧЖ ва унинг резидентларига Ўзбекистон Республикаси Президентининг 2017 йил 30 июндаги “Республикада ахборот технологиялари соҳасини ривожлантириш учун шарт-шароитларни тубдан яхшилаш чора-тадбирлари тўғрисида”ги ПФ-5099-сон Фармонининг 5-банди билан IT-парк резидентларига берилган имтиёзлар (ижтимоий солиқдан ташқари) ва преференциялар 2022 йил 1 августдан бошлаб татбиқ этилсин.,Ўзбекистон Республикаси Президенти қарори,2022-07-06 00:00:00,ПҚ-307,2025-07-31 00:00:00
504,Фойда солиғи,ПҚ-307 06.07.2022 й. 6-банд 1-хатбоши “Inno texnopark” МЧЖ ва унинг резидентларига Ўзбекистон Республикаси Президентининг 2017 йил 30 июндаги “Республикада ахборот технологиялари соҳасини ривожлантириш учун шарт-шароитларни тубдан яхшилаш чора-тадбирлари тўғрисида”ги ПФ-5099-сон Фармонининг 5-банди билан IT-парк резидентларига берилган имтиёзлар (ижтимоий солиқдан ташқари) ва преференциялар 2022 йил 1 августдан бошлаб татбиқ этилсин.,Ўзбекистон Республикаси Президенти қарори,2022-07-06 00:00:00,ПҚ-307,2025-07-31 00:00:00
505,Сув ресурсларидан фойдаланганлик учун солиқ,ПҚ-307 06.07.2022 й. 6-банд 1-хатбоши “Inno texnopark” МЧЖ ва унинг резидентларига Ўзбекистон Республикаси Президентининг 2017 йил 30 июндаги “Республикада ахборот технологиялари соҳасини ривожлантириш учун шарт-шароитларни тубдан яхшилаш чора-тадбирлари тўғрисида”ги ПФ-5099-сон Фармонининг 5-банди билан IT-парк резидентларига берилган имтиёзлар (ижтимоий солиқдан ташқари) ва преференциялар 2022 йил 1 августдан бошлаб татбиқ этилсин.,Ўзбекистон Республикаси Президенти қарори,2022-07-06 00:00:00,ПҚ-307,2025-07-31 00:00:00
506,Мол-мулк солиғи,ПҚ-307 06.07.2022 й. 6-банд 1-хатбоши “Inno texnopark” МЧЖ ва унинг резидентларига Ўзбекистон Республикаси Президентининг 2017 йил 30 июндаги “Республикада ахборот технологиялари соҳасини ривожлантириш учун шарт-шароитларни тубдан яхшилаш чора-тадбирлари тўғрисида”ги ПФ-5099-сон Фармонининг 5-банди билан IT-парк резидентларига берилган имтиёзлар (ижтимоий солиқдан ташқари) ва преференциялар 2022 йил 1 августдан бошлаб татбиқ этилсин.,Ўзбекистон Республикаси Президенти қарори,2022-07-06 00:00:00,ПҚ-307,2025-07-31 00:00:00
507,Ер солиғи,"ПП-307 от 06.07.2022 г. п.6 абз.1 Распространить с 1 августа 2022 года на ООО «Inno texnopark» и его резидентов льготы и преференции (за исключением социального налога), предоставленные резидентам IT-парка пунктом 5 Указа Президента Республики Узбекистан от 30 июня 2017 года № УП-5099 «О мерах по коренному улучшению условий для развития отрасли информационных технологий в республике».",Ўзбекистон Республикаси Президенти қарори,2022-07-06 00:00:00,ПҚ-307,2025-07-31 00:00:00
508,Айланмадан олинадиган солиқ,ПҚ-307 06.07.2022 й. 6-банд 1-хатбоши “Inno texnopark” МЧЖ ва унинг резидентларига Ўзбекистон Республикаси Президентининг 2017 йил 30 июндаги “Республикада ахборот технологиялари соҳасини ривожлантириш учун шарт-шароитларни тубдан яхшилаш чора-тадбирлари тўғрисида”ги ПФ-5099-сон Фармонининг 5-банди билан IT-парк резидентларига берилган имтиёзлар (ижтимоий солиқдан ташқари) ва преференциялар 2022 йил 1 августдан бошлаб татбиқ этилсин.,Ўзбекистон Республикаси Президенти қарори,2022-07-06 00:00:00,ПҚ-307,2025-07-31 00:00:00
509,Айланмадан олинадиган солиқ,ПҚ-307 06.07.2022 й. 6-банд 2-хатбоши “Яшнобод” инновация технопарки резидентлари учун 2022 йил 1 августдан бошлаб 2025 йил 1 августга қадар айланмадан олинадиган солиқ ставкаси 1 фоиз этиб белгилансин.,Ўзбекистон Республикаси Президенти қарори,2022-07-06 00:00:00,ПҚ-307,2025-07-31 00:00:00
510,Фойда солиғи,ПҚ-312  27.03.2006 й. 11-банди. Корея Республикаси Ҳукумати кредити ҳисобидан лойиҳани амалга ошириш доирасида Корея Республикасининг вакил қилиб тайинланган банклари ва бошқа хорижий иштирокчилари Ўзбекистон Республикаси ҳудудидаги тўлов манбаларидан олинадиган фойда солиғи тўлашдан озод этилсин.,Ўзбекистон Республикаси Президенти қарори,2006-03-27 00:00:00,ПҚ-312,2036-03-27 00:00:00
511,Қўшилган қиймат солиғи,"ПҚ-3139 19.07.2017 й 12 банд кредит ва гранд маблағлари ҳисобига белгиланган тартибда тасдиқланадиган рўйхатлар асосида четдан олиб келинадиган ва Ўзбекистон Республикаси ҳудудида харид қилинадиган товарлар (ишлар, хизматлар) қўшилган қиймат солиғи, давлат мақсадли жамғармаларига мажбурий ажратмалар ва йиғимлардан (30.12.2021 йилдаги ПҚ-72-сон 5 илова 104)",Ўзбекистон Республикаси Президенти қарори,2017-07-19 00:00:00,ПҚ-3139,2024-12-31 00:00:00
512,Қўшилган қиймат солиғи,"ПҚ-315 03.04.2006 й. 4-банди. ОИТВ/ОИТС, сил ва безгак касалликлари тарқалишига йўл қўймасликка қаратилган стратегик дастурлар доирасида Глобал жамғарманинг грант маблағлари ҳисобига Ўзбекистон Республикаси ҳудудига олиб кирилаётган ва сотиб олинаётган дори-дармонлар, тиббий ва лаборатория асбоб-ускуналари, хизматлар ва бошқа товарлар Ўзбекистон Республикасининг ҳиссаси сифатида божхона тўловларидан (божхона расмийлаштируви йиғимларидан ташқари) ва қўшилган қиймат солиғидан озод этилсин.",Ўзбекистон Республикаси Президенти қарори,2006-04-03 00:00:00,ПҚ-315,2024-12-31 00:00:00
513,Фойда солиғи,ПҚ-318 04.04.2006 й. 7-банди. Бельгия Қироллиги Ҳукуматининг фоизсиз кредити ҳисобидан лойиҳани амалга ошириш доирасида хорижий қатнашчи Ўзбекистон Республикаси ҳудудида тўлов манбаидан ундириладиган фойда солиғи тўлашдан озод қилинсин.,Ўзбекистон Республикаси Президенти қарори,2006-04-04 00:00:00,ПҚ-318,2036-04-04 00:00:00
514,Мол-мулк солиғи,"ПҚ-3262 11.09.2017 й 17 банд  “Ўзйўлкўкаламзорлаштириш” унитар корхонаси ва унинг таркибий тузилмалари 2025 йил 1 январга қадар манзарали ўсимликлар ўстириш учун питомниклар эгаллаган ер участкалари учун ер солиғи, юридик шахслардан олинадиган мол-мулк солиғи тўлашдан.",Ўзбекистон Республикаси Президенти қарори,2017-09-11 00:00:00,ПҚ-3262,2024-12-31 00:00:00
515,Ер солиғи,"ПҚ-3262 11.09.2017 й 17 банд  “Ўзйўлкўкаламзорлаштириш” унитар корхонаси ва унинг таркибий тузилмалари 2025 йил 1 январга қадар манзарали ўсимликлар ўстириш учун питомниклар эгаллаган ер участкалари учун ер солиғи, юридик шахслардан олинадиган мол-мулк солиғи тўлашдан.",Ўзбекистон Республикаси Президенти қарори,2017-09-10 00:00:00,ПҚ-3262,2024-12-31 00:00:00
516,Қўшилган қиймат солиғи,"ПҚ-3276 15.09.2017 й 8-банд 2 хатбоши Мактабгача ва умумий ўрта таълим соҳасида нодавлат таълим хизматларини кўрсатиш фаолияти билан шуғулланадиган юридик шахслар 2025 йил 1 январгача бўлган муддатда барча турдаги солиқ ва давлат мақсадли жамғармасига мажбурий тўловлардан (ягона ижтимоий тўловдан ташқари), бунда озод қилинаётган маблағлар уларни замонавий ўқув воситалари билан жиҳозлаш, зарур маҳсулотлар ва жиҳозлар сотиб олиш, бино ва иншоотларни реконструкция қилиш, капитал таъмирлаш ҳамда аҳолининг ижтимоий ҳимояга муҳтож қатламига бепул таълим хизматларини кўрсатишга мақсадли йўналтирилади (ПҚ-3931-сон. 05.09.2018 й. муддати 2025 йил 1 январгача узайтирилган)",Ўзбекистон Республикаси Президенти қарори,2017-09-15 00:00:00,ПҚ-3276,2024-12-31 00:00:00
517,Фойда солиғи,"ПҚ-3276 15.09.2017 й 8-банд 2 хатбоши Мактабгача ва умумий ўрта таълим соҳасида нодавлат таълим хизматларини кўрсатиш фаолияти билан шуғулланадиган юридик шахслар 2025 йил 1 январгача бўлган муддатда барча турдаги солиқ ва давлат мақсадли жамғармасига мажбурий тўловлардан (ягона ижтимоий тўловдан ташқари), бунда озод қилинаётган маблағлар уларни замонавий ўқув воситалари билан жиҳозлаш, зарур маҳсулотлар ва жиҳозлар сотиб олиш, бино ва иншоотларни реконструкция қилиш, капитал таъмирлаш ҳамда аҳолининг ижтимоий ҳимояга муҳтож қатламига бепул таълим хизматларини кўрсатишга мақсадли йўналтирилади  (ПҚ-3931-сон. 05.09.2018 й. муддати 2025 йил 1 январгача узайтирилган)",Ўзбекистон Республикаси Президенти қарори,2017-09-15 00:00:00,ПҚ-3276,2024-12-31 00:00:00
518,ЖШДС,"ПҚ-3276 15.09.2017 й. 10-банд 2-хатбоши. Белгилаб қўйилсинки, юридик шахслар томонидан нодавлат таълим хизматларини кўрсатишда:_x000D_
Чет эллик ўқитувчи ва мутахассислар жисмоний шахсларга солинадиган даромад солиғи ва Ўзбекистон Республикаси Молия вазирлиги ҳузуридаги бюджетдан ташқари пенсия жамғармасига ажратиладиган тўловлардан тузилган меҳнат шартномаси доирасида озод қилинади;",Ўзбекистон Республикаси Президенти қарори,2017-09-15 00:00:00,ПҚ-3276,2067-09-15 00:00:00
519,Сув ресурсларидан фойдаланганлик учун солиқ,"ПҚ-3276 15.09.2017 й 8-банд 2 хатбоши Мактабгача ва умумий ўрта таълим соҳасида нодавлат таълим хизматларини кўрсатиш фаолияти билан шуғулланадиган юридик шахслар 2025 йил 1 январгача бўлган муддатда барча турдаги солиқ ва давлат мақсадли жамғармасига мажбурий тўловлардан (ягона ижтимоий тўловдан ташқари), бунда озод қилинаётган маблағлар уларни замонавий ўқув воситалари билан жиҳозлаш, зарур маҳсулотлар ва жиҳозлар сотиб олиш, бино ва иншоотларни реконструкция қилиш, капитал таъмирлаш ҳамда аҳолининг ижтимоий ҳимояга муҳтож қатламига бепул таълим хизматларини кўрсатишга мақсадли йўналтирилади  (ПҚ-3931-сон. 05.09.2018 й. муддати 2025 йил 1 январгача узайтирилган)",Ўзбекистон Республикаси Президенти қарори,2017-09-15 00:00:00,ПҚ-3276,2024-12-31 00:00:00
520,Мол-мулк солиғи,"ПҚ-3276 15.09.2017 й 8-банд 2 хатбоши Мактабгача ва умумий ўрта таълим соҳасида нодавлат таълим хизматларини кўрсатиш фаолияти билан шуғулланадиган юридик шахслар 2025 йил 1 январгача бўлган муддатда барча турдаги солиқ ва давлат мақсадли жамғармасига мажбурий тўловлардан (ягона ижтимоий тўловдан ташқари), бунда озод қилинаётган маблағлар уларни замонавий ўқув воситалари билан жиҳозлаш, зарур маҳсулотлар ва жиҳозлар сотиб олиш, бино ва иншоотларни реконструкция қилиш, капитал таъмирлаш ҳамда аҳолининг ижтимоий ҳимояга муҳтож қатламига бепул таълим хизматларини кўрсатишга мақсадли йўналтирилади (ПҚ-3931-сон. 05.09.2018 й. муддати 2025 йил 1 январгача узайтирилган)",Ўзбекистон Республикаси Президенти қарори,2017-09-15 00:00:00,ПҚ-3276,2024-12-31 00:00:00
521,Ер солиғи,"ПҚ-3276 15.09.2017 й 8-банд 2 хатбоши Мактабгача ва умумий ўрта таълим соҳасида нодавлат таълим хизматларини кўрсатиш фаолияти билан шуғулланадиган юридик шахслар 2025 йил 1 январгача бўлган муддатда барча турдаги солиқ ва давлат мақсадли жамғармасига мажбурий тўловлардан (ягона ижтимоий тўловдан ташқари), бунда озод қилинаётган маблағлар уларни замонавий ўқув воситалари билан жиҳозлаш, зарур маҳсулотлар ва жиҳозлар сотиб олиш, бино ва иншоотларни реконструкция қилиш, капитал таъмирлаш ҳамда аҳолининг ижтимоий ҳимояга муҳтож қатламига бепул таълим хизматларини кўрсатишга мақсадли йўналтирилади (ПҚ-3931-сон. 05.09.2018 й. муддати 2025 йил 1 январгача узайтирилган)",Ўзбекистон Республикаси Президенти қарори,2017-09-14 00:00:00,ПҚ-3276,2024-12-31 00:00:00
522,Ижтимоий солиқ,"ПҚ-3276 15.09.2017 й 8-банд 3 хатбоши барча турдаги солиқ ва давлат мақсадли жамғармасига мажбурий тўловлардан (ягона ижтимоий тўловдан ташқари), бунда озод қилинаётган маблағлар уларни замонавий ўқув воситалари билан жиҳозлаш, зарур маҳсулотлар ва жиҳозлар сотиб олиш, бино ва иншоотларни реконструкция қилиш, капитал таъмирлаш ҳамда аҳолининг ижтимоий ҳимояга муҳтож қатламига бепул таълим хизматларини кўрсатишга мақсадли йўналтирилади; меҳнат шартномаси асосида таълим-тарбия жараёнига жалб қилинган хорижий ўқитувчи ва мутахассисларнинг ойлик иш ҳақидан ягона ижтимоий тўлов. (ПҚ-3931-сон. 05.09.2018 й. муддати 2025 йил 1 январгача узайтирилган)",Ўзбекистон Республикаси Президенти қарори,2017-09-15 00:00:00,ПҚ-3276,2024-12-31 00:00:00
523,Айланмадан олинадиган солиқ,"ПҚ-3276 15.09.2017 й 8-банд 2 хатбоши Мактабгача ва умумий ўрта таълим соҳасида нодавлат таълим хизматларини кўрсатиш фаолияти билан шуғулланадиган юридик шахслар 2025 йил 1 январгача бўлган муддатда барча турдаги солиқ ва давлат мақсадли жамғармасига мажбурий тўловлардан (ягона ижтимоий тўловдан ташқари), бунда озод қилинаётган маблағлар уларни замонавий ўқув воситалари билан жиҳозлаш, зарур маҳсулотлар ва жиҳозлар сотиб олиш, бино ва иншоотларни реконструкция қилиш, капитал таъмирлаш ҳамда аҳолининг ижтимоий ҳимояга муҳтож қатламига бепул таълим хизматларини кўрсатишга мақсадли йўналтирилади (ПҚ-3931-сон. 05.09.2018 й. муддати 2025 йил 1 январгача узайтирилган)",Ўзбекистон Республикаси Президенти қарори,2017-09-15 00:00:00,ПҚ-3276,2024-12-31 00:00:00
524,Қўшилган қиймат солиғи,"ПҚ-3282 16.09.2017 й 9 банд 2 хатбоши ХТА кредити, грантлар ва Давлат бюджети маблағлари ҳисобига харид қилинадилар товарлар (ишлар, хизматлар)  қўшилган қиймат солиғи, шунингдек, давлат мақсадли жамғармаларига мажбурий ажратмалар ва йиғимлар тўлашдан",Ўзбекистон Республикаси Президенти қарори,2017-09-16 00:00:00,ПҚ-3282,2024-12-31 00:00:00
525,Фойда солиғи,ПҚ-3282 16.09.2017 9 банд 3 хатбоши юридик шахслар — Ўзбекистон Республикаси норезидентларининг даромадлари юридик шахсларнинг фойда солиғидан,Ўзбекистон Республикаси Президенти қарори,2017-09-16 00:00:00,ПҚ-3282,2024-12-31 00:00:00
526,ЖШДС,ПҚ-3282 16.09.2017 9 банд 4 хатбоши лойиҳани амалга оширишда қатнашаётган жисмоний шахслар — Ўзбекистон Республикаси норезидентларининг даромадлари жисмоний шахсларнинг даромад солиғидан озод қилинсин.,Ўзбекистон Республикаси Президенти қарори,2017-09-16 00:00:00,ПҚ-3282,2024-12-31 00:00:00
527,Фойда солиғи,ПҚ-3301 29.09.2017 6-банд 5 хатбоши ушбу ҳудудларда рўйхатга олинган ва фаолиятни амалга ошираётган юридик шахслар муассислари томонидан олинган дивидендлар - даромад (фойда) солиғи тўлашдан 2017 йилнинг 1 октябридан 2028 йилнинг 1 январига қадар озод қилинсин.,Ўзбекистон Республикаси Президенти қарори,2017-09-29 00:00:00,ПҚ-3301,2027-12-31 00:00:00
528,Ижтимоий солиқ,"ПҚ-3301 29.09.2017 й 6-банд 3 хатбоши  Навоий вилоятининг Томди, Учқудуқ, Конимех туманлари, Нурота туманидаги Деҳибаланд, Сентоб, Темирковук, Қизилча, Гум ва Чўя аҳоли пунктлари ҳамда Зарафшон шаҳри ҳудудида чорвачилик ва туячилик маҳсулотларини қайта ишлаш соҳасида фаолият юритаётган фермер хўжаликлари ва тадбиркорлик субъектлари - ягона ижтимоий тўловдан;",Ўзбекистон Республикаси Президенти қарори,2017-09-29 00:00:00,ПҚ-3301,2027-12-31 00:00:00
529,Айланмадан олинадиган солиқ,"ПҚ-3301 29.09.2017 й 6-банд 2 хатбоши Навоий вилоятининг Томди, Учқудуқ, Конимех туманлари, Нурота туманидаги Деҳибаланд, Сентоб, Темирковук, Қизилча, Гум ва Чўя аҳоли пунктлари ҳамда Зарафшон шаҳри ҳудудида: саноат ва хизмат кўрсатиш соҳасида (савдо ва автомобилларга газ куйиш шахобчалари бундан мустасно) фаолият юритувчи янги ташкил этилаётган тадбиркорлик субъектлари - барча солиқлардан ва давлат мақсадли жамғармаларига мажбурий тўловлар тўлашдан;",Ўзбекистон Республикаси Президенти қарори,2017-09-29 00:00:00,ПҚ-3301,2027-12-31 00:00:00
530,Қўшилган қиймат солиғи,"ПҚ-3306 02.10.2017 7-банд Спортчиларни ҳаммабоп ва сифатли спорт кийимлари ва инвентарлари билан таъминлаш мақсадида асосий фаолияти ""яктак"" спорт кийимлари ва (ёки) ""кураш гилам""ларини ишлаб чиқаришга ихтисослаштирилган корхоналар беш йил муддатга барча турдаги солиқлар ва давлат мақсадли жамғармаларига мажбурий ажратмаларни тўлашдан озод қилинсин, Ўзбекистон Республикаси Молия вазирлиги ҳузуридаги бюджетдан ташқари Пенсия жамғармаси бундан мустасно.",Ўзбекистон Республикаси Президенти қарори,2017-10-02 00:00:00,ПҚ-3306,2024-12-31 00:00:00
531,Фойда солиғи,"ПҚ-3306 02.10.2017 7-банд Спортчиларни ҳаммабоп ва сифатли спорт кийимлари ва инвентарлари билан таъминлаш мақсадида асосий фаолияти ""яктак"" спорт кийимлари ва (ёки) ""кураш гилам""ларини ишлаб чиқаришга ихтисослаштирилган корхоналар беш йил муддатга барча турдаги солиқлар ва давлат мақсадли жамғармаларига мажбурий ажратмаларни тўлашдан озод қилинсин, Ўзбекистон Республикаси Молия вазирлиги ҳузуридаги бюджетдан ташқари Пенсия жамғармаси бундан мустасно.",Ўзбекистон Республикаси Президенти қарори,2017-10-02 00:00:00,ПҚ-3306,2024-12-31 00:00:00
532,Сув ресурсларидан фойдаланганлик учун солиқ,"ПҚ-3306 02.10.2017 7-банд Спортчиларни ҳаммабоп ва сифатли спорт кийимлари ва инвентарлари билан таъминлаш мақсадида асосий фаолияти ""яктак"" спорт кийимлари ва (ёки) ""кураш гилам""ларини ишлаб чиқаришга ихтисослаштирилган корхоналар беш йил муддатга барча турдаги солиқлар ва давлат мақсадли жамғармаларига мажбурий ажратмаларни тўлашдан озод қилинсин, Ўзбекистон Республикаси Молия вазирлиги ҳузуридаги бюджетдан ташқари Пенсия жамғармаси бундан мустасно.",Ўзбекистон Республикаси Президенти қарори,2017-10-02 00:00:00,ПҚ-3306,2024-12-31 00:00:00
533,Мол-мулк солиғи,"ПҚ-3306 02.10.2017 7-банд Спортчиларни ҳаммабоп ва сифатли спорт кийимлари ва инвентарлари билан таъминлаш мақсадида асосий фаолияти ""яктак"" спорт кийимлари ва (ёки) ""кураш гилам""ларини ишлаб чиқаришга ихтисослаштирилган корхоналар беш йил муддатга барча турдаги солиқлар ва давлат мақсадли жамғармаларига мажбурий ажратмаларни тўлашдан озод қилинсин, Ўзбекистон Республикаси Молия вазирлиги ҳузуридаги бюджетдан ташқари Пенсия жамғармаси бундан мустасно.",Ўзбекистон Республикаси Президенти қарори,2017-10-02 00:00:00,ПҚ-3306,2024-12-31 00:00:00
534,Ер солиғи,"ПҚ-3306 02.10.2017 7-банд Спортчиларни ҳаммабоп ва сифатли спорт кийимлари ва инвентарлари билан таъминлаш мақсадида асосий фаолияти ""яктак"" спорт кийимлари ва (ёки) ""кураш гилам""ларини ишлаб чиқаришга ихтисослаштирилган корхоналар беш йил муддатга барча турдаги солиқлар ва давлат мақсадли жамғармаларига мажбурий ажратмаларни тўлашдан озод қилинсин, Ўзбекистон Республикаси Молия вазирлиги ҳузуридаги бюджетдан ташқари Пенсия жамғармаси бундан мустасно.",Ўзбекистон Республикаси Президенти қарори,2017-10-01 00:00:00,ПҚ-3306,2024-12-31 00:00:00
535,Айланмадан олинадиган солиқ,"ПҚ-3306 02.10.2017 7-банд Спортчиларни ҳаммабоп ва сифатли спорт кийимлари ва инвентарлари билан таъминлаш мақсадида асосий фаолияти ""яктак"" спорт кийимлари ва (ёки) ""кураш гилам""ларини ишлаб чиқаришга ихтисослаштирилган корхоналар беш йил муддатга барча турдаги солиқлар ва давлат мақсадли жамғармаларига мажбурий ажратмаларни тўлашдан озод қилинсин, Ўзбекистон Республикаси Молия вазирлиги ҳузуридаги бюджетдан ташқари Пенсия жамғармаси бундан мустасно.",Ўзбекистон Республикаси Президенти қарори,2017-10-02 00:00:00,ПҚ-3306,2024-12-31 00:00:00
536,Мол-мулк солиғи,ПҚ-331 25.07.2022 й. 6-банд. 4-хатбоши  микромарказлар фойдаланишга топширилган кундан бошлаб 3 йил муддатга ташкил этилган микромарказлар объектлари ва улар жойлашган ер участкалари бўйича юридик шахслардан олинадиган ер солиғи ва мол-мулк солиғи учун солиқ ставкаси 50 фоиз миқдорида қўлланилади.,Ўзбекистон Республикаси Президенти қарори,2022-07-25 00:00:00,ПҚ-331,2025-07-31 00:00:00
537,Ер солиғи,ПҚ-331 25.07.2022 й. 6-банд. 4-хатбоши  микромарказлар фойдаланишга топширилган кундан бошлаб 3 йил муддатга ташкил этилган микромарказлар объектлари ва улар жойлашган ер участкалари бўйича юридик шахслардан олинадиган ер солиғи ва мол-мулк солиғи учун солиқ ставкаси 50 фоиз миқдорида қўлланилади.,Ўзбекистон Республикаси Президенти қарори,2022-07-25 00:00:00,ПҚ-331,2025-07-31 00:00:00
538,Қўшилган қиймат солиғи,"ПҚ-3356 25.10.2017 й 9-банд 1 хатбоши Ўзбекистон Республикаси Президентининг 2017 йил 12 январдаги «Ургут», «Ғиждувон», «Қўқон» ва «Ҳазорасп» эркин иқтисодий зоналарини ташкил этиш тўғрисида»ги ПФ-4931-сон Фармони 8-бандининг амал қилиши барча мавжуд ва янгидан ташкил этилаётган махсус иқтисодий зоналарнинг дирекцияларига жорий этилсин.",Ўзбекистон Республикаси Президенти қарори,2017-10-25 00:00:00,ПҚ-3356,2026-12-31 00:00:00
539,Фойда солиғи,"ПҚ-3356 25.10.2017 й 9-банд 1 хатбоши Ўзбекистон Республикаси Президентининг 2017 йил 12 январдаги «Ургут», «Ғиждувон», «Қўқон» ва «Ҳазорасп» эркин иқтисодий зоналарини ташкил этиш тўғрисида»ги ПФ-4931-сон Фармони 8-бандининг амал қилиши барча мавжуд ва янгидан ташкил этилаётган махсус иқтисодий зоналарнинг дирекцияларига жорий этилсин.",Ўзбекистон Республикаси Президенти қарори,2017-10-25 00:00:00,ПҚ-3356,2026-12-31 00:00:00
540,Мол-мулк солиғи,"ПҚ-3356 25.10.2017 й 9-банд 1 хатбоши Ўзбекистон Республикаси Президентининг 2017 йил 12 январдаги «Ургут», «Ғиждувон», «Қўқон» ва «Ҳазорасп» эркин иқтисодий зоналарини ташкил этиш тўғрисида»ги ПФ-4931-сон Фармони 8-бандининг амал қилиши барча мавжуд ва янгидан ташкил этилаётган махсус иқтисодий зоналарнинг дирекцияларига жорий этилсин.",Ўзбекистон Республикаси Президенти қарори,2017-10-25 00:00:00,ПҚ-3356,2026-12-31 00:00:00
541,Ер солиғи,"ПҚ-3356 25.10.2017 й 9-банд 1 хатбоши Ўзбекистон Республикаси Президентининг 2017 йил 12 январдаги «Ургут», «Ғиждувон», «Қўқон» ва «Ҳазорасп» эркин иқтисодий зоналарини ташкил этиш тўғрисида»ги ПФ-4931-сон Фармони 8-бандининг амал қилиши барча мавжуд ва янгидан ташкил этилаётган махсус иқтисодий зоналарнинг дирекцияларига жорий этилсин.",Ўзбекистон Республикаси Президенти қарори,2017-10-24 00:00:00,ПҚ-3356,2026-12-31 00:00:00
542,Айланмадан олинадиган солиқ,"ПҚ-3356 25.10.2017 й 9-банд 1 хатбоши Ўзбекистон Республикаси Президентининг 2017 йил 12 январдаги «Ургут», «Ғиждувон», «Қўқон» ва «Ҳазорасп» эркин иқтисодий зоналарини ташкил этиш тўғрисида»ги ПФ-4931-сон Фармони 8-бандининг амал қилиши барча мавжуд ва янгидан ташкил этилаётган махсус иқтисодий зоналарнинг дирекцияларига жорий этилсин.",Ўзбекистон Республикаси Президенти қарори,2017-10-25 00:00:00,ПҚ-3356,2026-12-31 00:00:00
543,ЖШДС,"ПҚ-3377 06.11.2017 й 2-банд Белгилаб қўйилсинки, 2017 йил 15 ноябрдан бошлаб, юридик шахслар томонидан мева-сабзавот маҳсулотлари кейинчалик экспорт қилиш учун жисмоний шахслардан сотиб олинганда, жисмоний шахслардан олинадиган даромад солиғи бўйича имтиёзлар жисмоний шахслар томонидан сотилган маҳсулотлар уларга ёки уларнинг оила аъзоларига ажратилган ер участкаларида етиштирилганлигини тасдиқловчи ҳужжатни тақдим қилмасдан қўлланилади",Ўзбекистон Республикаси Президенти қарори,2017-11-06 00:00:00,ПҚ-3377,2067-04-15 00:00:00
544,ЖШДС,ПҚ-3385 13.11.2017 й 2 банд 3 хатбоши 2018 й 1 январга қадар Ўз.Рес.да аккредитациядан ўтган фуқароларидан иборат доимий равишда ишловчи ходимлари ушбу ташкилотларда иш ҳақи тарзида олган даромадлардан жисмоний шахслардан олинган даромад солиғи тўлашдан озод этилганлиги ,Ўзбекистон Республикаси Президенти қарори,2017-11-13 00:00:00,ПҚ-3385,2025-12-31 00:00:00
545,Ижтимоий солиқ,ПҚ-3385 13.11.2017 й 2 банд 2 хатбоши 2018 йил 1 январга қадар Ўз.Рес.да аккредитациядан ўтган халқаро ташкилотларнинг ваколатхоналари уларнинг Ўз.Рес. фуқароларидан иборат доимий ишловчи ходимлари меҳнатга ҳақ тўлаш тарздаги даромадлари бўйича ягона ижтимоий тўлашдан.   ,Ўзбекистон Республикаси Президенти қарори,2017-11-13 00:00:00,ПҚ-3385,2025-12-31 00:00:00
546,Қўшилган қиймат солиғи," ПП-3435 от 15.12.2017 г. п.7. Освободить в рамках реализации инвестиционного проекта инвестора—- сроком до 2025 года от уплаты всех видов налогов данной со строительством объектов в рамках инвестиционного проекта, а также дальнейшей эксплуатацией после заверщения строительства.",Ўзбекистон Республикаси Президенти қарори,2017-12-15 00:00:00,ПҚ-3435,2024-12-31 00:00:00
547,Фойда солиғи," ПП-3435 от 15.12.2017 г. п.7. Освободить в рамках реализации инвестиционного проекта инвестора—- сроком до 2025 года от уплаты всех видов налогов данной со строительством объектов в рамках инвестиционного проекта, а также дальнейшей эксплуатацией после заверщения строительства.",Ўзбекистон Республикаси Президенти қарори,2017-12-15 00:00:00,ПҚ-3435,2024-12-31 00:00:00
548,Сув ресурсларидан фойдаланганлик учун солиқ," ПП-3435 от 15.12.2017 г. п.7. Освободить в рамках реализации инвестиционного проекта инвестора—- сроком до 2025 года от уплаты всех видов налогов данной со строительством объектов в рамках инвестиционного проекта, а также дальнейшей эксплуатацией после заверщения строительства.",Ўзбекистон Республикаси Президенти қарори,2017-12-15 00:00:00,ПҚ-3435,2024-12-31 00:00:00
549,Мол-мулк солиғи," ПП-3435 от 15.12.2017 г. п.7. Освободить в рамках реализации инвестиционного проекта инвестора—- сроком до 2025 года от уплаты всех видов налогов данной со строительством объектов в рамках инвестиционного проекта, а также дальнейшей эксплуатацией после заверщения строительства.",Ўзбекистон Республикаси Президенти қарори,2017-12-15 00:00:00,ПҚ-3435,2024-12-31 00:00:00
550,Ер солиғи," ПП-3435 от 15.12.2017 г. п.7. Освободить в рамках реализации инвестиционного проекта инвестора—- сроком до 2025 года от уплаты всех видов налогов данной со строительством объектов в рамках инвестиционного проекта, а также дальнейшей эксплуатацией после заверщения строительства.",Ўзбекистон Республикаси Президенти қарори,2017-12-13 00:00:00,ПҚ-3435,2024-12-31 00:00:00
551,Айланмадан олинадиган солиқ," ПП-3435 от 15.12.2017 г. п.7. Освободить в рамках реализации инвестиционного проекта инвестора—- сроком до 2025 года от уплаты всех видов налогов данной со строительством объектов в рамках инвестиционного проекта, а также дальнейшей эксплуатацией после заверщения строительства.",Ўзбекистон Республикаси Президенти қарори,2017-12-15 00:00:00,ПҚ-3435,2024-12-31 00:00:00
552,Ер қаридан фойдаланганлик учун солиқ," ПП-3435 от 15.12.2017 г. п.7. Освободить в рамках реализации инвестиционного проекта инвестора—- сроком до 2025 года от уплаты всех видов налогов данной со строительством объектов в рамках инвестиционного проекта, а также дальнейшей эксплуатацией после заверщения строительства.",Ўзбекистон Республикаси Президенти қарори,2017-12-15 00:00:00,ПҚ-3435,2024-12-31 00:00:00
553,Қўшилган қиймат солиғи," ПП-3456 от 03.01.2018 г пункт 6 абзац 3 имущество, передаваемое и принимаемое на безвозмездной основе между Министерством обороны Рес.Узб. и АО Ўзбекистон темир йўллари, от НДС, налог на прибыль юридических лиц, а также налога на благоустройство и развитие социальной инфраструктуры.",Ўзбекистон Республикаси Президенти қарори,2018-01-03 00:00:00,ПҚ-3456,2029-12-31 00:00:00
554,Фойда солиғи," ПП-3456 от 03.01.2018 г пункт 6 абзац 2 Освободить АО Ўзбекистон темир йўллари сроком до 1 января 2030 года от уплаты налога на землю, имущество и обязательных отчислений в государственные целевые фонды в отношении передаваемого аэродрома Ташкент-Восточный",Ўзбекистон Республикаси Президенти қарори,2018-01-03 00:00:00,ПҚ-3456,2029-12-31 00:00:00
555,Фойда солиғи," ПП-3456 от 03.01.2018 г пункт 6 абзац 3 имущество, передаваемое и принимаемое на безвозмездной основе между Министерством обороны Рес.Узб. и АО Ўзбекистон темир йўллари, от НДС, налог на прибыль юридических лиц, а также налога на благоустройство и развитие социальной инфраструктуры.",Ўзбекистон Республикаси Президенти қарори,2018-01-03 00:00:00,ПҚ-3456,2029-12-31 00:00:00
556,Мол-мулк солиғи," ПП-3456 от 03.01.2018 г пункт 6 абзац 2 Освободить АО Ўзбекистон темир йўллари сроком до 1 января 2030 года от уплаты налога на землю, имущество и обязательных отчислений в государственные целевые фонды в отношении передаваемого аэродрома Ташкент-Восточный",Ўзбекистон Республикаси Президенти қарори,2018-01-03 00:00:00,ПҚ-3456,2029-12-31 00:00:00
557,Ер солиғи," ПП-3456 от 03.01.2018 г пункт 6 абзац 2 Освободить АО Ўзбекистон темир йўллари сроком до 1 января 2030 года от уплаты налога на землю, имущество и обязательных отчислений в государственные целевые фонды в отношении передаваемого аэродрома Ташкент-Восточный",Ўзбекистон Республикаси Президенти қарори,2018-01-03 00:00:00,ПҚ-3456,2029-12-31 00:00:00
558,Фойда солиғи," ПҚ-3514-сон. 07.02.2018 й. 15-банд. Ўзбекистон Республикаси Молия вазирлиги Туризмни ривожлантириш давлат қўмитаси билан биргаликда қуйидаги суммалар учун солиқ солинадиган базани камайтириш тартибини бир ой муддатда тасдиқласин:_x000D_
12 миллион сўмгача — ҳар йили 2025 йилнинг 1 январига қадар хўжалик юритувчи субъектларнинг санитария қоидалари, меъёрлари ва гигиена нормативларига мувофиқ келадиган санитария-гигиена тармоқларини (фаррошлар иш ҳақи, гигиена, тозалаш ва ювиш воситаларини сотиб олиш, коммунал харажатларни тўлаш), туризм инфратузилмаси объектларини (тарихий ва меъморий ёдгорликлар, музейлар, театрлар, маданият уйлари, умумий овқатланиш пунктлари, хизмат кўрсатиш объектлари, автомобилларга ёқилғи қуйиш шохобчалари, автомобиллар учун вақтинча тўхташ жойлари, йўлбўйи инфратузилмасининг сервис хизматлар кўрсатиладиган ҳудудлари, бозорлар, расталар, дўконлар ва одамлар гавжум бўладиган бошқа жойларни) сақлашга йўналтирилган харажатлари.",Ўзбекистон Республикаси Президенти қарори,2018-02-07 00:00:00,ПҚ-3514,2024-12-31 00:00:00
559,Фойда солиғи,"ПҚ-3514-сон. 07.02.2018 й. 15-банд. Ўзбекистон Республикаси Молия вазирлиги Туризмни ривожлантириш давлат қўмитаси билан биргаликда қуйидаги суммалар учун солиқ солинадиган базани камайтириш тартибини бир ой муддатда тасдиқласин:_x000D_
100 миллион сўмгача — хўжалик юритувчи субъектларнинг 2025 йилнинг 1 январига қадар санитария қоидалари, меъёрлари ва гигиена нормативларига мувофиқ келадиган замонавий санитария-гигиена тармоқларини қайта тиклаш, капитал таъмирлаш ва қуришга йўналтирилган харажатлари;",Ўзбекистон Республикаси Президенти қарори,2018-02-07 00:00:00,ПҚ-3514,2024-12-31 00:00:00
560,Қўшилган қиймат солиғи," ПП-3542 от 19.02.2018 г пункта 8 данного постановления предусмотрено освобождение АО Халкаро хамкорлик маркази, АО НВК Узэкспоцентр и ГП РХВО Интерсервис от уплаты НДС сроком на 10 лет со списанием задолженности по налогам по состоянию на 1 февраля 2018 года.",Ўзбекистон Республикаси Президенти қарори,2018-02-19 00:00:00,ПҚ-3542,2027-12-31 00:00:00
561,Мол-мулк солиғи," ПП-3542 от 19.02.2018 г пункта 8 данного постановления предусмотрено освобождение АО Халкаро хамкорлик маркази, АО НВК Узэкспоцентр и ГП РХВО Интерсервис от уплаты земельного налога, налога на имущество сроком на 10 лет со списанием задолженности по налогам по состоянию на 1 февраля 2018 года.",Ўзбекистон Республикаси Президенти қарори,2018-02-19 00:00:00,ПҚ-3542,2027-12-31 00:00:00
562,Ер солиғи," ПП-3542 от 19.02.2018 г пункта 8 данного постановления предусмотрено освобождение АО Халкаро хамкорлик маркази, АО НВК Узэкспоцентр и ГП РХВО Интерсервис от уплаты земельного налога, налога на имущество сроком на 10 лет со списанием задолженности по налогам по состоянию на 1 февраля 2018 года.",Ўзбекистон Республикаси Президенти қарори,2018-02-19 00:00:00,ПҚ-3542,2027-12-31 00:00:00
563,Қўшилган қиймат солиғи,"ПҚ-357 22.08.2022 й 14-банди Белгилансинки, Ўзбекистон Республикаси Президентининг 2017 йил 30 июндаги «Республикада ахборот технологиялари соҳасини ривожлантириш учун шарт-шароитларни тубдан яхшилаш чора-тадбирлари тўғрисида»ги ПФ-5099-сон Фармони 5-бандининг иккинчи хатбошисида назарда тутилган қўшилган қиймат солиғи бўйича имтиёзлар Республика норезидентларидан ахборот технологияларига оид хизматларни сотиб олганда ҳам татбиқ этилади.",Ўзбекистон Республикаси Президенти қарори,2022-08-22 00:00:00,ПҚ-357,2028-01-01 00:00:00
564,Фойда солиғи," ПП-3584 от 05.03.2018 г Пункт 8 денежные средства АК Алокабанк, направленные на возмещение приобретения железнодорожных и авиабилетов для граждан, выезжающих за рубеж для осуществления временной трудовой деятельности, не облагаются налогом на прибыль юридических лиц и налогом на доходы физических лиц, а также не являются благотворительными пожертвованиями.",Ўзбекистон Республикаси Президенти қарори,2018-03-05 00:00:00,ПҚ-3584,2025-12-31 00:00:00
565,Айланмадан олинадиган солиқ,"ПҚ-3588 06.03.2018 й 4 банд Ўзбекистон Республикаси Президентининг ""2017-2021 йилларда Оролбўйи минтақасини ривожлантириш Давлат дастури тўғрисида"" 2017 йил 18 январдаги ПҚ-2731-сон қарорининг 4-бандига мувофиқ саноат соҳасида (автомобилларга газ тўлдирувчи компрессор станцияларидан ташқари) янги ташкил этиладиган микрофирмалар ва кичик корхоналар. ",Ўзбекистон Республикаси Президенти қарори,2018-03-06 00:00:00,ПҚ-3588,2026-12-31 00:00:00
566,Айланмадан олинадиган солиқ,"ПҚ-3588 06.03.2018 й 4-банд 2 хатбоши Мўйноқ, Шуманай, Қонликўл, Тахтакўпир, Чимбой тамунларидаги - 2027 йилнинг 1 январигача   ",Ўзбекистон Республикаси Президенти қарори,2018-03-06 00:00:00,ПҚ-3588,2026-12-31 00:00:00
567,Қўшилган қиймат солиғи,ПҚ-3651 05.04.2018 й 9-банд 3-хатбоши Давлат-хусусий шерикчилиги шартларида ташкил этилган мактабгача таълим нодавлат муассасалари: мактабгача таълим нодавлат муассасаси ўз фаолиятини амалга ошира бошлагандан кейин ўн йил мобайнида барча турдаги солиқлар ва давлат мақсадли жамғармаларига мажбурий ажратмалар тўлашдан озод қилинсин.,Ўзбекистон Республикаси Президенти қарори,2018-04-05 00:00:00,ПҚ-3651,2028-04-05 00:00:00
568,Фойда солиғи,ПҚ-3651 05.04.2018 й 9-банд 3-хатбоши Давлат-хусусий шерикчилиги шартларида ташкил этилган мактабгача таълим нодавлат муассасалари: мактабгача таълим нодавлат муассасаси ўз фаолиятини амалга ошира бошлагандан кейин ўн йил мобайнида барча турдаги солиқлар ва давлат мақсадли жамғармаларига мажбурий ажратмалар тўлашдан озод қилинсин.,Ўзбекистон Республикаси Президенти қарори,2018-04-05 00:00:00,ПҚ-3651,2028-04-05 00:00:00
569,Сув ресурсларидан фойдаланганлик учун солиқ,ПҚ-3651 05.04.2018 й 9-банд 3-хатбоши Давлат-хусусий шерикчилиги шартларида ташкил этилган мактабгача таълим нодавлат муассасалари: мактабгача таълим нодавлат муассасаси ўз фаолиятини амалга ошира бошлагандан кейин ўн йил мобайнида барча турдаги солиқлар ва давлат мақсадли жамғармаларига мажбурий ажратмалар тўлашдан озод қилинсин.,Ўзбекистон Республикаси Президенти қарори,2018-04-05 00:00:00,ПҚ-3651,2028-04-05 00:00:00
570,Мол-мулк солиғи,ПҚ-3651 05.04.2018 й 9-банд 3-хатбоши Давлат-хусусий шерикчилиги шартларида ташкил этилган мактабгача таълим нодавлат муассасалари: мактабгача таълим нодавлат муассасаси ўз фаолиятини амалга ошира бошлагандан кейин ўн йил мобайнида барча турдаги солиқлар ва давлат мақсадли жамғармаларига мажбурий ажратмалар тўлашдан озод қилинсин.,Ўзбекистон Республикаси Президенти қарори,2018-04-05 00:00:00,ПҚ-3651,2028-04-05 00:00:00
571,Ер солиғи,ПҚ-3651 05.04.2018 й 9-банд 3-хатбоши Давлат-хусусий шерикчилиги шартларида ташкил этилган мактабгача таълим нодавлат муассасалари: мактабгача таълим нодавлат муассасаси ўз фаолиятини амалга ошира бошлагандан кейин ўн йил мобайнида барча турдаги солиқлар ва давлат мақсадли жамғармаларига мажбурий ажратмалар тўлашдан озод қилинсин.,Ўзбекистон Республикаси Президенти қарори,2018-04-04 00:00:00,ПҚ-3651,2028-04-05 00:00:00
572,Ижтимоий солиқ,ПҚ-3651 05.04.2018 й 10-банд 2-хатбоши .......давлат-хусусий шерикчилиги асосида ташкил қилинган мактабгача таълим нодавлат муассасалари учун эса - давлат-хусусий шерикчилиги тўғрисидаги битим имзоланган ойдан бошлаб ўн йил муддатга 5 фоиз миқдорида белгиланади; (давлат-хусусий шерикчилиги асосида),Ўзбекистон Республикаси Президенти қарори,2018-04-05 00:00:00,ПҚ-3651,2027-12-31 00:00:00
573,Айланмадан олинадиган солиқ,ПҚ-3651 05.04.2018 й 9-банд 3-хатбоши Давлат-хусусий шерикчилиги шартларида ташкил этилган мактабгача таълим нодавлат муассасалари: мактабгача таълим нодавлат муассасаси ўз фаолиятини амалга ошира бошлагандан кейин ўн йил мобайнида барча турдаги солиқлар ва давлат мақсадли жамғармаларига мажбурий ажратмалар тўлашдан озод қилинсин.,Ўзбекистон Республикаси Президенти қарори,2018-04-05 00:00:00,ПҚ-3651,2028-04-05 00:00:00
574,Фойда солиғи,"ПҚ-3680 26.04.2018 й 13 банд 3-хатбошига асосан ""Томорқа хизмати"" МЧЖлар давлат рўйхатидан ўтган кундан бошлаб мазкур қарорга мувофиқ уларнинг асосий фаолияти доирасида 3 йил муддатга барча турдаги солиқлар ва давлат мақсадли жамғармаларига мажбурий ажратмалардан; ",Ўзбекистон Республикаси Президенти қарори,2018-04-26 00:00:00,ПҚ-3680,2024-12-31 00:00:00
575,Фойда солиғи,ПҚ-3680 26.04.2018 й 13 банд 2-хатбошига асосан Жамғарма барча турдаги солиқлар ва давлат мақсадли жамғармаларига мажбурий ажратмалардан; ,Ўзбекистон Республикаси Президенти қарори,2018-04-26 00:00:00,ПҚ-3680,2024-12-31 00:00:00
576,ЖШДС,"ПҚ-3680 26.04.2018 й 13 банд 5-хатбошига асосан ""Томорқа хизмати"" МЧЖ ёки фермер хўжаликлари билан тузилган касаначилик шартномаси асосида фаолият юритаётган томорқа ер эгалари - жисмоний шахслар уларнинг касаначилик фаолияти доирасида жисмоний шахслардан олинадиган даромад солиғидан озод қилинсин. ",Ўзбекистон Республикаси Президенти қарори,2018-04-26 00:00:00,ПҚ-3680,2024-12-31 00:00:00
577,Сув ресурсларидан фойдаланганлик учун солиқ,"ПҚ-3680 26.04.2018 й 13 банд 3-хатбошига асосан ""Томорқа хизмати"" МЧЖлар давлат рўйхатидан ўтган кундан бошлаб мазкур қарорга мувофиқ уларнинг асосий фаолияти доирасида 3 йил муддатга барча турдаги солиқлар ва давлат мақсадли жамғармаларига мажбурий ажратмалардан; ",Ўзбекистон Республикаси Президенти қарори,2018-04-26 00:00:00,ПҚ-3680,2024-12-31 00:00:00
578,Сув ресурсларидан фойдаланганлик учун солиқ,ПҚ-3680 26.04.2018 й 13 банд 2-хатбошига асосан Жамғарма барча турдаги солиқлар ва давлат мақсадли жамғармаларига мажбурий ажратмалардан; ,Ўзбекистон Республикаси Президенти қарори,2018-04-26 00:00:00,ПҚ-3680,2024-12-31 00:00:00
579,Мол-мулк солиғи,"ПҚ-3680 26.04.2018 й 13 банд 3-хатбошига асосан «Томорқа хизмати» МЧЖлар давлат рўйхатидан ўтиб, Кенгаш томонидан юритиладиган «Томорқа хизмати» МЧЖлар реестрига киритилган кундан бошлаб мазкур қарорга мувофиқ уларнинг асосий фаолияти доирасида 3 йил муддатга барча турдаги солиқлар, қўшилган қиймат солиғи бундан мустасно;",Ўзбекистон Республикаси Президенти қарори,2018-04-26 00:00:00,ПҚ-3680,2024-12-31 00:00:00
580,Мол-мулк солиғи,ПҚ-3680 26.04.2018 й 13 банд 2-хатбошига асосан Жамғарма барча турдаги солиқлар ва давлат мақсадли жамғармаларига мажбурий ажратмалардан; ,Ўзбекистон Республикаси Президенти қарори,2018-04-26 00:00:00,ПҚ-3680,2024-12-31 00:00:00
581,Ер солиғи,"ПҚ-3680 26.04.2018 й 13 банд 3-хатбошига асосан ""Томорқа хизмати"" МЧЖлар давлат рўйхатидан ўтган кундан бошлаб мазкур қарорга мувофиқ уларнинг асосий фаолияти доирасида 3 йил муддатга барча турдаги солиқлар ва давлат мақсадли жамғармаларига мажбурий ажратмалардан; ",Ўзбекистон Республикаси Президенти қарори,2018-04-25 00:00:00,ПҚ-3680,2024-12-31 00:00:00
582,Ер солиғи,ПҚ-3680 26.04.2018 й 13 банд 2-хатбошига асосан Жамғарма барча турдаги солиқлар ва давлат мақсадли жамғармаларига мажбурий ажратмалардан; ,Ўзбекистон Республикаси Президенти қарори,2018-04-26 00:00:00,ПҚ-3680,2024-12-31 00:00:00
583,Ижтимоий солиқ," ПҚ-3680-сон 26.04.2018 й. 14-банд. 4-хатбоши. Белгилансинки, 2018 йил 1 июлдан: фермер, деҳқон хўжаликлари ва томорқа ер эгалари кенгашлари томонидан Ўзбекистон Республикаси Молия вазирлиги ҳузуридаги Бюджетдан ташқари пенсия жамғармасига ягона ижтимоий тўлов 5 фоиз миқдорида тўланади. (ЭСЛАТМА: МАЗКУР ИМТИЁЗ ФАҚАТ КЕНГАШЛАРГА НИСБАТАН ТАДБИҚ ҚИЛИНАДИ,  БОШҚА ТАШКИЛОТДАРГА ЭМАС)",Ўзбекистон Республикаси Президенти қарори,2018-04-26 00:00:00,ПҚ-3680,2024-12-31 00:00:00
584,Айланмадан олинадиган солиқ,"ПҚ-3680 26.04.2018 й 13 банд 3-хатбошига асосан ""Томорқа хизмати"" МЧЖлар давлат рўйхатидан ўтган кундан бошлаб мазкур қарорга мувофиқ уларнинг асосий фаолияти доирасида 3 йил муддатга барча турдаги солиқлар ва давлат мақсадли жамғармаларига мажбурий ажратмалардан; ",Ўзбекистон Республикаси Президенти қарори,2018-04-26 00:00:00,ПҚ-3680,2024-12-31 00:00:00
585,Айланмадан олинадиган солиқ,ПҚ-3680 26.04.2018 й 13 банд 2-хатбошига асосан Жамғарма барча турдаги солиқлар ва давлат мақсадли жамғармаларига мажбурий ажратмалардан; ,Ўзбекистон Республикаси Президенти қарори,2018-04-26 00:00:00,ПҚ-3680,2024-12-31 00:00:00
586,Фойда солиғи,"ПҚ-3693 03.05.2018 й 9-банд Чарм, мўйна хом ашёси ва жун тайёрлаш, сақлаш ва қайта ишлаш, чорва молларини автоматлаштирилган ҳолда сўйиш, жун, қоракўл ва сунъий чармдан буюмлар, чарм-атторлик маҳсулотлари, пойабзал ишлаб чиқариш билан шуғулланувчи ташкилотларга 2026 йил 1 январга қадар муддатда қуйидаги кўринишдаги солиқ ва божхона имтиёзлари ҳамда преференциялар берилсин:_x000D_
фойда солиғи ва мол-мулк солиғи, айланмадан олинадиган солиқни тўлашдан озод қилиш;",Ўзбекистон Республикаси Президенти қарори,2018-05-03 00:00:00,ПҚ-3693,2025-12-31 00:00:00
587,Мол-мулк солиғи,"ПҚ-3693 03.05.2018 й 9-банд Чарм, мўйна хом ашёси ва жун тайёрлаш, сақлаш ва қайта ишлаш, чорва молларини автоматлаштирилган ҳолда сўйиш, жун, қоракўл ва сунъий чармдан буюмлар, чарм-атторлик маҳсулотлари, пойабзал ишлаб чиқариш билан шуғулланувчи ташкилотларга 2026 йил 1 январга қадар муддатда қуйидаги кўринишдаги солиқ ва божхона имтиёзлари ҳамда преференциялар берилсин:_x000D_
фойда солиғи ва мол-мулк солиғи, айланмадан олинадиган солиқни тўлашдан озод қилиш;",Ўзбекистон Республикаси Президенти қарори,2018-05-03 00:00:00,ПҚ-3693,2025-12-31 00:00:00
588,Айланмадан олинадиган солиқ,"ПҚ-3693 03.05.2018 й 9-банд Чарм, мўйна хом ашёси ва жун тайёрлаш, сақлаш ва қайта ишлаш, чорва молларини автоматлаштирилган ҳолда сўйиш, жун, қоракўл ва сунъий чармдан буюмлар, чарм-атторлик маҳсулотлари, пойабзал ишлаб чиқариш билан шуғулланувчи ташкилотларга 2026 йил 1 январга қадар муддатда қуйидаги кўринишдаги солиқ ва божхона имтиёзлари ҳамда преференциялар берилсин:_x000D_
фойда солиғи ва мол-мулк солиғи, айланмадан олинадиган солиқни тўлашдан озод қилиш;",Ўзбекистон Республикаси Президенти қарори,2018-05-03 00:00:00,ПҚ-3693,2025-12-31 00:00:00
589,Қўшилган қиймат солиғи,"ПҚ-3832 03.07.2018 й. 2-банд 5-хатбоши юридик ва жисмоний шахсларнинг крипто-активлар айланмаси билан боғлиқ операциялари, жумладан, норезидентлар томонидан амалга ошириладиган операциялар солиқ солинадиган объект ҳисобланмайди, мазкур операциялар юзасидан олинган даромадлар эса солиқлар ва бошқа мажбурий тўловлар бўйича солиқ солинадиган базага киритилмайди",Ўзбекистон Республикаси Президенти қарори,2018-07-03 00:00:00,ПҚ-3832,2024-12-31 00:00:00
590,Фойда солиғи,"ПҚ-3832 03.07.2018 й. 2-банд 5-хатбоши юридик ва жисмоний шахсларнинг крипто-активлар айланмаси билан боғлиқ операциялари, жумладан, норезидентлар томонидан амалга ошириладиган операциялар солиқ солинадиган объект ҳисобланмайди, мазкур операциялар юзасидан олинган даромадлар эса солиқлар ва бошқа мажбурий тўловлар бўйича солиқ солинадиган базага киритилмайди",Ўзбекистон Республикаси Президенти қарори,2018-07-03 00:00:00,ПҚ-3832,2024-12-31 00:00:00
591,Айланмадан олинадиган солиқ,"ПҚ-3832 03.07.2018 й. 2-банд 5-хатбоши юридик ва жисмоний шахсларнинг крипто-активлар айланмаси билан боғлиқ операциялари, жумладан, норезидентлар томонидан амалга ошириладиган операциялар солиқ солинадиган объект ҳисобланмайди, мазкур операциялар юзасидан олинган даромадлар эса солиқлар ва бошқа мажбурий тўловлар бўйича солиқ солинадиган базага киритилмайди",Ўзбекистон Республикаси Президенти қарори,2018-07-03 00:00:00,ПҚ-3832,2024-12-31 00:00:00
592,Фойда солиғи,ПҚ-3839 05.07.2018 й 7-банд Агентлик барча турдаги солиқлар ва давлат мақсадли жамғармаларига мажбурий ажратмалардан озод қилинсин.,Ўзбекистон Республикаси Президенти қарори,2018-07-05 00:00:00,ПҚ-3839,2024-12-31 00:00:00
593,Сув ресурсларидан фойдаланганлик учун солиқ,ПҚ-3839 05.07.2018 й 7-банд Агентлик барча турдаги солиқлар ва давлат мақсадли жамғармаларига мажбурий ажратмалардан озод қилинсин.,Ўзбекистон Республикаси Президенти қарори,2018-07-05 00:00:00,ПҚ-3839,2024-12-31 00:00:00
594,Мол-мулк солиғи,ПҚ-3839 05.07.2018 й 7-банд Агентлик барча турдаги солиқлар ва давлат мақсадли жамғармаларига мажбурий ажратмалардан озод қилинсин.,Ўзбекистон Республикаси Президенти қарори,2018-07-05 00:00:00,ПҚ-3839,2024-12-31 00:00:00
595,Ер солиғи,ПҚ-3839 05.07.2018 й 7-банд Агентлик барча турдаги солиқлар ва давлат мақсадли жамғармаларига мажбурий ажратмалардан озод қилинсин.,Ўзбекистон Республикаси Президенти қарори,2018-07-04 00:00:00,ПҚ-3839,2024-12-31 00:00:00
596,Айланмадан олинадиган солиқ,ПҚ-3839 05.07.2018 й 7-банд Агентлик барча турдаги солиқлар ва давлат мақсадли жамғармаларига мажбурий ажратмалардан озод қилинсин.,Ўзбекистон Республикаси Президенти қарори,2018-07-05 00:00:00,ПҚ-3839,2024-12-31 00:00:00
597,Қўшилган қиймат солиғи,"""ПҚ-3895 02.08.2018 й. 9-10-банд   «Business city» марказлари қурилиши бўйича лойиҳаларни амалга ошириш доирасида: б) дирекциялар «Business city» марказлари фаолият кўрсатишининг бутун даврида солиқларнинг барча турлари ва давлат мақсадли жамғармаларига мажбурий ажратмаларни тўлашдан озод қилинсин.""",Ўзбекистон Республикаси Президенти қарори,2018-08-02 00:00:00,ПҚ-3895,2024-12-31 00:00:00
598,Фойда солиғи,"""ПҚ-3895 02.08.2018 й. 9-10-банд   «Business city» марказлари қурилиши бўйича лойиҳаларни амалга ошириш доирасида:б) дирекциялар «Business city» марказлари фаолият кўрсатишининг бутун даврида солиқларнинг барча турлари ва давлат мақсадли жамғармаларига мажбурий ажратмаларни тўлашдан озод қилинсин.""",Ўзбекистон Республикаси Президенти қарори,2018-08-02 00:00:00,ПҚ-3895,2024-12-31 00:00:00
599,Сув ресурсларидан фойдаланганлик учун солиқ,"""ПҚ-3895 02.08.2018 й. 9-10-банд   «Business city» марказлари қурилиши бўйича лойиҳаларни амалга ошириш доирасида:б) дирекциялар «Business city» марказлари фаолият кўрсатишининг бутун даврида солиқларнинг барча турлари ва давлат мақсадли жамғармаларига мажбурий ажратмаларни тўлашдан озод қилинсин.""",Ўзбекистон Республикаси Президенти қарори,2018-08-02 00:00:00,ПҚ-3895,2024-12-31 00:00:00
600,Ер солиғи,"""ПҚ-3895 02.08.2018 й. 9-10-банд   «Business city» марказлари қурилиши бўйича лойиҳаларни амалга ошириш доирасида:б) дирекциялар «Business city» марказлари фаолият кўрсатишининг бутун даврида солиқларнинг барча турлари ва давлат мақсадли жамғармаларига мажбурий ажратмаларни тўлашдан озод қилинсин.""",Ўзбекистон Республикаси Президенти қарори,2018-08-02 00:00:00,ПҚ-3895,2024-12-31 00:00:00
601,Қўшилган қиймат солиғи,"""ПҚ-3989 30.10.2018 7-банд, 6-хатбоши. Лойиҳани амалга ошириш доирасида қуйидагилар: 2025 йил 1 январга қадар Корхона фото-видео фиксация тизимини ўрнатиш, ишга тушириш, сервис хизматини кўрсатиш ва лаборатория текширувларини ўтказиш фаолияти билан боғлиқ барча турдаги солиқлардан озод этилсин.""",Ўзбекистон Республикаси Президенти қарори,2018-10-30 00:00:00,ПҚ-3989,2024-12-31 00:00:00
602,Қўшилган қиймат солиғи,"""ПҚ-3989 30.10.2018 7-банд, 4-хатбоши. Лойиҳани амалга ошириш доирасида қуйидагилар:Инвестор, унинг субижрочилари, хорижий молиявий институтлари ва компаниялари, шунингдек, уларнинг доимий муассасалари — Ўзбекистон Республикаси норезидентлари — юридик шахслар тўлаши лозим бўлган солиқларнинг барча турларидан (шу жумладан, тўлов манбасидан ундириладиган даромад солиғидан)""",Ўзбекистон Республикаси Президенти қарори,2018-10-30 00:00:00,ПҚ-3989,2025-01-01 00:00:00
603,Қўшилган қиймат солиғи,"ПҚ-3989 30.10.2018 й. 7-банд, 3-хатбоши. Ўзбекистон Республикаси норезидентлари томонидан бажарилган ишлар (хизматлар), шунингдек, маҳаллий етказиб берувчилар ва субижрочилар томонидан Инвесторга сотиладиган товарлар (ишлар, хизматлар) қўшимча қиймат солиғидан; 23.12.2022 ПҚ-448)",Ўзбекистон Республикаси Президенти қарори,2018-10-30 00:00:00,ПҚ-3989,2025-01-01 00:00:00
604,Фойда солиғи,"""ПҚ-3989 30.10.2018 7-банд, 6-хатбоши. Лойиҳани амалга ошириш доирасида қуйидагилар: 2025 йил 1 январга қадар Корхона фото-видео фиксация тизимини ўрнатиш, ишга тушириш, сервис хизматини кўрсатиш ва лаборатория текширувларини ўтказиш фаолияти билан боғлиқ барча турдаги солиқлардан озод этилсин.""",Ўзбекистон Республикаси Президенти қарори,2018-10-30 00:00:00,ПҚ-3989,2024-12-31 00:00:00
605,Фойда солиғи,"""ПҚ-3989 30.10.2018 7-банд, 4-хатбоши. Лойиҳани амалга ошириш доирасида қуйидагилар:Инвестор, унинг субижрочилари, хорижий молиявий институтлари ва компаниялари, шунингдек, уларнинг доимий муассасалари — Ўзбекистон Республикаси норезидентлари — юридик шахслар тўлаши лозим бўлган солиқларнинг барча турларидан (шу жумладан, тўлов манбасидан ундириладиган даромад солиғидан)"" ПҚ-3989 30.10.2018 й. 7-банд, 3-хатбоши. Ўзбекистон Республикаси норезидентлари томонидан бажарилган ишлар (хизматлар), шунингдек, маҳаллий етказиб берувчилар ва субижрочилар томонидан Инвесторга сотиладиган товарлар (ишлар, хизматлар) қўшимча қиймат солиғидан. (23.12.2022 ПҚ-448)",Ўзбекистон Республикаси Президенти қарори,2018-10-30 00:00:00,ПҚ-3989,2025-01-01 00:00:00
606,ЖШДС,"ПҚ-3989 30.10.2018 й. 7-банд, 5-хатбоши. Ўзбекистон Республикаси норезидентлари — жисмоний шахслар — лойиҳани амалга ошириш доирасида оладиган жисмоний шахсларнинг даромад солиғидан; (23.12.2022 ПҚ-448)",Ўзбекистон Республикаси Президенти қарори,2018-10-30 00:00:00,ПҚ-3989,2025-01-01 00:00:00
607,Сув ресурсларидан фойдаланганлик учун солиқ,"""ПҚ-3989 30.10.2018 7-банд, 6-хатбоши. Лойиҳани амалга ошириш доирасида қуйидагилар: 2025 йил 1 январга қадар Корхона фото-видео фиксация тизимини ўрнатиш, ишга тушириш, сервис хизматини кўрсатиш ва лаборатория текширувларини ўтказиш фаолияти билан боғлиқ барча турдаги солиқлардан озод этилсин.""",Ўзбекистон Республикаси Президенти қарори,2018-10-30 00:00:00,ПҚ-3989,2024-12-31 00:00:00
608,Сув ресурсларидан фойдаланганлик учун солиқ,"""ПҚ-3989 30.10.2018 7-банд, 4-хатбоши. Лойиҳани амалга ошириш доирасида қуйидагилар:Инвестор, унинг субижрочилари, хорижий молиявий институтлари ва компаниялари, шунингдек, уларнинг доимий муассасалари — Ўзбекистон Республикаси норезидентлари — юридик шахслар тўлаши лозим бўлган солиқларнинг барча турларидан (шу жумладан, тўлов манбасидан ундириладиган даромад солиғидан)"" ПҚ-3989 30.10.2018 й. 7-банд, 3-хатбоши. Ўзбекистон Республикаси норезидентлари томонидан бажарилган ишлар (хизматлар), шунингдек, маҳаллий етказиб берувчилар ва субижрочилар томонидан Инвесторга сотиладиган товарлар (ишлар, хизматлар) қўшимча қиймат солиғидан. (23.12.2022 ПҚ-448)",Ўзбекистон Республикаси Президенти қарори,2018-10-30 00:00:00,ПҚ-3989,2025-01-01 00:00:00
609,Мол-мулк солиғи,"""ПҚ-3989 30.10.2018 7-банд, 6-хатбоши. Лойиҳани амалга ошириш доирасида қуйидагилар: 2025 йил 1 январга қадар Корхона фото-видео фиксация тизимини ўрнатиш, ишга тушириш, сервис хизматини кўрсатиш ва лаборатория текширувларини ўтказиш фаолияти билан боғлиқ барча турдаги солиқлардан озод этилсин.""",Ўзбекистон Республикаси Президенти қарори,2018-10-30 00:00:00,ПҚ-3989,2024-12-31 00:00:00
610,Мол-мулк солиғи,"""ПҚ-3989 30.10.2018 7-банд, 4-хатбоши. Лойиҳани амалга ошириш доирасида қуйидагилар:Инвестор, унинг субижрочилари, хорижий молиявий институтлари ва компаниялари, шунингдек, уларнинг доимий муассасалари — Ўзбекистон Республикаси норезидентлари — юридик шахслар тўлаши лозим бўлган солиқларнинг барча турларидан (шу жумладан, тўлов манбасидан ундириладиган даромад солиғидан)"" ПҚ-3989 30.10.2018 й. 7-банд, 3-хатбоши. Ўзбекистон Республикаси норезидентлари томонидан бажарилган ишлар (хизматлар), шунингдек, маҳаллий етказиб берувчилар ва субижрочилар томонидан Инвесторга сотиладиган товарлар (ишлар, хизматлар) қўшимча қиймат солиғидан. (23.12.2022 ПҚ-448)",Ўзбекистон Республикаси Президенти қарори,2018-10-30 00:00:00,ПҚ-3989,2025-01-01 00:00:00
611,Ер солиғи,"""ПҚ-3989 30.10.2018 7-банд, 6-хатбоши. Лойиҳани амалга ошириш доирасида қуйидагилар: 2025 йил 1 январга қадар Корхона фото-видео фиксация тизимини ўрнатиш, ишга тушириш, сервис хизматини кўрсатиш ва лаборатория текширувларини ўтказиш фаолияти билан боғлиқ барча турдаги солиқлардан озод этилсин.""",Ўзбекистон Республикаси Президенти қарори,2018-10-30 00:00:00,ПҚ-3989,2024-12-31 00:00:00
612,Ер солиғи,"""ПҚ-3989 30.10.2018 7-банд, 4-хатбоши. Лойиҳани амалга ошириш доирасида қуйидагилар:Инвестор, унинг субижрочилари, хорижий молиявий институтлари ва компаниялари, шунингдек, уларнинг доимий муассасалари — Ўзбекистон Республикаси норезидентлари — юридик шахслар тўлаши лозим бўлган солиқларнинг барча турларидан (шу жумладан, тўлов манбасидан ундириладиган даромад солиғидан)"" ПҚ-3989 30.10.2018 й. 7-банд, 3-хатбоши. Ўзбекистон Республикаси норезидентлари томонидан бажарилган ишлар (хизматлар), шунингдек, маҳаллий етказиб берувчилар ва субижрочилар томонидан Инвесторга сотиладиган товарлар (ишлар, хизматлар) қўшимча қиймат солиғидан. (23.12.2022 ПҚ-448)",Ўзбекистон Республикаси Президенти қарори,2018-10-30 00:00:00,ПҚ-3989,2025-01-01 00:00:00
613,Айланмадан олинадиган солиқ,"""ПҚ-3989 30.10.2018 7-банд, 6-хатбоши. Лойиҳани амалга ошириш доирасида қуйидагилар: 2025 йил 1 январга қадар Корхона фото-видео фиксация тизимини ўрнатиш, ишга тушириш, сервис хизматини кўрсатиш ва лаборатория текширувларини ўтказиш фаолияти билан боғлиқ барча турдаги солиқлардан озод этилсин.""",Ўзбекистон Республикаси Президенти қарори,2018-10-30 00:00:00,ПҚ-3989,2024-12-31 00:00:00
614,Фойда солиғи,"ПҚ-4005 06.11.2018 й. 7-банд, 2-хатбоши. Белгилансинки, ташкил этилаётган балиқчилик кластерларининг йиллик балиқ етиштириш қуввати камида 50 тонна бўлган тақдирда улар 2019 йил 1 январдан бошлаб дастлабки уч йил давомида барча солиқлар ва давлат мақсадли жамғармаларга мажбурий ажратмалардан озод этилади. (бекор қилинаётган имтиёздан фойдаланаётган тадбиркорлик субъектлари учун унинг амал қилиш муддати сақлаб қолинади)",Ўзбекистон Республикаси Президенти қарори,2018-11-06 00:00:00,ПҚ-4005,2024-12-31 00:00:00
615,Сув ресурсларидан фойдаланганлик учун солиқ,"ПҚ-4005 06.11.2018 й. 7-банд, 2-хатбоши. Белгилансинки, ташкил этилаётган балиқчилик кластерларининг йиллик балиқ етиштириш қуввати камида 50 тонна бўлган тақдирда улар 2019 йил 1 январдан бошлаб дастлабки уч йил давомида барча солиқлар ва давлат мақсадли жамғармаларга мажбурий ажратмалардан озод этилади. (бекор қилинаётган имтиёздан фойдаланаётган тадбиркорлик субъектлари учун унинг амал қилиш муддати сақлаб қолинади)",Ўзбекистон Республикаси Президенти қарори,2018-11-06 00:00:00,ПҚ-4005,2024-12-31 00:00:00
616,Мол-мулк солиғи,"ПҚ-4005 06.11.2018 й. 7-банд, 2-хатбоши. Белгилансинки, ташкил этилаётган балиқчилик кластерларининг йиллик балиқ етиштириш қуввати камида 50 тонна бўлган тақдирда улар 2019 йил 1 январдан бошлаб дастлабки уч йил давомида барча солиқлар ва давлат мақсадли жамғармаларга мажбурий ажратмалардан озод этилади. (бекор қилинаётган имтиёздан фойдаланаётган тадбиркорлик субъектлари учун унинг амал қилиш муддати сақлаб қолинади)",Ўзбекистон Республикаси Президенти қарори,2018-11-06 00:00:00,ПҚ-4005,2024-12-31 00:00:00
617,Ер солиғи,"ПҚ-4005 06.11.2018 й. 7-банд, 2-хатбоши. Белгилансинки, ташкил этилаётган балиқчилик кластерларининг йиллик балиқ етиштириш қуввати камида 50 тонна бўлган тақдирда улар 2019 йил 1 январдан бошлаб дастлабки уч йил давомида барча солиқлар ва давлат мақсадли жамғармаларга мажбурий ажратмалардан озод этилади. (бекор қилинаётган имтиёздан фойдаланаётган тадбиркорлик субъектлари учун унинг амал қилиш муддати сақлаб қолинади)",Ўзбекистон Республикаси Президенти қарори,2018-11-06 00:00:00,ПҚ-4005,2024-12-31 00:00:00
618,Қўшилган қиймат солиғи,"ПҚ-4021 20.11.2018 й 9-банд, 2-хатбоши. Лойиҳани амалга ошириш доирасида Қишлоқ хўжалигини ривожлантириш халқаро жамғармасининг кредити ҳисобидан харид қилинадиган товарлар (ишлар, хизматлар) ва транспорт воситалари божхона тўловларидан (божхона расмийлаштируви учун йиғимларидан ташқари), қўшилган қиймат солиғидан, давлат мақсадли жамғармаларига мажбурий ажратмалар ва йиғимлардан;",Ўзбекистон Республикаси Президенти қарори,2018-11-20 00:00:00,ПҚ-4021,2025-12-31 00:00:00
619,Қўшилган қиймат солиғи,"""ПҚ-4241 15.03.2019 й. 6-банд, 6-хатбоши. Белгилансинки:Ўзбекистон Республикаси Вазирлар Маҳкамаси ҳузуридаги Агросаноат мажмуи устидан назорат қилиш инспекцияси қошидаги «Агросаноат мажмуида хизматлар кўрсатиш маркази» ДУК томонидан Инспекциянинг назорат функцияларини амалга ошириш учун кўрсатиладиган хизматларнинг солиқ солинадиган базага киритилмайдиган амалдаги тартиби сақланиб қолинсин.""",Ўзбекистон Республикаси Президенти қарори,2019-03-15 00:00:00,ПҚ-4241,2025-12-31 00:00:00
620,Фойда солиғи,"""ПҚ-4241 15.03.2019 й. 6-банд, 6-хатбоши. Белгилансинки:Ўзбекистон Республикаси Вазирлар Маҳкамаси ҳузуридаги Агросаноат мажмуи устидан назорат қилиш инспекцияси қошидаги «Агросаноат мажмуида хизматлар кўрсатиш маркази» ДУК томонидан Инспекциянинг назорат функцияларини амалга ошириш учун кўрсатиладиган хизматларнинг солиқ солинадиган базага киритилмайдиган амалдаги тартиби сақланиб қолинсин.""",Ўзбекистон Республикаси Президенти қарори,2019-03-15 00:00:00,ПҚ-4241,2025-12-31 00:00:00
621,Сув ресурсларидан фойдаланганлик учун солиқ,"""ПҚ-4241 15.03.2019 й. 6-банд, 6-хатбоши. Белгилансинки:Ўзбекистон Республикаси Вазирлар Маҳкамаси ҳузуридаги Агросаноат мажмуи устидан назорат қилиш инспекцияси қошидаги «Агросаноат мажмуида хизматлар кўрсатиш маркази» ДУК томонидан Инспекциянинг назорат функцияларини амалга ошириш учун кўрсатиладиган хизматларнинг солиқ солинадиган базага киритилмайдиган амалдаги тартиби сақланиб қолинсин.""",Ўзбекистон Республикаси Президенти қарори,2019-03-15 00:00:00,ПҚ-4241,2025-12-31 00:00:00
622,Мол-мулк солиғи,"""ПҚ-4241 15.03.2019 й. 6-банд, 6-хатбоши. Белгилансинки:Ўзбекистон Республикаси Вазирлар Маҳкамаси ҳузуридаги Агросаноат мажмуи устидан назорат қилиш инспекцияси қошидаги «Агросаноат мажмуида хизматлар кўрсатиш маркази» ДУК томонидан Инспекциянинг назорат функцияларини амалга ошириш учун кўрсатиладиган хизматларнинг солиқ солинадиган базага киритилмайдиган амалдаги тартиби сақланиб қолинсин.""",Ўзбекистон Республикаси Президенти қарори,2019-03-15 00:00:00,ПҚ-4241,2025-12-31 00:00:00
623,Ер солиғи,"""ПҚ-4241 15.03.2019 й. 6-банд, 6-хатбоши. Белгилансинки:Ўзбекистон Республикаси Вазирлар Маҳкамаси ҳузуридаги Агросаноат мажмуи устидан назорат қилиш инспекцияси қошидаги «Агросаноат мажмуида хизматлар кўрсатиш маркази» ДУК томонидан Инспекциянинг назорат функцияларини амалга ошириш учун кўрсатиладиган хизматларнинг солиқ солинадиган базага киритилмайдиган амалдаги тартиби сақланиб қолинсин.""",Ўзбекистон Республикаси Президенти қарори,2019-03-15 00:00:00,ПҚ-4241,2025-12-31 00:00:00
624,Мол-мулк солиғи,"ПК-4363 21.06.2019 й 6-банд Кичик саноат зоналари дирекциялари 2025 йил 1 июлга қадар ер солиғи ва мол-мулк солиғи тўлашдан озод этилсин. (Ўзбекистон Республикаси Президентининг Фармони, 13.06.2022 йилдаги ПФ-153-сон)",Ўзбекистон Республикаси Президенти қарори,2019-06-21 00:00:00,ПҚ-4363,2025-06-30 00:00:00
625,Ер солиғи,"ПК-4363 21.06.2019 й 6-банд Кичик саноат зоналари дирекциялари 2025 йил 1 июлга қадар ер солиғи ва мол-мулк солиғи тўлашдан озод этилсин. (Ўзбекистон Республикаси Президентининг Фармони, 13.06.2022 йилдаги ПФ-153-сон)",Ўзбекистон Республикаси Президенти қарори,2019-06-21 00:00:00,ПҚ-4363,2025-06-30 00:00:00
626,Фойда солиғи,"ПҚ-4391 11.07.2019 й. 12-банди. белгилансинки 2025 йил 1 январга қадар Ўзбекистон Республикасидаги олий таълим муассасалари билан ўзаро келишув бўйича қўшма дастурлар (факултетлар ва академик дастурлар) ҳамда филиаллар (марказлар) шаклида кадрлар тайёрлашни йўлга қўйган чет эл олий таълим муассасалари уларнинг Ўзбекистон Республикасида амалга ошираётган олий таълим фаолияти доирасида олинган даромадлари бўйича барча турдаги солиқлар, шунингдек чет эллик ходимларнинг меҳнатига ҳақ тўлаш фонди қисми бўйича ягона ижтимоий тўлов тўлашдан озод этилсин.",Ўзбекистон Республикаси Президенти қарори,2019-07-11 00:00:00,ПҚ-4391,2024-12-31 00:00:00
627,Фойда солиғи,"""ПҚ-4409 30.07.2019 й. 6-банд. Лойиҳани амалга ошириш даврида қуйидагилар:Ўзбекистон Республикасининг юридик шахслари-норезидентлари — юридик шахслардан олинадиган фойда солиғини тўлашдан;Ўзбекистон Республикасининг жисмоний шахслари-норезидентлари — жисмоний шахслардан олинадиган даромад солиғини тўлашдан озод этилсин.""",Ўзбекистон Республикаси Президенти қарори,2019-07-30 00:00:00,ПҚ-4409,2024-12-31 00:00:00
628,ЖШДС,"""ПҚ-4409 30.07.2019 й. 6-банд. Лойиҳани амалга ошириш даврида қуйидагилар:Ўзбекистон Республикасининг юридик шахслари-норезидентлари — юридик шахслардан олинадиган фойда солиғини тўлашдан;Ўзбекистон Республикасининг жисмоний шахслари-норезидентлари — жисмоний шахслардан олинадиган даромад солиғини тўлашдан озод этилсин.""",Ўзбекистон Республикаси Президенти қарори,2019-07-30 00:00:00,ПҚ-4409,2024-12-31 00:00:00
629,Қўшилган қиймат солиғи,"""ПҚ-4422 22.08.2019 й. 1-банд, а)-кичик банди. Ўзбекистон Республикасининг «Қайта тикланувчи энергия манбаларидан фойдаланиш тўғрисида»ги Қонунида қайта тикланувчи энергия манбаларидан фойдаланиш соҳасидаги имтиёз ва преференциялар, шу жумладан қуйидагилар:қайта тикланувчи энергия манбаларининг қурилмаларини ишлаб чиқарувчилар давлат рўйхатидан ўтказилган санадан эътиборан беш йил муддатга солиқнинг барча турларини тўлашдан;""",Ўзбекистон Республикаси Президенти қарори,2019-08-22 00:00:00,ПҚ-4422,2024-12-31 00:00:00
630,Фойда солиғи,"""ПҚ-4422 22.08.2019 й. 1-банд, а)-кичик банди. Ўзбекистон Республикасининг «Қайта тикланувчи энергия манбаларидан фойдаланиш тўғрисида»ги Қонунида қайта тикланувчи энергия манбаларидан фойдаланиш соҳасидаги имтиёз ва преференциялар, шу жумладан қуйидагилар:қайта тикланувчи энергия манбаларининг қурилмаларини ишлаб чиқарувчилар давлат рўйхатидан ўтказилган санадан эътиборан беш йил муддатга солиқнинг барча турларини тўлашдан;""",Ўзбекистон Республикаси Президенти қарори,2019-08-22 00:00:00,ПҚ-4422,2024-12-31 00:00:00
631,Сув ресурсларидан фойдаланганлик учун солиқ,"""ПҚ-4422 22.08.2019 й. 1-банд, а)-кичик банди. Ўзбекистон Республикасининг «Қайта тикланувчи энергия манбаларидан фойдаланиш тўғрисида»ги Қонунида қайта тикланувчи энергия манбаларидан фойдаланиш соҳасидаги имтиёз ва преференциялар, шу жумладан қуйидагилар:қайта тикланувчи энергия манбаларининг қурилмаларини ишлаб чиқарувчилар давлат рўйхатидан ўтказилган санадан эътиборан беш йил муддатга солиқнинг барча турларини тўлашдан;""",Ўзбекистон Республикаси Президенти қарори,2019-08-22 00:00:00,ПҚ-4422,2024-12-31 00:00:00
632,Мол-мулк солиғи,"""ПҚ-4422 22.08.2019 й. 1-банд, а)-кичик банди. Ўзбекистон Республикасининг «Қайта тикланувчи энергия манбаларидан фойдаланиш тўғрисида»ги Қонунида қайта тикланувчи энергия манбаларидан фойдаланиш соҳасидаги имтиёз ва преференциялар, шу жумладан қуйидагилар:қайта тикланувчи энергия манбаларининг қурилмаларини ишлаб чиқарувчилар давлат рўйхатидан ўтказилган санадан эътиборан беш йил муддатга солиқнинг барча турларини тўлашдан;""",Ўзбекистон Республикаси Президенти қарори,2019-08-22 00:00:00,ПҚ-4422,2024-12-31 00:00:00
633,Айланмадан олинадиган солиқ,"""ПҚ-4422 22.08.2019 й. 1-банд, а)-кичик банди. Ўзбекистон Республикасининг «Қайта тикланувчи энергия манбаларидан фойдаланиш тўғрисида»ги Қонунида қайта тикланувчи энергия манбаларидан фойдаланиш соҳасидаги имтиёз ва преференциялар, шу жумладан қуйидагилар:қайта тикланувчи энергия манбаларининг қурилмаларини ишлаб чиқарувчилар давлат рўйхатидан ўтказилган санадан эътиборан беш йил муддатга солиқнинг барча турларини тўлашдан;""",Ўзбекистон Республикаси Президенти қарори,2019-08-22 00:00:00,ПҚ-4422,2024-12-31 00:00:00
634,Қўшилган қиймат солиғи,"""ПҚ-4538 27.11.2019 й. 8-банд, 2-хатбоши. Қуйидагилар:Лойиҳани амалга ошириш доирасида ОТБ қарзи ҳисобидан харид қилинадиган товарлар (ишлар, хизматлар) ва транспорт воситалари божхона тўловларидан (божхона расмийлаштируви учун йиғимлардан ташқари), қўшилган қиймат солиғидан, давлат мақсадли жамғармаларига мажбурий тўловлардан озод қилинсин.""",Ўзбекистон Республикаси Президенти қарори,2019-11-27 00:00:00,ПҚ-4538,2024-12-31 00:00:00
635,ЖШДС,"""ПҚ-4538 27.11.2019 й. 8-банд, 3-хатбоши. Қуйидагилар:Лойиҳани амалга оширишда иштирок этаётган жисмоний шахслар — Ўзбекистон Республикаси норезидентларининг даромадлари жисмоний шахслардан олинадиган даромад солиғидан озод қилинсин.""",Ўзбекистон Республикаси Президенти қарори,2019-11-27 00:00:00,ПҚ-4538,2024-12-31 00:00:00
636,Ижтимоий солиқ,"ПҚ-4555 30.12.2019 й. 14-банд. Белгилансинки, ўзини ўзи молиялаштириш тизимига ўтган олий таълим муассасаларига қонунчиликда олий таълим муассасалари учун назарда тутилган солиқ имтиёзлари татбиқ этилади ва 2020 йил 1 январдан бошлаб ижтимоий солиқнинг 12 фоиз миқдордаги ставкаси қўлланилади. (03.12.2019 йилдаги ВМҚ-967-сон иловасидаги ОТМларга нисбатан қўлланилади)",Ўзбекистон Республикаси Президенти қарори,2019-12-30 00:00:00,ПҚ-4555,2025-12-31 00:00:00
637,Айланмадан олинадиган солиқ,"ПҚ-4742 08.06.2020 й. 7-банд. Белгилаб қўйилсинки, ўзини ўзи банд қилган шахслар учун назарда тутилган фаолият турлари билан шуғулланувчи, иштирокчилари сони камида уч нафар бўлган оилавий корхоналар айланмадан солиқни белгиланган миқдордан 50 фоизга камайтирилган ставкада тўлайдилар.",Ўзбекистон Республикаси Президенти қарори,2020-06-08 00:00:00,ПҚ-4742,2024-12-31 00:00:00
638,Қўшилган қиймат солиғи,"""ПҚ-4803 11.08.2020 й. 6-банд. Маълумот учун қабул қилинсинки, қонунчиликка мувофиқ халқаро молиявий институтларнинг қарзлари ва ҳукумат ташкилотларининг халқаро қарзлари ҳисобидан амалга ошириладиган лойиҳалар доирасида:агарда ушбу лойиҳалар халқаро ва хорижий ҳукумат молиявий ташкилотлари томонидан 2020 йил 1 июлга қадар маъқулланган бўлса, юридик шахслар томонидан сотиб олинадиган товарларни (хизматларни) реализация қилишга доир айланмага қўшилган қиймат солиғи ва акциз солиғи солинмайди;""",Ўзбекистон Республикаси Президенти қарори,2020-08-11 00:00:00,ПҚ-4803,2026-12-31 00:00:00
639,Мол-мулк солиғи,"ПҚ-4889 11.11.2020 й. 3-банд. в-кичикбанди. Белгилансинки, Қорақалпоғистон Республикасида шароити оғир 45 та маҳалла ва овулда янгидан ташкил этиладиган хизмат кўрсатиш йўналишидаги тадбиркорлик субъектларига 2026 йил 1 январга қадар фойда солиғи, ер солиғи, мол-мулк солиғи, кичик корхоналар айланмасидан олинадиган солиқ, якка тартибдаги тадбиркорларнинг қатъий миқдордаги даромад солиғини тўлашдан озод қилиш имтиёзи қўлланилади.",Ўзбекистон Республикаси Президенти қарори,2020-11-11 00:00:00,ПҚ-4889,2025-12-31 00:00:00
640,Ер солиғи,"ПҚ-4889 11.11.2020 й. 3-банд. в-кичикбанди. Белгилансинки, Қорақалпоғистон Республикасида шароити оғир 45 та маҳалла ва овулда янгидан ташкил этиладиган хизмат кўрсатиш йўналишидаги тадбиркорлик субъектларига 2026 йил 1 январга қадар фойда солиғи, ер солиғи, мол-мулк солиғи, кичик корхоналар айланмасидан олинадиган солиқ, якка тартибдаги тадбиркорларнинг қатъий миқдордаги даромад солиғини тўлашдан озод қилиш имтиёзи қўлланилади.",Ўзбекистон Республикаси Президенти қарори,2020-11-11 00:00:00,ПҚ-4889,2025-12-31 00:00:00
641,Айланмадан олинадиган солиқ,"ПҚ-4889 11.11.2020 й. 3-банд. в-кичикбанди. Белгилансинки, Қорақалпоғистон Республикасида шароити оғир 45 та маҳалла ва овулда янгидан ташкил этиладиган хизмат кўрсатиш йўналишидаги тадбиркорлик субъектларига 2026 йил 1 январга қадар фойда солиғи, ер солиғи, мол-мулк солиғи, кичик корхоналар айланмасидан олинадиган солиқ, якка тартибдаги тадбиркорларнинг қатъий миқдордаги даромад солиғини тўлашдан озод қилиш имтиёзи қўлланилади.",Ўзбекистон Республикаси Президенти қарори,2020-11-11 00:00:00,ПҚ-4889,2025-12-31 00:00:00
642,Қўшилган қиймат солиғи,"ПҚ-4898 25..11.2020 й. 4-банд, 2-хатбоши. Маълумот учун қабул қилинсинки, қонунчиликка мувофиқ халқаро молия институтларининг қарзлари ва ҳукумат ташкилотларининг халқаро қарзлари ҳисобидан амалга ошириладиган лойиҳалар доирасида, агарда ушбу лойиҳалар халқаро ва хорижий ҳукумат молиявий ташкилотлари томонидан 2020 йил 1 июлга қадар маъқулланган бўлса, юридик шахслар томонидан сотиб олинадиган товарларни (хизматларни) реализация қилишга доир айланмага қўшилган қиймат солиғи ва акциз солиғи солинмайди.",Ўзбекистон Республикаси Президенти қарори,2021-01-01 00:00:00,ПҚ-4898,2024-12-31 00:00:00
643,Акциз солиғи,"ПҚ-4898 25..11.2020 й. 4-банд, 2-хатбоши. Маълумот учун қабул қилинсинки, қонунчиликка мувофиқ халқаро молия институтларининг қарзлари ва ҳукумат ташкилотларининг халқаро қарзлари ҳисобидан амалга ошириладиган лойиҳалар доирасида, агарда ушбу лойиҳалар халқаро ва хорижий ҳукумат молиявий ташкилотлари томонидан 2020 йил 1 июлга қадар маъқулланган бўлса, юридик шахслар томонидан сотиб олинадиган товарларни (хизматларни) реализация қилишга доир айланмага қўшилган қиймат солиғи ва акциз солиғи солинмайди.",Ўзбекистон Республикаси Президенти қарори,2021-01-01 00:00:00,ПҚ-4898,2024-12-31 00:00:00
644,Қўшилган қиймат солиғи,"ПҚ-4986 10.02.2021 й. 6-банд. Ўзбекистон Республикаси Ахборот технологиялари ва коммуникацияларини ривожлантириш вазирлиги «CRPT Turon» МЧЖ ва «ICS Нolding Uzbekistan» МЧЖга Дастурий маҳсулотлар ва ахборот технологиялари технологик паркининг резиденти мақоми берилишини таъминласин ва шунга мос равишда уларга Ўзбекистон Республикаси Президентининг «Республикада ахборот технологиялари соҳасини ривожлантириш учун шарт-шароитларни тубдан яхшилаш чора-тадбирлари тўғрисида» 2017 йил 30 июндаги ПФ-5099-сон Фармони билан ушбу қарор қабул қилинган кун ҳолатига тақдим этилган солиқ имтиёзлари таъсири, башарти ушбу имтиёзлар улар томонидан учинчи шахсларга технологик ускуналар, аппарат тизимлари ва эҳтиёт қисмларни етказиб беришдан олинадиган даромадларга тааллуқли бўлмаса қўлланилсин.",Ўзбекистон Республикаси Президенти қарори,2021-02-10 00:00:00,ПҚ-4986,2027-12-31 00:00:00
645,Фойда солиғи,"ПҚ-4986 10.02.2021 й. 6-банд. Ўзбекистон Республикаси Ахборот технологиялари ва коммуникацияларини ривожлантириш вазирлиги «CRPT Turon» МЧЖ ва «ICS Нolding Uzbekistan» МЧЖга Дастурий маҳсулотлар ва ахборот технологиялари технологик паркининг резиденти мақоми берилишини таъминласин ва шунга мос равишда уларга Ўзбекистон Республикаси Президентининг «Республикада ахборот технологиялари соҳасини ривожлантириш учун шарт-шароитларни тубдан яхшилаш чора-тадбирлари тўғрисида» 2017 йил 30 июндаги ПФ-5099-сон Фармони билан ушбу қарор қабул қилинган кун ҳолатига тақдим этилган солиқ имтиёзлари таъсири, башарти ушбу имтиёзлар улар томонидан учинчи шахсларга технологик ускуналар, аппарат тизимлари ва эҳтиёт қисмларни етказиб беришдан олинадиган даромадларга тааллуқли бўлмаса қўлланилсин.",Ўзбекистон Республикаси Президенти қарори,2021-02-10 00:00:00,ПҚ-4986,2027-12-31 00:00:00
646,Сув ресурсларидан фойдаланганлик учун солиқ,"ПҚ-4986 10.02.2021 й. 6-банд. Ўзбекистон Республикаси Ахборот технологиялари ва коммуникацияларини ривожлантириш вазирлиги «CRPT Turon» МЧЖ ва «ICS Нolding Uzbekistan» МЧЖга Дастурий маҳсулотлар ва ахборот технологиялари технологик паркининг резиденти мақоми берилишини таъминласин ва шунга мос равишда уларга Ўзбекистон Республикаси Президентининг «Республикада ахборот технологиялари соҳасини ривожлантириш учун шарт-шароитларни тубдан яхшилаш чора-тадбирлари тўғрисида» 2017 йил 30 июндаги ПФ-5099-сон Фармони билан ушбу қарор қабул қилинган кун ҳолатига тақдим этилган солиқ имтиёзлари таъсири, башарти ушбу имтиёзлар улар томонидан учинчи шахсларга технологик ускуналар, аппарат тизимлари ва эҳтиёт қисмларни етказиб беришдан олинадиган даромадларга тааллуқли бўлмаса қўлланилсин.",Ўзбекистон Республикаси Президенти қарори,2021-02-10 00:00:00,ПҚ-4986,2027-12-31 00:00:00
647,Мол-мулк солиғи,"ПҚ-4986 10.02.2021 й. 6-банд. Ўзбекистон Республикаси Ахборот технологиялари ва коммуникацияларини ривожлантириш вазирлиги «CRPT Turon» МЧЖ ва «ICS Нolding Uzbekistan» МЧЖга Дастурий маҳсулотлар ва ахборот технологиялари технологик паркининг резиденти мақоми берилишини таъминласин ва шунга мос равишда уларга Ўзбекистон Республикаси Президентининг «Республикада ахборот технологиялари соҳасини ривожлантириш учун шарт-шароитларни тубдан яхшилаш чора-тадбирлари тўғрисида» 2017 йил 30 июндаги ПФ-5099-сон Фармони билан ушбу қарор қабул қилинган кун ҳолатига тақдим этилган солиқ имтиёзлари таъсири, башарти ушбу имтиёзлар улар томонидан учинчи шахсларга технологик ускуналар, аппарат тизимлари ва эҳтиёт қисмларни етказиб беришдан олинадиган даромадларга тааллуқли бўлмаса қўлланилсин.",Ўзбекистон Республикаси Президенти қарори,2021-02-10 00:00:00,ПҚ-4986,2027-12-31 00:00:00
648,Ер солиғи,"ПҚ-4986 10.02.2021 й. 6-банд. Ўзбекистон Республикаси Ахборот технологиялари ва коммуникацияларини ривожлантириш вазирлиги «CRPT Turon» МЧЖ ва «ICS Нolding Uzbekistan» МЧЖга Дастурий маҳсулотлар ва ахборот технологиялари технологик паркининг резиденти мақоми берилишини таъминласин ва шунга мос равишда уларга Ўзбекистон Республикаси Президентининг «Республикада ахборот технологиялари соҳасини ривожлантириш учун шарт-шароитларни тубдан яхшилаш чора-тадбирлари тўғрисида» 2017 йил 30 июндаги ПФ-5099-сон Фармони билан ушбу қарор қабул қилинган кун ҳолатига тақдим этилган солиқ имтиёзлари таъсири, башарти ушбу имтиёзлар улар томонидан учинчи шахсларга технологик ускуналар, аппарат тизимлари ва эҳтиёт қисмларни етказиб беришдан олинадиган даромадларга тааллуқли бўлмаса қўлланилсин.",Ўзбекистон Республикаси Президенти қарори,2021-02-10 00:00:00,ПҚ-4986,2027-12-31 00:00:00
649,Фойда солиғи,"ПҚ-5017 03.03.2021 й. 1-банд, 4 хатбоши. Белгилансинки, 2021 йил 1 январдан бошлаб 2024 йил 1 январга қадар наслчилик субъектлари учун уларнинг асосий фаолият тури бўйича фойда солиғи (тижорат банкларида жойлаштирилган маблағлардан олинган фоизлардан ташқари), мол-мулк солиғи, ер солиғи ва сув ресурсларидан фойдаланганлик учун солиқ ставкаси 50 фоиз миқдорида қўлланилади (ПҚ-403-сон 25.12.2023).",Ўзбекистон Республикаси Президенти қарори,2021-03-03 00:00:00,ПҚ-5017,2024-12-31 00:00:00
650,Сув ресурсларидан фойдаланганлик учун солиқ,"ПҚ-5017 03.03.2021 й. 1-банд, 4 хатбоши. Белгилансинки, 2021 йил 1 январдан бошлаб 2024 йил 1 январга қадар наслчилик субъектлари учун уларнинг асосий фаолият тури бўйича фойда солиғи (тижорат банкларида жойлаштирилган маблағлардан олинган фоизлардан ташқари), мол-мулк солиғи, ер солиғи ва сув ресурсларидан фойдаланганлик учун солиқ ставкаси 50 фоиз миқдорида қўлланилади (ПҚ-403-сон 25.12.2023).",Ўзбекистон Республикаси Президенти қарори,2021-03-03 00:00:00,ПҚ-5017,2024-12-31 00:00:00
651,Мол-мулк солиғи,"ПҚ-5017 03.03.2021 й. 1-банд, 4 хатбоши. Белгилансинки, 2021 йил 1 январдан бошлаб 2024 йил 1 январга қадар наслчилик субъектлари учун уларнинг асосий фаолият тури бўйича фойда солиғи (тижорат банкларида жойлаштирилган маблағлардан олинган фоизлардан ташқари), мол-мулк солиғи, ер солиғи ва сув ресурсларидан фойдаланганлик учун солиқ ставкаси 50 фоиз миқдорида қўлланилади (ПҚ-403-сон 25.12.2023).",Ўзбекистон Республикаси Президенти қарори,2021-03-03 00:00:00,ПҚ-5017,2024-12-31 00:00:00
652,Ер солиғи,"ПҚ-5017 03.03.2021 й. 1-банд, 4 хатбоши. Белгилансинки, 2021 йил 1 январдан бошлаб 2024 йил 1 январга қадар наслчилик субъектлари учун уларнинг асосий фаолият тури бўйича фойда солиғи (тижорат банкларида жойлаштирилган маблағлардан олинган фоизлардан ташқари), мол-мулк солиғи, ер солиғи ва сув ресурсларидан фойдаланганлик учун солиқ ставкаси 50 фоиз миқдорида қўлланилади (ПҚ-403-сон 25.12.2023).",Ўзбекистон Республикаси Президенти қарори,2021-03-03 00:00:00,ПҚ-5017,2024-12-31 00:00:00
653,Мол-мулк солиғи,"ПҚ-5024 11.03.2021 й. 14-банд, е) кичикбанди, 2-хатбоши. Белгилансинки, 2025 йилнинг 1 январига қадар Ўзбекистон йилқичилик ва от спорти федерацияси ҳамда унинг аъзолари мол-мулк, ер солиғи ва қишлоқ хўжалиги ерлари учун ер солиғидан озод этилади.",Ўзбекистон Республикаси Президенти қарори,2021-03-11 00:00:00,ПҚ-5024,2024-12-31 00:00:00
654,Ер солиғи,"ПҚ-5024 11.03.2021 й. 14-банд, е) кичикбанди, 2-хатбоши. Белгилансинки, 2025 йилнинг 1 январига қадар Ўзбекистон йилқичилик ва от спорти федерацияси ҳамда унинг аъзолари мол-мулк, ер солиғи ва қишлоқ хўжалиги ерлари учун ер солиғидан озод этилади.",Ўзбекистон Республикаси Президенти қарори,2021-03-11 00:00:00,ПҚ-5024,2024-12-31 00:00:00
655,Фойда солиғи,"ПҚ-5042 29.03.2021 й. 1-банд, б) кичикбанди. Белгилаб қўйилсинки, республика аэропортларини давлат-хусусий шериклик асосида реконструкция, модернизация, эксплуатация қилиш ва бошқариш лойиҳаларини амалга ошириш доирасида давлат-хусусий шериклик тўғрисидаги битим имзоланган кундан бошлаб уч йил муддатга хусусий шериклар ва аэропортлар фойда солиғини, шу жумладан дивиденд тўлашда ушлаб қолинадиган фойда солиғини белгиланган ставканинг 50 фоизи миқдорида тўлайди.",Ўзбекистон Республикаси Президенти қарори,2021-03-29 00:00:00,ПҚ-5042,2024-12-31 00:00:00
656,Мол-мулк солиғи,"ПҚ-5100 30.04.2021 й. 3-банд. Белгилансинки, «Uzbekistan Airports» АЖ ва унинг таркибидаги халқаро аэропортлар 2021 йил 1 майдан 3 йил муддатга юридик шахслардан олинадиган ер солиғи ва мол-мулк солиғининг белгиланган ставкаси 50 фоизгача камайтирилади.",Ўзбекистон Республикаси Президенти қарори,2021-05-01 00:00:00,ПҚ-5100,2024-04-30 00:00:00
657,Ер солиғи,"ПҚ-5100 30.04.2021 й. 3-банд. Белгилансинки, «Uzbekistan Airports» АЖ ва унинг таркибидаги халқаро аэропортлар 2021 йил 1 майдан 3 йил муддатга юридик шахслардан олинадиган ер солиғи ва мол-мулк солиғининг белгиланган ставкаси 50 фоизгача камайтирилади.",Ўзбекистон Республикаси Президенти қарори,2021-05-01 00:00:00,ПҚ-5100,2024-04-30 00:00:00
658,Фойда солиғи," ПП-5114 от 18.05.2021 г. пункт 16. Административному совету свободной туристской зоны «Чарвак» (Арипов А.Н.) до конца 2021 года принять меры, в порядке исключения, по безвозмездному выделению субъектам предпринимательства земельного участка площадью не менее 50 гектаров в этой зоне с условием создания всех необходимых условий для занятий лиц с ограниченными физическими возможностями и инвалидностью паралимпийскими видами спорта. При этом средства, направляемые на строительство спортивных объектов и сооружений в целях занятий лицами с ограниченными физическими возможностями и инвалидностью необходимыми паралимпийскими видами спорта, вычитаются из налогооблагаемой базы субъектов предпринимательства в установленном порядке, а также данные объекты и сооружения безвозмездно передаются Паралимпийскому комитету.",Ўзбекистон Республикаси Президенти қарори,2021-05-18 00:00:00,ПҚ-5114,2024-05-16 00:00:00
659,Ер солиғи," ПП-5138 от 07.06.2021 г. п.5 абз. 4. Определить, что ставки земельного налога для теплиц и жилищно-тепличных комплексов, а также ставки налога на имущество для жилых помещений в составе жилищно-тепличных комплексов устанавливаются в размере 50 процентов на протяжении трех лет, начиная с даты их ввода в эксплуатацию.",Ўзбекистон Республикаси Президенти қарори,2021-06-07 00:00:00,ПҚ-5138,2024-12-31 00:00:00
660,Фойда солиғи,"ПҚ-5146-сон 14.06.2021 й. 2021 йил 1 июлдан бошлаб 2024 йил 1 июлга қадар асосий фаолият тури паррандачилик бўлган тадбиркорлик субъектлари учун уларнинг асосий фаолият тури бўйича фойда солиғи (тижорат банкларида жойлаштирилган маблағлардан олинган фоизлардан ташқари), мол-мулк солиғи, ер солиғи ва сув ресурсларидан фойдаланганлик учун солиқ ставкаси 50 фоиз миқдорида қўлланилади;",Ўзбекистон Республикаси Президенти қарори,2021-07-01 00:00:00,ПҚ-5146,2024-07-01 00:00:00
661,Сув ресурсларидан фойдаланганлик учун солиқ,"ПҚ-5146-сон 14.06.2021 й. 2021 йил 1 июлдан бошлаб 2024 йил 1 июлга қадар асосий фаолият тури паррандачилик бўлган тадбиркорлик субъектлари учун уларнинг асосий фаолият тури бўйича фойда солиғи (тижорат банкларида жойлаштирилган маблағлардан олинган фоизлардан ташқари), мол-мулк солиғи, ер солиғи ва сув ресурсларидан фойдаланганлик учун солиқ ставкаси 50 фоиз миқдорида қўлланилади;",Ўзбекистон Республикаси Президенти қарори,2021-07-01 00:00:00,ПҚ-5146,2024-07-01 00:00:00
662,Мол-мулк солиғи,"ПҚ-5146-сон 14.06.2021 й. 2021 йил 1 июлдан бошлаб 2024 йил 1 июлга қадар асосий фаолият тури паррандачилик бўлган тадбиркорлик субъектлари учун уларнинг асосий фаолият тури бўйича фойда солиғи (тижорат банкларида жойлаштирилган маблағлардан олинган фоизлардан ташқари), мол-мулк солиғи, ер солиғи ва сув ресурсларидан фойдаланганлик учун солиқ ставкаси 50 фоиз миқдорида қўлланилади;",Ўзбекистон Республикаси Президенти қарори,2021-07-01 00:00:00,ПҚ-5146,2024-07-01 00:00:00
663,Ер солиғи,"ПҚ-5146-сон 14.06.2021 й. 2021 йил 1 июлдан бошлаб 2024 йил 1 июлга қадар асосий фаолият тури паррандачилик бўлган тадбиркорлик субъектлари учун уларнинг асосий фаолият тури бўйича фойда солиғи (тижорат банкларида жойлаштирилган маблағлардан олинган фоизлардан ташқари), мол-мулк солиғи, ер солиғи ва сув ресурсларидан фойдаланганлик учун солиқ ставкаси 50 фоиз миқдорида қўлланилади;",Ўзбекистон Республикаси Президенти қарори,2021-07-01 00:00:00,ПҚ-5146,2024-07-01 00:00:00
664,Сув ресурсларидан фойдаланганлик учун солиқ,"ПҚ-5178-сон 08.07.2021 й. 1-банди, 2 хатбоши, 2022 йил 1 январдаш бошлаб 2025 йил 1январга қадар тутзорларни суғориш учун фойдаланилган сув хажмига сув ресурсларидан фойдаланганлик учун солиқ ставкаси 50 фоиз миқдорида белгилансин",Ўзбекистон Республикаси Президенти қарори,2022-01-01 00:00:00,ПҚ-5178,2024-12-31 00:00:00
665,Фойда солиғи,"ПҚ-5221-сон 13.08.2021 й 7-банд г-қисм, ""Қоракўл"" ЭИЗ иштирокчилари ва Лойиҳа компанияси учун инвестиция лойиҳалари ишга туширилган ойдан бошлаб уч йилга ҳамда жалб қилинадиган пудрат ва субпудрат ташкилотлар учун инвестиция лойиҳаси ишга туширилгунига қадар, бироқ шартнома имзоланган санадан бошлаб уч йилдан ошмайдиган муддатга, фаолиятидан тўланадиган фойда солиғининг ставкаси белгиланган ставкага нисбатан 50 фоизга камайтирилган миқдорда белгиланади.",Ўзбекистон Республикаси Президенти қарори,2021-08-13 00:00:00,ПҚ-5221,2024-08-13 00:00:00
666,ЖШДС,"ПҚ-5221-сон 13.08.2021 й 7-банд в-қисм, ""Қоракўл"" ЭИЗ иштирокчилари ""Jizzakh Petroleum"" МЧЖ қўшма корхонаси, Лойиҳа компанияси ва улар томонидан жалб қилинадиган пудрат ва субпудрат ташкилотлари томонидан жалб қилинадиган хорижий мутахассисларга ҳисобланадиган даромад солиғининг ставкаси уч йилдан ошмаган муддатга 50 фоизга камайтирилган миқдорда белгиланади",Ўзбекистон Республикаси Президенти қарори,2021-08-13 00:00:00,ПҚ-5221,2024-08-13 00:00:00
667,Қўшилган қиймат солиғи,"ПҚ-5255 14.10.2021 й. 1-банди, 2-хатбоши Болалар жамоат фонди солиқларнинг барча турларидан озод этилади (ижтимоий солиқ бундан мустасно).",Ўзбекистон Республикаси Президенти қарори,2021-10-14 00:00:00,ПҚ-5255,2024-10-12 00:00:00
668,Фойда солиғи,"ПҚ-5255 14.10.2021 й. 1-банди, 1-хатбоши Болалар жамоат фондига ҳомийлик қилинган маблағлар солиқ базасини аниқлашда чегириб ташланадиган харажатлар жумласига киритилади;",Ўзбекистон Республикаси Президенти қарори,2021-10-14 00:00:00,ПҚ-5255,2024-10-12 00:00:00
669,Фойда солиғи,"ПҚ-5255 14.10.2021 й. 1-банди, 2-хатбоши Болалар жамоат фонди солиқларнинг барча турларидан озод этилади (ижтимоий солиқ бундан мустасно).",Ўзбекистон Республикаси Президенти қарори,2021-10-14 00:00:00,ПҚ-5255,2024-10-12 00:00:00
670,Сув ресурсларидан фойдаланганлик учун солиқ,"ПҚ-5255 14.10.2021 й. 1-банди, 2-хатбоши Болалар жамоат фонди солиқларнинг барча турларидан озод этилади (ижтимоий солиқ бундан мустасно).",Ўзбекистон Республикаси Президенти қарори,2021-10-14 00:00:00,ПҚ-5255,2024-10-12 00:00:00
671,Мол-мулк солиғи,"ПҚ-5255 14.10.2021 й. 1-банди, 2-хатбоши Болалар жамоат фонди солиқларнинг барча турларидан озод этилади (ижтимоий солиқ бундан мустасно).",Ўзбекистон Республикаси Президенти қарори,2021-10-14 00:00:00,ПҚ-5255,2024-10-12 00:00:00
672,Ер солиғи,"ПҚ-5255 14.10.2021 й. 1-банди, 2-хатбоши Болалар жамоат фонди солиқларнинг барча турларидан озод этилади (ижтимоий солиқ бундан мустасно).",Ўзбекистон Республикаси Президенти қарори,2021-10-14 00:00:00,ПҚ-5255,2024-10-12 00:00:00
673,Айланмадан олинадиган солиқ,"ПҚ-5255 14.10.2021 й. 1-банди, 2-хатбоши Болалар жамоат фонди солиқларнинг барча турларидан озод этилади (ижтимоий солиқ бундан мустасно).",Ўзбекистон Республикаси Президенти қарори,2021-10-14 00:00:00,ПҚ-5255,2024-10-12 00:00:00
674,Фойда солиғи,ПҚ-5265 23.10.2021 й. 2-б. 2-хатбоши 2022 йил 1 январдан 2025 йил 1 январга қадар ҳаёт суғуртаси соҳасида фаолият юритаётган суғурта ташкилотларининг мазкур фаолияти қисми учун ҳисобланадиган фойда солиғи бўйича белгиланган солиқ ставкаси 50 фоизга камайтирилади;,Ўзбекистон Республикаси Президенти қарори,2021-10-23 00:00:00,ПҚ-5265,2025-01-01 00:00:00
675,ЖШДС,"ПҚ-5281 05.11.2021 й. 12-б. 3-хатбоши миллий терма жамоалар спортчилари, тренерлари ва бошқа мутахассислари учун ҳар ойлик стипендиялар, бир марталик тўланадиган пул мукофотлари, қимматбаҳо совғалар ва бошқа ёрдам кўринишида олинадиган тўловлар жисмоний шахслардан олинадиган даромад солиғига тортилмайди ва уларга ижтимоий солиқ ҳамда суғурта бадаллари ҳисобланмайди.",Ўзбекистон Республикаси Президенти қарори,2021-11-05 00:00:00,ПҚ-5281,2024-12-31 00:00:00
676,Ижтимоий солиқ,"ПҚ-5281 05.11.2021 й. 12-б. 3-хатбоши миллий терма жамоалар спортчилари, тренерлари ва бошқа мутахассислари учун ҳар ойлик стипендиялар, бир марталик тўланадиган пул мукофотлари, қимматбаҳо совғалар ва бошқа ёрдам кўринишида олинадиган тўловлар жисмоний шахслардан олинадиган даромад солиғига тортилмайди ва уларга ижтимоий солиқ ҳамда суғурта бадаллари ҳисобланмайди.",Ўзбекистон Республикаси Президенти қарори,2021-11-05 00:00:00,ПҚ-5281,2024-12-31 00:00:00
677,Фойда солиғи,"ПҚ-57 16.02.2023 й. 9-банди. 2023 йил 1 апрелдан бошлаб умумий қуввати 100 кВтгача бўлган қайта тикланувчи энергия манбалари қурилмаларини ўрнатган жисмоний ва юридик шахслар ушбу қурилмалар бўйича мол-мулк солиғи, қурилмалар билан банд бўлган участкалар бўйича ер солиғи ҳамда юридик шахслар томонидан умумий тармоққа сотган электр энергияси учун олган фойдасидан ҳисобланадиган фойда солиғини тўлашдан улар фойдаланишга топширилган пайтдан эътиборан уч йил муддатга",Ўзбекистон Республикаси Президенти қарори,2023-02-16 00:00:00,ПҚ-57,2026-04-01 00:00:00
678,Фойда солиғи,"ПҚ-57 16.02.2023 й. 9-банди. 2023 йил 1 апрелдан бошлаб ўрнатилаётган қуёш панелларининг қувватига нисбатан 25 фоиздан кам бўлмаган қувватга эга электр энергиясини сақлаш тизими билан ўрнатилган бўлса — ўн йил муддатга озод этилади_x000D_
(умумий қуввати 100 кВтгача бўлган қайта тикланувчи энергия манбалари қурилмаларини ўрнатган жисмоний ва юридик шахслар ушбу қурилмалар бўйича мол-мулк солиғи, қурилмалар билан банд бўлган участкалар бўйича ер солиғи ҳамда юридик шахслар томонидан умумий тармоққа сотган электр энергияси учун олган фойдасидан ҳисобланадиган фойда солиғини тўлашдан улар фойдаланишга топширилган пайтдан);",Ўзбекистон Республикаси Президенти қарори,2023-02-16 00:00:00,ПҚ-57,2033-04-01 00:00:00
679,Мол-мулк солиғи,"ПҚ-57 16.02.2023 й. 9-банди. 2023 йил 1 апрелдан бошлаб умумий қуввати 100 кВтгача бўлган қайта тикланувчи энергия манбалари қурилмаларини ўрнатган жисмоний ва юридик шахслар ушбу қурилмалар бўйича мол-мулк солиғи, қурилмалар билан банд бўлган участкалар бўйича ер солиғи ҳамда юридик шахслар томонидан умумий тармоққа сотган электр энергияси учун олган фойдасидан ҳисобланадиган фойда солиғини тўлашдан улар фойдаланишга топширилган пайтдан эътиборан уч йил муддатга",Ўзбекистон Республикаси Президенти қарори,2023-02-16 00:00:00,ПҚ-57,2026-04-01 00:00:00
680,Мол-мулк солиғи,"ПҚ-57 16.02.2023 й. 9-банди. 2023 йил 1 апрелдан бошлаб ўрнатилаётган қуёш панелларининг қувватига нисбатан 25 фоиздан кам бўлмаган қувватга эга электр энергиясини сақлаш тизими билан ўрнатилган бўлса — ўн йил муддатга озод этилади_x000D_
(умумий қуввати 100 кВтгача бўлган қайта тикланувчи энергия манбалари қурилмаларини ўрнатган жисмоний ва юридик шахслар ушбу қурилмалар бўйича мол-мулк солиғи, қурилмалар билан банд бўлган участкалар бўйича ер солиғи ҳамда юридик шахслар томонидан умумий тармоққа сотган электр энергияси учун олган фойдасидан ҳисобланадиган фойда солиғини тўлашдан улар фойдаланишга топширилган пайтдан);",Ўзбекистон Республикаси Президенти қарори,2023-02-16 00:00:00,ПҚ-57,2033-04-01 00:00:00
681,Ер солиғи,"ПҚ-57 16.02.2023 й. 9-банди. 2023 йил 1 апрелдан бошлаб умумий қуввати 100 кВтгача бўлган қайта тикланувчи энергия манбалари қурилмаларини ўрнатган жисмоний ва юридик шахслар ушбу қурилмалар бўйича мол-мулк солиғи, қурилмалар билан банд бўлган участкалар бўйича ер солиғи ҳамда юридик шахслар томонидан умумий тармоққа сотган электр энергияси учун олган фойдасидан ҳисобланадиган фойда солиғини тўлашдан улар фойдаланишга топширилган пайтдан эътиборан уч йил муддатга",Ўзбекистон Республикаси Президенти қарори,2023-02-16 00:00:00,ПҚ-57,2026-04-01 00:00:00
682,Ер солиғи,"ПҚ-57 16.02.2023 й. 9-банди. 2023 йил 1 апрелдан бошлаб ўрнатилаётган қуёш панелларининг қувватига нисбатан 25 фоиздан кам бўлмаган қувватга эга электр энергиясини сақлаш тизими билан ўрнатилган бўлса — ўн йил муддатга озод этилади_x000D_
(умумий қуввати 100 кВтгача бўлган қайта тикланувчи энергия манбалари қурилмаларини ўрнатган жисмоний ва юридик шахслар ушбу қурилмалар бўйича мол-мулк солиғи, қурилмалар билан банд бўлган участкалар бўйича ер солиғи ҳамда юридик шахслар томонидан умумий тармоққа сотган электр энергияси учун олган фойдасидан ҳисобланадиган фойда солиғини тўлашдан улар фойдаланишга топширилган пайтдан);",Ўзбекистон Республикаси Президенти қарори,2023-02-16 00:00:00,ПҚ-57,2033-04-01 00:00:00
683,ЖШДС,"ПҚ-57-сон. 2-банди а)-кичик банди. 2022 йил 1 мартдан бошлаб:_x000D_
а) Солиқ кодексининг 380-моддаси биринчи қисмига мувофиқ болаликдан ногиронлиги бўлган шахслар ҳамда I ва II гуруҳ ногиронлиги бўлган шахслар учун даромад солиғи бўйича белгиланган имтиёз меҳнатга ҳақ тўлашнинг энг кам миқдорининг 1,41 бараваридан 3 бараваригача оширилади;",Ўзбекистон Республикаси Президенти қарори,2021-12-21 00:00:00,ПҚ-57,2029-12-31 00:00:00
684,Фойда солиғи,"ПҚ-70 23.02.2023 й.  3-банд Белгилансинки, 2023 йил 1 мартдан 2026 йил 1 январга қадар уч ойдан ортиқ муддатга ўттиз нафардан зиёд касаначиларни белгиланган тартибда жалб қилган ва касаначилик асосида ишлаб чиқарилган маҳсулотларни (кўрсатилган хизматларни) реализация қилишдан олган даромадлари жами даромадининг 60 фоизидан кўпроғини ташкил этган тадбиркорлик субъектлари учун:_x000D_
фойда солиғи ва айланмадан олинадиган солиқнинг солиқ базаси 50 фоизга камайтирилган ҳолда, бироқ тадбиркорлик субъекти томонидан касаначиларга тўланган иш ҳақи миқдорининг 1,5 бараваридан ошмаган миқдорда ҳисобланади;_x000D_
Бунда, мазкур банддаги имтиёзлар ўттиз нафардан ортиқ касаначилар жалб қилинган даврга татбиқ этилсин.",Ўзбекистон Республикаси Президенти қарори,2023-02-23 00:00:00,ПҚ-70,2026-01-01 00:00:00
685,Айланмадан олинадиган солиқ,"ПҚ-70 23.02.2023 й.  3-банд Белгилансинки, 2023 йил 1 мартдан 2026 йил 1 январга қадар уч ойдан ортиқ муддатга ўттиз нафардан зиёд касаначиларни белгиланган тартибда жалб қилган ва касаначилик асосида ишлаб чиқарилган маҳсулотларни (кўрсатилган хизматларни) реализация қилишдан олган даромадлари жами даромадининг 60 фоизидан кўпроғини ташкил этган тадбиркорлик субъектлари учун:_x000D_
фойда солиғи ва айланмадан олинадиган солиқнинг солиқ базаси 50 фоизга камайтирилган ҳолда, бироқ тадбиркорлик субъекти томонидан касаначиларга тўланган иш ҳақи миқдорининг 1,5 бараваридан ошмаган миқдорда ҳисобланади;_x000D_
Бунда, мазкур банддаги имтиёзлар ўттиз нафардан ортиқ касаначилар жалб қилинган даврга татбиқ этилсин.",Ўзбекистон Республикаси Президенти қарори,2023-02-23 00:00:00,ПҚ-70,2026-01-01 00:00:00
686,Фойда солиғи,"ПҚ-83 13.01.2022 й. 3-банд 3-хатбоши 2022 йил 1 февралдан 2025 йил 1 январга қадар балиқчиликни интенсивлаштириш учун зарур бўлган асбоб-ускуналар ва технологиялар (аератор, бассейн, автокормушка, УЗВ) ҳамда қайта ишлаш ускуналарини ишлаб чиқаришни йўлга қўйган, бироқ даромадининг 80 фоизидан ортиғини ушбу ускуналарни ишлаб чиқаришдан оладиган субъектлар учун фойда солиғи (тижорат банкларида жойлаштирилган маблағлардан олинган фоизлардан ташқари), юридик шахслардан олинадиган ер солиғи, юридик шахсларнинг мол-мулкига солинадиган солиқ ва сув ресурсларидан фойдаланганлик учун солиқ ставкалари 50 фоизга камайтирилади",Ўзбекистон Республикаси Президенти қарори,2022-01-13 00:00:00,ПҚ-83,2024-12-31 00:00:00
687,Сув ресурсларидан фойдаланганлик учун солиқ,"ПҚ-83 13.01.2022 й. 3-банд 3-хатбоши 2022 йил 1 февралдан 2025 йил 1 январга қадар балиқчиликни интенсивлаштириш учун зарур бўлган асбоб-ускуналар ва технологиялар (аератор, бассейн, автокормушка, УЗВ) ҳамда қайта ишлаш ускуналарини ишлаб чиқаришни йўлга қўйган, бироқ даромадининг 80 фоизидан ортиғини ушбу ускуналарни ишлаб чиқаришдан оладиган субъектлар учун фойда солиғи (тижорат банкларида жойлаштирилган маблағлардан олинган фоизлардан ташқари), юридик шахслардан олинадиган ер солиғи, юридик шахсларнинг мол-мулкига солинадиган солиқ ва сув ресурсларидан фойдаланганлик учун солиқ ставкалари 50 фоизга камайтирилади",Ўзбекистон Республикаси Президенти қарори,2022-01-13 00:00:00,ПҚ-83,2024-12-31 00:00:00
688,Мол-мулк солиғи,"ПҚ-83 13.01.2022 й. 3-банд 3-хатбоши 2022 йил 1 февралдан 2025 йил 1 январга қадар балиқчиликни интенсивлаштириш учун зарур бўлган асбоб-ускуналар ва технологиялар (аератор, бассейн, автокормушка, УЗВ) ҳамда қайта ишлаш ускуналарини ишлаб чиқаришни йўлга қўйган, бироқ даромадининг 80 фоизидан ортиғини ушбу ускуналарни ишлаб чиқаришдан оладиган субъектлар учун фойда солиғи (тижорат банкларида жойлаштирилган маблағлардан олинган фоизлардан ташқари), юридик шахслардан олинадиган ер солиғи, юридик шахсларнинг мол-мулкига солинадиган солиқ ва сув ресурсларидан фойдаланганлик учун солиқ ставкалари 50 фоизга камайтирилади",Ўзбекистон Республикаси Президенти қарори,2022-01-13 00:00:00,ПҚ-83,2024-12-31 00:00:00
689,Ер солиғи,"ПҚ-83 13.01.2022 й. 3-банд 3-хатбоши 2022 йил 1 февралдан 2025 йил 1 январга қадар балиқчиликни интенсивлаштириш учун зарур бўлган асбоб-ускуналар ва технологиялар (аератор, бассейн, автокормушка, УЗВ) ҳамда қайта ишлаш ускуналарини ишлаб чиқаришни йўлга қўйган, бироқ даромадининг 80 фоизидан ортиғини ушбу ускуналарни ишлаб чиқаришдан оладиган субъектлар учун фойда солиғи (тижорат банкларида жойлаштирилган маблағлардан олинган фоизлардан ташқари), юридик шахслардан олинадиган ер солиғи, юридик шахсларнинг мол-мулкига солинадиган солиқ ва сув ресурсларидан фойдаланганлик учун солиқ ставкалари 50 фоизга камайтирилади",Ўзбекистон Республикаси Президенти қарори,2022-01-13 00:00:00,ПҚ-83,2024-12-31 00:00:00
690,Фойда солиғи,"ПҚ-90 17.01.2022 й.  1 банд, 4-хатбоши. Белгилансинки, 2022 йил 1 апрелдан 2024 йил 31 декабрга қадар: Ўзбекистон Республикасининг резиденти ва норезиденти бўлган жисмоний ва юридик шахсларнинг хўжалик жамиятлари облигациялари бўйича ҳисобланган фоизлар тарзидаги даромадлари жисмоний шахслардан олинадиган даромад солиғи ва юридик шахслардан олинадиган фойда солиғидан озод қилинади.",Ўзбекистон Республикаси Президенти қарори,2022-01-17 00:00:00,ПҚ-90,2024-12-31 00:00:00
691,Фойда солиғи,"ПҚ-90 17.01.2022 й.  1 банд, 2-хатбоши. Белгилансинки, 2022 йил 1 апрелдан 2024 йил 31 декабрга қадар:_x000D_
Ўзбекистон Республикасининг резиденти ва норезиденти бўлган жисмоний шахсларнинг аксиялар бўйича ҳисобланган дивидендлар тарзидаги даромадлари даромад солиғидан озод қилинади",Ўзбекистон Республикаси Президенти қарори,2022-01-17 00:00:00,ПҚ-90,2024-12-31 00:00:00
692,ЖШДС,"ПҚ-90 17.01.2022 й.  1 банд, 4-хатбоши. Белгилансинки, 2022 йил 1 апрелдан 2024 йил 31 декабрга қадар: Ўзбекистон Республикасининг резиденти ва норезиденти бўлган жисмоний ва юридик шахсларнинг хўжалик жамиятлари облигациялари бўйича ҳисобланган фоизлар тарзидаги даромадлари жисмоний шахслардан олинадиган даромад солиғи ва юридик шахслардан олинадиган фойда солиғидан озод қилинади.",Ўзбекистон Республикаси Президенти қарори,2022-01-17 00:00:00,ПҚ-90,2024-12-31 00:00:00
693,Фойда солиғи,"ПФ-116 27.04.2022 й. 10-банди, а-кичикбанди Белгилансинки: а) 2022 йил 1 майдан бошлаб уч йил давомида: каврак етиштиришдан олган даромадлари жорий ҳисобот (солиқ) даври якунлари бўйича жами даромаднинг камида 80 фоизини ташкил этадиган тадбиркорлик субъектларидан олинадиган фойда солиғи, мол-мулк солиғи, ер солиғи ва сув ресурсларидан фойдаланганлик учун солиқ ставкалари 50 фоиз миқдорида қўлланилади;",Ўзбекистон Республикаси Президенти Фармони,2022-04-27 00:00:00,ПФ-116,2025-05-01 00:00:00
694,Сув ресурсларидан фойдаланганлик учун солиқ,"ПФ-116 27.04.2022 й. 10-банди, а-кичикбанди Белгилансинки: а) 2022 йил 1 майдан бошлаб уч йил давомида: каврак етиштиришдан олган даромадлари жорий ҳисобот (солиқ) даври якунлари бўйича жами даромаднинг камида 80 фоизини ташкил этадиган тадбиркорлик субъектларидан олинадиган фойда солиғи, мол-мулк солиғи, ер солиғи ва сув ресурсларидан фойдаланганлик учун солиқ ставкалари 50 фоиз миқдорида қўлланилади;",Ўзбекистон Республикаси Президенти Фармони,2022-04-27 00:00:00,ПФ-116,2025-05-01 00:00:00
695,Мол-мулк солиғи,"ПФ-116 27.04.2022 й. 10-банди, а-кичикбанди Белгилансинки: а) 2022 йил 1 майдан бошлаб уч йил давомида: каврак етиштиришдан олган даромадлари жорий ҳисобот (солиқ) даври якунлари бўйича жами даромаднинг камида 80 фоизини ташкил этадиган тадбиркорлик субъектларидан олинадиган фойда солиғи, мол-мулк солиғи, ер солиғи ва сув ресурсларидан фойдаланганлик учун солиқ ставкалари 50 фоиз миқдорида қўлланилади;",Ўзбекистон Республикаси Президенти Фармони,2022-04-27 00:00:00,ПФ-116,2025-05-01 00:00:00
696,Ер солиғи,"ПФ-116 27.04.2022 й. 10-банди, а-кичикбанди Белгилансинки: а) 2022 йил 1 майдан бошлаб уч йил давомида: каврак етиштиришдан олган даромадлари жорий ҳисобот (солиқ) даври якунлари бўйича жами даромаднинг камида 80 фоизини ташкил этадиган тадбиркорлик субъектларидан олинадиган фойда солиғи, мол-мулк солиғи, ер солиғи ва сув ресурсларидан фойдаланганлик учун солиқ ставкалари 50 фоиз миқдорида қўлланилади;",Ўзбекистон Республикаси Президенти Фармони,2022-04-27 00:00:00,ПФ-116,2025-05-01 00:00:00
697,Фойда солиғи,"ПФ-139 20.05.2022 4-банд 2-хатбоши 2025 йил 1 январга қадар доривор ўсимликларни етиштиришдан олган даромадлари жорий ҳисобот (солиқ) даври якунлари бўйича жами даромаднинг камида 80 фоизини ташкил этадиган тадбиркорлик субъектларидан олинадиган ер солиғи, фойда солиғи ва мол-мулк солиғи ставкалари 50 фоизга камайтирилади. Бунда, мазкур хатбошига асосан солиқлардан озод қилинадиган маблағлар доривор ўсимликлар плантацияларини кенгайтиришга йўналтирилиши шарт;",Ўзбекистон Республикаси Президенти Фармони,2022-05-20 00:00:00,ПФ-139,2024-12-31 00:00:00
698,Мол-мулк солиғи,"ПФ-139 20.05.2022 4-банд 2-хатбоши 2025 йил 1 январга қадар доривор ўсимликларни етиштиришдан олган даромадлари жорий ҳисобот (солиқ) даври якунлари бўйича жами даромаднинг камида 80 фоизини ташкил этадиган тадбиркорлик субъектларидан олинадиган ер солиғи, фойда солиғи ва мол-мулк солиғи ставкалари 50 фоизга камайтирилади. Бунда, мазкур хатбошига асосан солиқлардан озод қилинадиган маблағлар доривор ўсимликлар плантацияларини кенгайтиришга йўналтирилиши шарт;",Ўзбекистон Республикаси Президенти Фармони,2022-05-20 00:00:00,ПФ-139,2024-12-31 00:00:00
699,Ер солиғи,"ПФ-139 20.05.2022 4-банд 2-хатбоши 2025 йил 1 январга қадар доривор ўсимликларни етиштиришдан олган даромадлари жорий ҳисобот (солиқ) даври якунлари бўйича жами даромаднинг камида 80 фоизини ташкил этадиган тадбиркорлик субъектларидан олинадиган ер солиғи, фойда солиғи ва мол-мулк солиғи ставкалари 50 фоизга камайтирилади. Бунда, мазкур хатбошига асосан солиқлардан озод қилинадиган маблағлар доривор ўсимликлар плантацияларини кенгайтиришга йўналтирилиши шарт;",Ўзбекистон Республикаси Президенти Фармони,2022-05-20 00:00:00,ПФ-139,2024-12-31 00:00:00
700,Фойда солиғи,"ПФ-213 31.08.2022 й.  2-банди а-кичикбанди 2-хатбоши Қорақалпоғистон Республикасининг барча туманларида жойлашган ва шу ҳудудда фаолият юритадиган тадбиркорлик субъектлари учун 2023 йил 1 январдан 2028 йил 1 январга қадар бўлган даврда:_x000D_
фойда солиғи, айланмадан олинадиган солиқ, юридик шахсларнинг мол-мулкига солинадиган солиқ ва юридик шахслардан олинадиган ер солиғи бўйича солиқ ставкалари 50 фоизга камайтирилган ҳолда; _x000D_
Бунда, йирик солиқ тўловчилар, доимий муассасалар, бюджет ташкилотлари ва давлат корхоналари, устав жамғармаси (капитали)да давлат улуши 50 фоиз ва ундан кўпроқ миқдорда бўлган юридик шахсларга мазкур бандда белгиланаётган имтиёзлар татбиқ этилмайди;",Ўзбекистон Республикаси Президенти Фармони,2022-08-31 00:00:00,ПФ-213,2028-01-01 00:00:00
701,Мол-мулк солиғи,"ПФ-213 31.08.2022 й.  2-банди а-кичикбанди 2-хатбоши Қорақалпоғистон Республикасининг барча туманларида жойлашган ва шу ҳудудда фаолият юритадиган тадбиркорлик субъектлари учун 2023 йил 1 январдан 2028 йил 1 январга қадар бўлган даврда:_x000D_
фойда солиғи, айланмадан олинадиган солиқ, юридик шахсларнинг мол-мулкига солинадиган солиқ ва юридик шахслардан олинадиган ер солиғи бўйича солиқ ставкалари 50 фоизга камайтирилган ҳолда;_x000D_
Бунда, йирик солиқ тўловчилар, доимий муассасалар, бюджет ташкилотлари ва давлат корхоналари, устав жамғармаси (капитали)да давлат улуши 50 фоиз ва ундан кўпроқ миқдорда бўлган юридик шахсларга мазкур бандда белгиланаётган имтиёзлар татбиқ этилмайди;",Ўзбекистон Республикаси Президенти Фармони,2022-08-31 00:00:00,ПФ-213,2028-01-01 00:00:00
702,Ер солиғи,ПФ-213 31.08.2022 й.  2-банди а-кичикбанди 2-хатбоши Қорақалпоғистон Республикасининг барча туманларида жойлашган ва шу ҳудудда фаолият юритадиган тадбиркорлик субъектлари учун 2023 йил 1 январдан 2028 йил 1 январга қадар бўлган даврда:,Ўзбекистон Республикаси Президенти Фармони,2022-08-31 00:00:00,ПФ-213,2028-01-01 00:00:00
703,Ер солиғи,"ПФ-213 31.08.2022 й.  2-банди а-кичикбанди 2-хатбоши Қорақалпоғистон Республикасининг барча туманларида жойлашган ва шу ҳудудда фаолият юритадиган тадбиркорлик субъектлари учун 2023 йил 1 январдан 2028 йил 1 январга қадар бўлган даврда:_x000D_
фойда солиғи, айланмадан олинадиган солиқ, юридик шахсларнинг мол-мулкига солинадиган солиқ ва юридик шахслардан олинадиган ер солиғи бўйича солиқ ставкалари 50 фоизга камайтирилган ҳолда;_x000D_
Бунда, йирик солиқ тўловчилар, доимий муассасалар, бюджет ташкилотлари ва давлат корхоналари, устав жамғармаси (капитали)да давлат улуши 50 фоиз ва ундан кўпроқ миқдорда бўлган юридик шахсларга мазкур бандда белгиланаётган имтиёзлар татбиқ этилмайди;",Ўзбекистон Республикаси Президенти Фармони,2022-08-31 00:00:00,ПФ-213,2028-01-01 00:00:00
704,Ижтимоий солиқ,"ПФ-213 31.08.2022 й.  2-банди а-кичикбанди 2-хатбоши Қорақалпоғистон Республикасининг барча туманларида жойлашган ва шу ҳудудда фаолият юритадиган тадбиркорлик субъектлари учун 2023 йил 1 январдан 2028 йил 1 январга қадар бўлган даврда:_x000D_
ижтимоий солиқ камайтирилиб, 1 фоиз миқдоридаги солиқ ставкасида;_x000D_
Бунда, йирик солиқ тўловчилар, доимий муассасалар, бюджет ташкилотлари ва давлат корхоналари, устав жамғармаси (капитали)да давлат улуши 50 фоиз ва ундан кўпроқ миқдорда бўлган юридик шахсларга мазкур бандда белгиланаётган имтиёзлар татбиқ этилмайди;",Ўзбекистон Республикаси Президенти Фармони,2022-08-31 00:00:00,ПФ-213,2028-01-01 00:00:00
705,Айланмадан олинадиган солиқ,"ПФ-213 31.08.2022 й.  2-банди а-кичикбанди 2-хатбоши Қорақалпоғистон Республикасининг барча туманларида жойлашган ва шу ҳудудда фаолият юритадиган тадбиркорлик субъектлари учун 2023 йил 1 январдан 2028 йил 1 январга қадар бўлган даврда: фойда солиғи, айланмадан олинадиган солиқ, юридик шахсларнинг мол-мулкига солинадиган солиқ ва юридик шахслардан олинадиган ер солиғи бўйича солиқ ставкалари 50 фоизга камайтирилган ҳолда; Бунда, йирик солиқ тўловчилар, доимий муассасалар, бюджет ташкилотлари ва давлат корхоналари, устав жамғармаси (капитали)да давлат улуши 50 фоиз ва ундан кўпроқ миқдорда бўлган юридик шахсларга мазкур бандда белгиланаётган имтиёзлар татбиқ этилмайди;",Ўзбекистон Республикаси Президенти Фармони,2022-08-31 00:00:00,ПФ-213,2028-01-01 00:00:00
706,Фойда солиғи,ПФ-215 07.09.2022 й. 7-банди Инвестиция компанияси ва унинг операцион ташкилотларига белгиланган фойда солиғи ставкаси уч йил муддатга 50 фоизга камайтирилсин.,Ўзбекистон Республикаси Президенти Фармони,2022-09-07 00:00:00,ПФ-215,2024-12-31 00:00:00
707,Фойда солиғи,"ПФ-220 09.09.2022 й. 6 банди б кичикбанди б) асосий фаолияти қуёш ва шамол электр станциялари ҳамда кичик гидроэлектрстанциялар қурилмаларини ишлаб чиқариш бўлган юридик шахслар, шу жумладан 2025 йил 1 сентябрга қадар янги ташкил этиладиган шундай юридик шахслар тадбиркорлик субъекти сифатида давлат рўйхатидан ўтказилган кундан бошлаб уч йил муддат давомида юридик шахсларнинг фойда солиғи ҳамда мол-мулк солиғини белгиланган ставкаларнинг 50 фоизи миқдорида тўлайди;",Ўзбекистон Республикаси Президенти Фармони,2022-09-09 00:00:00,ПФ-220,2024-12-31 00:00:00
708,Мол-мулк солиғи,"ПФ-220 09.09.2022 й. 6 банди б кичикбанди б) асосий фаолияти қуёш ва шамол электр станциялари ҳамда кичик гидроэлектрстанциялар қурилмаларини ишлаб чиқариш бўлган юридик шахслар, шу жумладан 2025 йил 1 сентябрга қадар янги ташкил этиладиган шундай юридик шахслар тадбиркорлик субъекти сифатида давлат рўйхатидан ўтказилган кундан бошлаб уч йил муддат давомида юридик шахсларнинг фойда солиғи ҳамда мол-мулк солиғини белгиланган ставкаларнинг 50 фоизи миқдорида тўлайди;",Ўзбекистон Республикаси Президенти Фармони,2022-09-09 00:00:00,ПФ-220,2024-12-31 00:00:00
709,Фойда солиғи,"ПФ-25-сон 23.11.2021 й. 1-банди а)кичикбанди. 2022 йил 1 январдан: а) 2031 йил 1 январгача Қорақалпоғистон Республикасининг Мўйноқ туманидаги маҳаллий саноат, қишлоқ хўжалиги ва хизматлар соҳаларидаги тадбиркорлик субъектлари учун: фойда солиғи, айланмадан олинадиган солиқ, ижтимоий солиқ, жисмоний шахслардан олинадиган даромад солиғи бўйича ўрнатилган солиқ ставкаларини 1 фоиз этиб белгилаш; мол-мулк солиғи, ер солиғи ва сув ресурсларидан фойдаланганлик учун солиқ ставкаларини мазкур солиқлар бўйича ҳисобланган суммадан 1 фоиз миқдорида белгилаш;",Ўзбекистон Республикаси Президенти Фармони,2021-11-23 00:00:00,ПФ-25,2030-12-31 00:00:00
710,Фойда солиғи,"ПФ-25-сон 23.11.2021 й. 1-банди б)кичикбанди 2022 йил 1 январдан: б) 2025 йил 1 январгача Хоразм вилоятининг Тупроққалъа, Янгиариқ, Янгибозор туманларида янги ташкил этиладиган ва шу туманларда рўйхатдан ўтган ҳолда фаолият кўрсатадиган тадбиркорлик субъектлари (кластерлар бундан мустасно) бўйича:_x000D_
фойда солиғи, юридик шахслардан олинадиган ер солиғи, юридик шахсларнинг мол-мулкига солинадиган солиқ ставкаларини 50 фоизга камайтириш;_x000D_
",Ўзбекистон Республикаси Президенти Фармони,2021-11-23 00:00:00,ПФ-25,2024-12-31 00:00:00
711,ЖШДС,"ПФ-25-сон 23.11.2021 й. 1-банди а)кичикбанди. 2022 йил 1 январдан: а) 2031 йил 1 январгача Қорақалпоғистон Республикасининг Мўйноқ туманидаги маҳаллий саноат, қишлоқ хўжалиги ва хизматлар соҳаларидаги тадбиркорлик субъектлари учун: фойда солиғи, айланмадан олинадиган солиқ, ижтимоий солиқ, жисмоний шахслардан олинадиган даромад солиғи бўйича ўрнатилган солиқ ставкаларини 1 фоиз этиб белгилаш;_x000D_
мол-мулк солиғи, ер солиғи ва сув ресурсларидан фойдаланганлик учун солиқ ставкаларини мазкур солиқлар бўйича ҳисобланган суммадан 1 фоиз миқдорида белгилаш;",Ўзбекистон Республикаси Президенти Фармони,2021-11-23 00:00:00,ПФ-25,2030-12-31 00:00:00
712,Сув ресурсларидан фойдаланганлик учун солиқ,"ПФ-25-сон 23.11.2021 й. 1-банди а)кичикбанди. 2022 йил 1 январдан: а) 2031 йил 1 январгача Қорақалпоғистон Республикасининг Мўйноқ туманидаги маҳаллий саноат, қишлоқ хўжалиги ва хизматлар соҳаларидаги тадбиркорлик субъектлари учун: фойда солиғи, айланмадан олинадиган солиқ, ижтимоий солиқ, жисмоний шахслардан олинадиган даромад солиғи бўйича ўрнатилган солиқ ставкаларини 1 фоиз этиб белгилаш;_x000D_
мол-мулк солиғи, ер солиғи ва сув ресурсларидан фойдаланганлик учун солиқ ставкаларини мазкур солиқлар бўйича ҳисобланган суммадан 1 фоиз миқдорида белгилаш;",Ўзбекистон Республикаси Президенти Фармони,2021-11-23 00:00:00,ПФ-25,2030-12-31 00:00:00
713,Мол-мулк солиғи,"ПФ-25-сон 23.11.2021 й. 1-банди а)кичикбанди. 2022 йил 1 январдан: а) 2031 йил 1 январгача Қорақалпоғистон Республикасининг Мўйноқ туманидаги маҳаллий саноат, қишлоқ хўжалиги ва хизматлар соҳаларидаги тадбиркорлик субъектлари учун: фойда солиғи, айланмадан олинадиган солиқ, ижтимоий солиқ, жисмоний шахслардан олинадиган даромад солиғи бўйича ўрнатилган солиқ ставкаларини 1 фоиз этиб белгилаш;_x000D_
мол-мулк солиғи, ер солиғи ва сув ресурсларидан фойдаланганлик учун солиқ ставкаларини мазкур солиқлар бўйича ҳисобланган суммадан 1 фоиз миқдорида белгилаш;",Ўзбекистон Республикаси Президенти Фармони,2021-11-23 00:00:00,ПФ-25,2030-12-31 00:00:00
714,Мол-мулк солиғи,"ПФ-25-сон 23.11.2021 й. 1-банди б)кичикбанди 2022 йил 1 январдан: б) 2025 йил 1 январгача Хоразм вилоятининг Тупроққалъа, Янгиариқ, Янгибозор туманларида янги ташкил этиладиган ва шу туманларда рўйхатдан ўтган ҳолда фаолият кўрсатадиган тадбиркорлик субъектлари (кластерлар бундан мустасно) бўйича:_x000D_
фойда солиғи, юридик шахслардан олинадиган ер солиғи, юридик шахсларнинг мол-мулкига солинадиган солиқ ставкаларини 50 фоизга камайтириш;_x000D_
",Ўзбекистон Республикаси Президенти Фармони,2021-11-23 00:00:00,ПФ-25,2024-12-31 00:00:00
715,Ер солиғи,"ПФ-25-сон 23.11.2021 й. 1-банди а)кичикбанди. 2022 йил 1 январдан: а) 2031 йил 1 январгача Қорақалпоғистон Республикасининг Мўйноқ туманидаги маҳаллий саноат, қишлоқ хўжалиги ва хизматлар соҳаларидаги тадбиркорлик субъектлари учун: фойда солиғи, айланмадан олинадиган солиқ, ижтимоий солиқ, жисмоний шахслардан олинадиган даромад солиғи бўйича ўрнатилган солиқ ставкаларини 1 фоиз этиб белгилаш;_x000D_
мол-мулк солиғи, ер солиғи ва сув ресурсларидан фойдаланганлик учун солиқ ставкаларини мазкур солиқлар бўйича ҳисобланган суммадан 1 фоиз миқдорида белгилаш;",Ўзбекистон Республикаси Президенти Фармони,2021-11-23 00:00:00,ПФ-25,2030-12-31 00:00:00
716,Ер солиғи,"ПФ-25-сон 23.11.2021 й. 1-банди б)кичикбанди 2022 йил 1 январдан: б) 2025 йил 1 январгача Хоразм вилоятининг Тупроққалъа, Янгиариқ, Янгибозор туманларида янги ташкил этиладиган ва шу туманларда рўйхатдан ўтган ҳолда фаолият кўрсатадиган тадбиркорлик субъектлари (кластерлар бундан мустасно) бўйича:_x000D_
фойда солиғи, юридик шахслардан олинадиган ер солиғи, юридик шахсларнинг мол-мулкига солинадиган солиқ ставкаларини 50 фоизга камайтириш;_x000D_
",Ўзбекистон Республикаси Президенти Фармони,2021-11-23 00:00:00,ПФ-25,2024-12-31 00:00:00
717,Ер солиғи,"ПФ-25-сон 23.11.2021 й. 1-банди в)кичикбанди 2022 йил 1 январдан: Хоразм вилоятида янги барпо этилаётган боғлар, токзорлар ва тутзорлар эгаллаган ерларга, дарахтларнинг қатор ораларидан қишлоқ хўжалиги экинларини экиш учун фойдаланилишидан қатъи назар, юридик шахслардан олинадиган ер солиғини тўлаш бўйича имтиёзли даврни беш йил этиб белгилаш тўғрисидаги таклифлари маъқуллансин.",Ўзбекистон Республикаси Президенти Фармони,2021-11-23 00:00:00,ПФ-25,2026-12-31 00:00:00
718,Ижтимоий солиқ,"ПФ-25-сон 23.11.2021 й. 1-банди а)кичикбанди. 2022 йил 1 январдан: а) 2031 йил 1 январгача Қорақалпоғистон Республикасининг Мўйноқ туманидаги маҳаллий саноат, қишлоқ хўжалиги ва хизматлар соҳаларидаги тадбиркорлик субъектлари учун: фойда солиғи, айланмадан олинадиган солиқ, ижтимоий солиқ, жисмоний шахслардан олинадиган даромад солиғи бўйича ўрнатилган солиқ ставкаларини 1 фоиз этиб белгилаш;_x000D_
мол-мулк солиғи, ер солиғи ва сув ресурсларидан фойдаланганлик учун солиқ ставкаларини мазкур солиқлар бўйича ҳисобланган суммадан 1 фоиз миқдорида белгилаш;",Ўзбекистон Республикаси Президенти Фармони,2021-11-23 00:00:00,ПФ-25,2030-12-31 00:00:00
719,Айланмадан олинадиган солиқ,"ПФ-25-сон 23.11.2021 й. 1-банди а)кичикбанди. 2022 йил 1 январдан: а) 2031 йил 1 январгача Қорақалпоғистон Республикасининг Мўйноқ туманидаги маҳаллий саноат, қишлоқ хўжалиги ва хизматлар соҳаларидаги тадбиркорлик субъектлари учун: фойда солиғи, айланмадан олинадиган солиқ, ижтимоий солиқ, жисмоний шахслардан олинадиган даромад солиғи бўйича ўрнатилган солиқ ставкаларини 1 фоиз этиб белгилаш;_x000D_
мол-мулк солиғи, ер солиғи ва сув ресурсларидан фойдаланганлик учун солиқ ставкаларини мазкур солиқлар бўйича ҳисобланган суммадан 1 фоиз миқдорида белгилаш;",Ўзбекистон Республикаси Президенти Фармони,2021-11-23 00:00:00,ПФ-25,2030-12-31 00:00:00
720,Фойда солиғи,"ПФ-287 30.12.2022 й.  2 -банди а-кичик банди 5-тоифадаги туманларда рўйхатдан ўтган ва шу ҳудудларда фаолият юритадиган тадбиркорлик субъектлари (йирик солиқ тўловчилар, доимий муассаса, бюджет ташкилоти ва давлат корхонаси, устав жамғармаси (капитали)да давлат улуши 50 фоиз ва ундан кўпроқ миқдорда бўлган юридик шахслар бундан мустасно): фойда солиғи, айланмадан олинадиган солиқ ва ижтимоий солиқни 1 фоиз;_x000D_
(ҚҚР-Бўзатов т., ҚҚР-Кегейли т., ҚҚР-Қонликўл т., ҚҚР-Мўйноқ т., ҚҚР-Тахтакўпир т., ҚҚР-Шуманай т., Андижон в.-Бўстон т., Андижон в.-Улуғнор т., Жиззах в.-Арнасой т., Қашқадарё в.-Деҳқонобод т., Навоий в. -Томди т., Наманган в.-Мингбулоқ т., Самарқанд в.-Қўшрабод т., Сирдарё в.-Сардоба т., Сурхондарё в.-Бандихон т., Сурхондарё в.-Қизириқ т., Сурхондарё в.-Олтинсой т., Фарғона в.-Сўх, Фарғона в.-Ёзёвон т., Хоразм в. -Янгиариқ т.)",Ўзбекистон Республикаси Президенти Фармони,2022-12-30 00:00:00,ПФ-287,2025-12-31 00:00:00
721,Мол-мулк солиғи,"ПФ-287 30.12.2022 й.  2 -банди а-кичик банди 5-тоифадаги туманларда рўйхатдан ўтган ва шу ҳудудларда фаолият юритадиган тадбиркорлик субъектлари (йирик солиқ тўловчилар, доимий муассаса, бюджет ташкилоти ва давлат корхонаси, устав жамғармаси (капитали)да давлат улуши 50 фоиз ва ундан кўпроқ миқдорда бўлган юридик шахслар бундан мустасно): юридик шахсларнинг мол-мулкига солинадиган солиқ ва юридик шахслардан олинадиган ер солиғини мазкур солиқлар бўйича ҳисобланган сумманинг 1 фоизи миқдоридаги солиқ ставкалари бўйича тўлайди;_x000D_
(ҚҚР-Бўзатов т., ҚҚР-Кегейли т., ҚҚР-Қонликўл т., ҚҚР-Мўйноқ т., ҚҚР-Тахтакўпир т., ҚҚР-Шуманай т., Андижон в.-Бўстон т., Андижон в.-Улуғнор т., Жиззах в.-Арнасой т., Қашқадарё в.-Деҳқонобод т., Навоий в. -Томди т., Наманган в.-Мингбулоқ т., Самарқанд в.-Қўшрабод т., Сирдарё в.-Сардоба т., Сурхондарё в.-Бандихон т., Сурхондарё в.-Қизириқ т., Сурхондарё в.-Олтинсой т., Фарғона в.-Сўх, Фарғона в.-Ёзёвон т., Хоразм в. -Янгиариқ т.)",Ўзбекистон Республикаси Президенти Фармони,2022-12-30 00:00:00,ПФ-287,2025-12-31 00:00:00
722,Ер солиғи,"ПФ-287 30.12.2022 й.  2 -банди а-кичик банди 5-тоифадаги туманларда рўйхатдан ўтган ва шу ҳудудларда фаолият юритадиган тадбиркорлик субъектлари (йирик солиқ тўловчилар, доимий муассаса, бюджет ташкилоти ва давлат корхонаси, устав жамғармаси (капитали)да давлат улуши 50 фоиз ва ундан кўпроқ миқдорда бўлган юридик шахслар бундан мустасно): юридик шахсларнинг мол-мулкига солинадиган солиқ ва юридик шахслардан олинадиган ер солиғини мазкур солиқлар бўйича ҳисобланган сумманинг 1 фоизи миқдоридаги солиқ ставкалари бўйича тўлайди;_x000D_
(ҚҚР-Бўзатов т., ҚҚР-Кегейли т., ҚҚР-Қонликўл т., ҚҚР-Мўйноқ т., ҚҚР-Тахтакўпир т., ҚҚР-Шуманай т., Андижон в.-Бўстон т., Андижон в.-Улуғнор т., Жиззах в.-Арнасой т., Қашқадарё в.-Деҳқонобод т., Навоий в. -Томди т., Наманган в.-Мингбулоқ т., Самарқанд в.-Қўшрабод т., Сирдарё в.-Сардоба т., Сурхондарё в.-Бандихон т., Сурхондарё в.-Қизириқ т., Сурхондарё в.-Олтинсой т., Фарғона в.-Сўх, Фарғона в.-Ёзёвон т., Хоразм в. -Янгиариқ т.)",Ўзбекистон Республикаси Президенти Фармони,2022-12-30 00:00:00,ПФ-287,2025-12-31 00:00:00
723,Ер солиғи,"ПФ-287 30.12.2022 й.  2 -банди а-кичик банди 5-тоифадаги туманларда рўйхатдан ўтган ва шу ҳудудларда фаолият юритадиган тадбиркорлик субъектлари (йирик солиқ тўловчилар, доимий муассаса, бюджет ташкилоти ва давлат корхонаси, устав жамғармаси (капитали)да давлат улуши 50 фоиз ва ундан кўпроқ миқдорда бўлган юридик шахслар бундан мустасно): юридик шахсларнинг мол-мулкига солинадиган солиқ ва юридик шахслардан олинадиган ер солиғини мазкур солиқлар бўйича ҳисобланган сумманинг 1 фоизи миқдоридаги солиқ ставкалари бўйича тўлайди;_x000D_
(ҚҚР-Бўзатов т., ҚҚР-Кегейли т., ҚҚР-Қонликўл т., ҚҚР-Мўйноқ т., ҚҚР-Тахтакўпир т., ҚҚР-Шуманай т., Андижон в.-Бўстон т., Андижон в.-Улуғнор т., Жиззах в.-Арнасой т., Қашқадарё в.-Деҳқонобод т., Навоий в. -Томди т., Наманган в.-Мингбулоқ т., Самарқанд в.-Қўшрабод т., Сирдарё в.-Сардоба т., Сурхондарё в.-Бандихон т., Сурхондарё в.-Қизириқ т., Сурхондарё в.-Олтинсой т., Фарғона в.-Сўх, Фарғона в.-Ёзёвон т., Хоразм в. -Янгиариқ т.)",Ўзбекистон Республикаси Президенти Фармони,2022-12-30 00:00:00,ПФ-287,2025-12-31 00:00:00
724,Ижтимоий солиқ,"ПФ-287 30.12.2022 й.  2 -банди а-кичик банди 5-тоифадаги туманларда рўйхатдан ўтган ва шу ҳудудларда фаолият юритадиган тадбиркорлик субъектлари (йирик солиқ тўловчилар, доимий муассаса, бюджет ташкилоти ва давлат корхонаси, устав жамғармаси (капитали)да давлат улуши 50 фоиз ва ундан кўпроқ миқдорда бўлган юридик шахслар бундан мустасно): фойда солиғи, айланмадан олинадиган солиқ ва ижтимоий солиқни 1 фоиз;_x000D_
(ҚҚР-Бўзатов т., ҚҚР-Кегейли т., ҚҚР-Қонликўл т., ҚҚР-Мўйноқ т., ҚҚР-Тахтакўпир т., ҚҚР-Шуманай т., Андижон в.-Бўстон т., Андижон в.-Улуғнор т., Жиззах в.-Арнасой т., Қашқадарё в.-Деҳқонобод т., Навоий в. -Томди т., Наманган в.-Мингбулоқ т., Самарқанд в.-Қўшрабод т., Сирдарё в.-Сардоба т., Сурхондарё в.-Бандихон т., Сурхондарё в.-Қизириқ т., Сурхондарё в.-Олтинсой т., Фарғона в.-Сўх, Фарғона в.-Ёзёвон т., Хоразм в. -Янгиариқ т.)",Ўзбекистон Республикаси Президенти Фармони,2022-12-30 00:00:00,ПФ-287,2025-12-31 00:00:00
725,Айланмадан олинадиган солиқ,"ПФ-287 30.12.2022 й.  2 -банди а-кичик банди 5-тоифадаги туманларда рўйхатдан ўтган ва шу ҳудудларда фаолият юритадиган тадбиркорлик субъектлари (йирик солиқ тўловчилар, доимий муассаса, бюджет ташкилоти ва давлат корхонаси, устав жамғармаси (капитали)да давлат улуши 50 фоиз ва ундан кўпроқ миқдорда бўлган юридик шахслар бундан мустасно): фойда солиғи, айланмадан олинадиган солиқ ва ижтимоий солиқни 1 фоиз;_x000D_
(ҚҚР-Бўзатов т., ҚҚР-Кегейли т., ҚҚР-Қонликўл т., ҚҚР-Мўйноқ т., ҚҚР-Тахтакўпир т., ҚҚР-Шуманай т., Андижон в.-Бўстон т., Андижон в.-Улуғнор т., Жиззах в.-Арнасой т., Қашқадарё в.-Деҳқонобод т., Навоий в. -Томди т., Наманган в.-Мингбулоқ т., Самарқанд в.-Қўшрабод т., Сирдарё в.-Сардоба т., Сурхондарё в.-Бандихон т., Сурхондарё в.-Қизириқ т., Сурхондарё в.-Олтинсой т., Фарғона в.-Сўх, Фарғона в.-Ёзёвон т., Хоразм в. -Янгиариқ т.)",Ўзбекистон Республикаси Президенти Фармони,2022-12-30 00:00:00,ПФ-287,2025-12-31 00:00:00
726,Айланмадан олинадиган солиқ,"ПФ-287 30.12.2022 й.  2 -банди в-кичик банди в4-тоифадаги туманларда рўйхатдан ўтган ва шу ҳудудларда фаолият юритадиган тадбиркорлик субъектлари (йирик солиқ тўловчилар, доимий муассаса, бюджет ташкилоти ва давлат корхонаси, устав жамғармаси (капитали)да давлат улуши 50 фоиз ва ундан кўпроқ миқдорда бўлган юридик шахслар бундан мустасно) учун айланмадан олинадиган солиқнинг базавий солиқ ставкаси 3 фоиз этиб белгиланади. Бунда, қонунчиликда назарда тутилган ҳолларда мазкур солиқ бўйича пасайтирилган солиқ ставкалари сақлаб қолинади;_x000D_
(ҚҚР-Амударё т., ҚҚР-Нукус т., Андижон в.-Жалақудуқ т., Андижон в.-Избоскан т., Андижон в.-Марҳамат т., Андижон в.-Пахтаобод т., Бухоро в.-Вобкент т., Бухоро в.-Жондор т., Бухоро в.-Олот т., Бухоро в.-Пешку т., Бухоро в.-Шофиркон т., Жиззах в.-Бахмал т., Жиззах в.-Янгиобод т., Қашқадарё в.-Қамаши т., Қашқадарё в.-Миришкор т., Қашқадарё в.-Муборак т., Қашқадарё в.-Нишон т., Навоий в.-Конимех т., Навоий в.-Хатирчи т., Наманган в.-Норин т., Самарқанд в.-Каттақўрғон т., Самарқанд в.-Нуробод т., Самарқанд в.-Пахтачи т., Самарқанд в.-Пайариқ т., Сирдарё в.-Боёвут т., Сирдарё в.-Гулистон т., Сирдарё в.-Сайхунобод т., Сирдарё в.-Ховос т., Сурхондарё в.-Бойсун т., Сурхондарё в.-Музработ т., Сурхондарё в.-Узун т., Сурхондарё в.-Шеробод т., Сурхондарё в.-Шўрчи т., Тошкент в.-Бекобод т., Тошкент в.-Бўка т., Тошкент в.-Пискент т., Фарғона в.-Фурқат т., Хоразм в.-Қўшкўпир т., Хоразм в.-Хива т., Хоразм в.-Янгибозор т.)",Ўзбекистон Республикаси Президенти Фармони,2022-12-30 00:00:00,ПФ-287,2025-12-31 00:00:00
727,ЖШДС,"ПФ-34-сон. 1-банди. б-кичик банди. Мудофаа вазирлиги, Ички ишлар вазирлиги, Фавқулодда вазиятлар вазирлиги, Миллий гвардия, Давлат хавфсизлик хизмати, Ўзбекистон Республикаси Президенти давлат хавфсизлик хизмати, Божхона қўмитаси ва Электрон технологияларни ривожлантириш марказининг (кейинги ўринларда — масъул вазирлик ва идоралар) Ватан ҳимояси ва эл-юртимиз тинчлиги йўлида яраланганлиги, контузия ёки майиб бўлганлиги оқибатида ҳалок бўлган ҳарбий хизматчилари ва ходимларининг оила аъзолари ҳамда уларнинг қарамоғидаги шахсларга (кейинги ўринларда — ҳалок бўлган ҳарбий хизматчилар (ходимлар) қуйидаги имтиёз ва кафолатлар берилсин:_x000D_
2023 йил 1 майдан бошлаб: оила аъзолари (ота-онаси, турмуш ўртоғи, 23 ёшга тўлмаган фарзандлари) даромадлар қайси ойда олинган бўлса, ўша ойда ҳар бир ой учун меҳнатга ҳақ тўлаш энг кам миқдорининг 3 баравари миқдоридаги даромадлар бўйича жисмоний шахслардан олинадиган даромад солиғидан озод этилсин;",Ўзбекистон Республикаси Президенти Фармони,2023-03-13 00:00:00,ПФ-34,2026-04-30 00:00:00
728,Қўшилган қиймат солиғи,"ПФ-3751  11.05.2006 й. 8-банди. Жамғарма солиқлар, йиғимлар, божларнинг барча турларидан ҳамда давлатнинг мақсадли жамғармаларига мажбурий ажратмаларидан озод қилинсин, ягона ижтимоий тўлов бундан мустасно.",Ўзбекистон Республикаси Президенти Фармони,2006-05-11 00:00:00,ПФ-3751,2024-12-31 00:00:00
729,Фойда солиғи,"ПФ-3751  11.05.2006 й. 8-банди. Жамғарма солиқлар, йиғимлар, божларнинг барча турларидан ҳамда давлатнинг мақсадли жамғармаларига мажбурий ажратмаларидан озод қилинсин, ягона ижтимоий тўлов бундан мустасно.",Ўзбекистон Республикаси Президенти Фармони,2006-05-11 00:00:00,ПФ-3751,2024-12-31 00:00:00
730,Сув ресурсларидан фойдаланганлик учун солиқ,"ПФ-3751  11.05.2006 й. 8-банди. Жамғарма солиқлар, йиғимлар, божларнинг барча турларидан ҳамда давлатнинг мақсадли жамғармаларига мажбурий ажратмаларидан озод қилинсин, ягона ижтимоий тўлов бундан мустасно.",Ўзбекистон Республикаси Президенти Фармони,2006-05-11 00:00:00,ПФ-3751,2024-12-31 00:00:00
731,Мол-мулк солиғи,"ПФ-3751  11.05.2006 й. 8-банди. Жамғарма солиқлар, йиғимлар, божларнинг барча турларидан ҳамда давлатнинг мақсадли жамғармаларига мажбурий ажратмаларидан озод қилинсин, ягона ижтимоий тўлов бундан мустасно.",Ўзбекистон Республикаси Президенти Фармони,2006-05-11 00:00:00,ПФ-3751,2024-12-31 00:00:00
732,Ер солиғи,"ПФ-3751  11.05.2006 й. 8-банди. Жамғарма солиқлар, йиғимлар, божларнинг барча турларидан ҳамда давлатнинг мақсадли жамғармаларига мажбурий ажратмаларидан озод қилинсин, ягона ижтимоий тўлов бундан мустасно.",Ўзбекистон Республикаси Президенти Фармони,2006-05-11 00:00:00,ПФ-3751,2024-12-31 00:00:00
733,Айланмадан олинадиган солиқ,"ПФ-3751  11.05.2006 й. 8-банди. Жамғарма солиқлар, йиғимлар, божларнинг барча турларидан ҳамда давлатнинг мақсадли жамғармаларига мажбурий ажратмаларидан озод қилинсин, ягона ижтимоий тўлов бундан мустасно.",Ўзбекистон Республикаси Президенти Фармони,2006-05-11 00:00:00,ПФ-3751,2024-03-31 00:00:00
734,Фойда солиғи,"ПФ-4861 02.12.2016 й. 12-банди 1-хатбоши. юридик шахслар белгиланган тартибда сертификатланган камида 4 юлдузли даражадаги меҳмонхона ва мотелларни фойдаланишга топширганда улар юридик шахсларнинг фойда солиғи, ер солиғи ва мол-мулк солиғидан, шунингдек ягона солиқ тўловидан 5 йил муддатга озод қилинсин.",Ўзбекистон Республикаси Президенти Фармони,2016-12-02 00:00:00,ПФ-4861,2025-12-31 00:00:00
735,Мол-мулк солиғи,"ПФ-4861 02.12.2016 й. 12-банди 1-хатбоши. юридик шахслар белгиланган тартибда сертификатланган камида 4 юлдузли даражадаги меҳмонхона ва мотелларни фойдаланишга топширганда улар юридик шахсларнинг фойда солиғи, ер солиғи ва мол-мулк солиғидан, шунингдек ягона солиқ тўловидан 5 йил муддатга озод қилинсин.",Ўзбекистон Республикаси Президенти Фармони,2016-12-02 00:00:00,ПФ-4861,2025-12-31 00:00:00
736,Ер солиғи,"ПФ-4861 02.12.2016 й. 12-банди 1-хатбоши. юридик шахслар белгиланган тартибда сертификатланган камида 4 юлдузли даражадаги меҳмонхона ва мотелларни фойдаланишга топширганда улар юридик шахсларнинг фойда солиғи, ер солиғи ва мол-мулк солиғидан, шунингдек ягона солиқ тўловидан 5 йил муддатга озод қилинсин.",Ўзбекистон Республикаси Президенти Фармони,2016-12-01 00:00:00,ПФ-4861,2025-12-31 00:00:00
737,Айланмадан олинадиган солиқ,"ПФ-4861 02.12.2016 й. 12-банди 1-хатбоши. юридик шахслар белгиланган тартибда сертификатланган камида 4 юлдузли даражадаги меҳмонхона ва мотелларни фойдаланишга топширганда улар юридик шахсларнинг фойда солиғи, ер солиғи ва мол-мулк солиғидан, шунингдек ягона солиқ тўловидан 5 йил муддатга озод қилинсин.",Ўзбекистон Республикаси Президенти Фармони,2016-12-02 00:00:00,ПФ-4861,2025-12-31 00:00:00
738,Қўшилган қиймат солиғи,"ПФ-4931 12.01.2017 й. 8-банди. “Ургут” ЭИЗ, “Ғиждувон” ЭИЗ, “Қўқон” ЭИЗ ва “Ҳазорасп” ЭИЗ дирекциялари эркин иқтисодий зоналарнинг бутун фаолият кўрсатиш даврида солиқлар ва давлат мақсадли жамғармаларига мажбурий ажратмалар тўлашдан озод қилинсин. ",Ўзбекистон Республикаси Президенти Фармони,2017-01-12 00:00:00,ПФ-4931,2024-12-31 00:00:00
739,Фойда солиғи,"ПФ-4931 12.01.2017 й. 8-банди. “Ургут” ЭИЗ, “Ғиждувон” ЭИЗ, “Қўқон” ЭИЗ ва “Ҳазорасп” ЭИЗ дирекциялари эркин иқтисодий зоналарнинг бутун фаолият кўрсатиш даврида солиқлар ва давлат мақсадли жамғармаларига мажбурий ажратмалар тўлашдан озод қилинсин. ",Ўзбекистон Республикаси Президенти Фармони,2017-01-12 00:00:00,ПФ-4931,2024-12-31 00:00:00
740,Мол-мулк солиғи,"ПФ-4931 12.01.2017 й. 8-банди. “Ургут” ЭИЗ, “Ғиждувон” ЭИЗ, “Қўқон” ЭИЗ ва “Ҳазорасп” ЭИЗ дирекциялари эркин иқтисодий зоналарнинг бутун фаолият кўрсатиш даврида солиқлар ва давлат мақсадли жамғармаларига мажбурий ажратмалар тўлашдан озод қилинсин. ",Ўзбекистон Республикаси Президенти Фармони,2017-01-12 00:00:00,ПФ-4931,2024-12-31 00:00:00
741,Ер солиғи,"ПФ-4931 12.01.2017 й. 8-банди. “Ургут” ЭИЗ, “Ғиждувон” ЭИЗ, “Қўқон” ЭИЗ ва “Ҳазорасп” ЭИЗ дирекциялари эркин иқтисодий зоналарнинг бутун фаолият кўрсатиш даврида солиқлар ва давлат мақсадли жамғармаларига мажбурий ажратмалар тўлашдан озод қилинсин. ",Ўзбекистон Республикаси Президенти Фармони,2017-01-11 00:00:00,ПФ-4931,2024-12-31 00:00:00
742,Айланмадан олинадиган солиқ,"ПФ-4931 12.01.2017 й. 8-банди. “Ургут” ЭИЗ, “Ғиждувон” ЭИЗ, “Қўқон” ЭИЗ ва “Ҳазорасп” ЭИЗ дирекциялари эркин иқтисодий зоналарнинг бутун фаолият кўрсатиш даврида солиқлар ва давлат мақсадли жамғармаларига мажбурий ажратмалар тўлашдан озод қилинсин. ",Ўзбекистон Республикаси Президенти Фармони,2017-01-12 00:00:00,ПФ-4931,2024-12-31 00:00:00
743,Қўшилган қиймат солиғи,"ПФ-5032 03.05.2017 й 10-банд ""Нукус-фарм"" ЭИЗ, ""Зомин-фарм"" ЭИЗ, ""Косонсой-фарм"" ЭИЗ, ""Сирдарё-фарм"" ЭИЗ, ""Бойсун-фарм"" ЭИЗ, ""Бўстонлиқ-фарм"" ЭИЗ ва ""Паркент-фарм"" ЭИЗ дирекциялари эркин иқтисодий зоналарнинг бутун фаолият кўрсатиши даврида солиқлар ва давлат мақсадли жамғармаларига мажбурий ажратмалар тўлашдан озод қилинсин. ",Ўзбекистон Республикаси Президенти Фармони,2017-05-03 00:00:00,ПФ-5032,2029-12-31 00:00:00
744,Фойда солиғи,"ПФ-5032 03.05.2017 й 10-банд ""Нукус-фарм"" ЭИЗ, ""Зомин-фарм"" ЭИЗ, ""Косонсой-фарм"" ЭИЗ, ""Сирдарё-фарм"" ЭИЗ, ""Бойсун-фарм"" ЭИЗ, ""Бўстонлиқ-фарм"" ЭИЗ ва ""Паркент-фарм"" ЭИЗ дирекциялари эркин иқтисодий зоналарнинг бутун фаолият кўрсатиши даврида солиқлар ва давлат мақсадли жамғармаларига мажбурий ажратмалар тўлашдан озод қилинсин. ",Ўзбекистон Республикаси Президенти Фармони,2017-05-03 00:00:00,ПФ-5032,2029-12-31 00:00:00
745,Сув ресурсларидан фойдаланганлик учун солиқ,"ПФ-5032 03.05.2017 й 10-банд ""Нукус-фарм"" ЭИЗ, ""Зомин-фарм"" ЭИЗ, ""Косонсой-фарм"" ЭИЗ, ""Сирдарё-фарм"" ЭИЗ, ""Бойсун-фарм"" ЭИЗ, ""Бўстонлиқ-фарм"" ЭИЗ ва ""Паркент-фарм"" ЭИЗ дирекциялари эркин иқтисодий зоналарнинг бутун фаолият кўрсатиши даврида солиқлар ва давлат мақсадли жамғармаларига мажбурий ажратмалар тўлашдан озод қилинсин. ",Ўзбекистон Республикаси Президенти Фармони,2017-05-03 00:00:00,ПФ-5032,2029-12-31 00:00:00
746,Мол-мулк солиғи,"ПФ-5032 03.05.2017 й 10-банд ""Нукус-фарм"" ЭИЗ, ""Зомин-фарм"" ЭИЗ, ""Косонсой-фарм"" ЭИЗ, ""Сирдарё-фарм"" ЭИЗ, ""Бойсун-фарм"" ЭИЗ, ""Бўстонлиқ-фарм"" ЭИЗ ва ""Паркент-фарм"" ЭИЗ дирекциялари эркин иқтисодий зоналарнинг бутун фаолият кўрсатиши даврида солиқлар ва давлат мақсадли жамғармаларига мажбурий ажратмалар тўлашдан озод қилинсин. ",Ўзбекистон Республикаси Президенти Фармони,2017-05-03 00:00:00,ПФ-5032,2029-12-31 00:00:00
747,Ер солиғи,"ПФ-5032 03.05.2017 й 10-банд ""Нукус-фарм"" ЭИЗ, ""Зомин-фарм"" ЭИЗ, ""Косонсой-фарм"" ЭИЗ, ""Сирдарё-фарм"" ЭИЗ, ""Бойсун-фарм"" ЭИЗ, ""Бўстонлиқ-фарм"" ЭИЗ ва ""Паркент-фарм"" ЭИЗ дирекциялари эркин иқтисодий зоналарнинг бутун фаолият кўрсатиши даврида солиқлар ва давлат мақсадли жамғармаларига мажбурий ажратмалар тўлашдан озод қилинсин. ",Ўзбекистон Республикаси Президенти Фармони,2017-05-02 00:00:00,ПФ-5032,2029-12-31 00:00:00
748,Фойда солиғи,"ПФ-5068 05.06.2017 й 10-банд 2-хатбоши ""Яшнабод инновацион технопарк"" дирекцияси ва иштирокчилари фаолият кўрсатиш ҳамда инновацион лойиҳаларни амалга ошириш доирасида ер солиғидан, фойда солиғидан, мол-мулк солиғидан, ободонлаштириш ва ижтимоий инфратузилмани ривожлантириш солиғидан, ягона солиқ тўловидан ҳамда Республика йўл жамғармасига ва Умумтаълим мактаблари, касб-ҳунар коллежлари, академик лицейлар ва тиббиёт муассасаларини реконструкция қилиш, мукаммал таъмирлаш ва жиҳозлаш жамғармасига мажбурий ажратмалардан озод этилсин.    ",Ўзбекистон Республикаси Президенти Фармони,2017-06-05 00:00:00,ПФ-5068,2024-12-31 00:00:00
749,Мол-мулк солиғи,"ПФ-5068 05.06.2017 й 10-банд 2-хатбоши ""Яшнабод инновацион технопарк"" дирекцияси ва иштирокчилари фаолият кўрсатиш ҳамда инновацион лойиҳаларни амалга ошириш доирасида ер солиғидан, фойда солиғидан, мол-мулк солиғидан, ободонлаштириш ва ижтимоий инфратузилмани ривожлантириш солиғидан, ягона солиқ тўловидан ҳамда Республика йўл жамғармасига ва Умумтаълим мактаблари, касб-ҳунар коллежлари, академик лицейлар ва тиббиёт муассасаларини реконструкция қилиш, мукаммал таъмирлаш ва жиҳозлаш жамғармасига мажбурий ажратмалардан озод этилсин.     ",Ўзбекистон Республикаси Президенти Фармони,2017-06-05 00:00:00,ПФ-5068,2024-12-31 00:00:00
750,Ер солиғи,"ПФ-5068 05.06.2017 й 10-банд 2-хатбоши ""Яшнабод инновацион технопарк"" дирекцияси ва иштирокчилари фаолият кўрсатиш ҳамда инновацион лойиҳаларни амалга ошириш доирасида ер солиғидан, фойда солиғидан, мол-мулк солиғидан, ободонлаштириш ва ижтимоий инфратузилмани ин.    ",Ўзбекистон Республикаси Президенти Фармони,2017-06-04 00:00:00,ПФ-5068,2024-12-31 00:00:00
751,Айланмадан олинадиган солиқ,"ПФ-5068 05.06.2017 й 10-банд 2-хатбоши ""Яшнабод инновацион технопарк"" дирекцияси ва иштирокчилари фаолият кўрсатиш ҳамда инновацион лойиҳаларни амалга ошириш доирасида ер солиғидан, фойда солиғидан, мол-мулк солиғидан, ободонлаштириш ва ижтимоий инфратузилмани ривожлантириш солиғидан, ягона солиқ тўловидан ҳамда Республика йўл жамғармасига ва Умумтаълим мактаблари, касб-ҳунар коллежлари, академик лицейлар ва тиббиёт муассасаларини реконструкция қилиш, мукаммал таъмирлаш ва жиҳозлаш жамғармасига мажбурий ажратмалардан озод этилсин.     ",Ўзбекистон Республикаси Президенти Фармони,2017-06-05 00:00:00,ПФ-5068,2024-12-31 00:00:00
752,Қўшилган қиймат солиғи,"ПФ-5095 27.06.2017 й 5-банд  муврфиқ, жамғармаларнинг барча турдаги солиқлар ва давлат мақсадли жамғармаларига мажбурий ажратмалар тўлашдан озод этилганлиги инобатга олинсин. ",Ўзбекистон Республикаси Президенти Фармони,2017-06-27 00:00:00,ПФ-5095,2024-12-31 00:00:00
753,Фойда солиғи,"ПФ-5095 27.06.2017 й 5-банд  муврфиқ, жамғармаларнинг барча турдаги солиқлар ва давлат мақсадли жамғармаларига мажбурий ажратмалар тўлашдан озод этилганлиги инобатга олинсин. ",Ўзбекистон Республикаси Президенти Фармони,2017-06-27 00:00:00,ПФ-5095,2024-12-31 00:00:00
754,Сув ресурсларидан фойдаланганлик учун солиқ,"ПФ-5095 27.06.2017 й 5-банд  муврфиқ, жамғармаларнинг барча турдаги солиқлар ва давлат мақсадли жамғармаларига мажбурий ажратмалар тўлашдан озод этилганлиги инобатга олинсин. ",Ўзбекистон Республикаси Президенти Фармони,2017-06-27 00:00:00,ПФ-5095,2024-12-31 00:00:00
755,Мол-мулк солиғи,"ПФ-5095 27.06.2017 й 5-банд  муврфиқ, Жамғарма, тўлов манбаидаги юридик шахслардан олинадиган фойда солиғидан ташқари барча солиқлардан озод қилинсин.  (2019 йил 26 сентябрдаги ПФ-5837-сонли Фармони 2019 йил 1 октябрдан кучга киради)",Ўзбекистон Республикаси Президенти Фармони,2017-06-27 00:00:00,ПФ-5095,2024-12-31 00:00:00
756,Ер солиғи,"ПФ-5095 27.06.2017 й 5-банд  муврфиқ, жамғармаларнинг барча турдаги солиқлар ва давлат мақсадли жамғармаларига мажбурий ажратмалар тўлашдан озод этилганлиги инобатга олинсин. ",Ўзбекистон Республикаси Президенти Фармони,2017-06-27 00:00:00,ПФ-5095,2024-12-31 00:00:00
757,Айланмадан олинадиган солиқ,"ПФ-5095 27.06.2017 й 5-банд  муврфиқ, жамғармаларнинг барча турдаги солиқлар ва давлат мақсадли жамғармаларига мажбурий ажратмалар тўлашдан озод этилганлиги инобатга олинсин. ",Ўзбекистон Республикаси Президенти Фармони,2017-06-27 00:00:00,ПФ-5095,2024-12-31 00:00:00
758,Қўшилган қиймат солиғи,"ПФ-5099 30.06.2017 й 5-банд 2-хатбоши Инновация маркази 2028 йил 1 январгача барча турдаги солиқлар ва давлат мақсадли жамғармаларига мажбурий ажратмалар, шунингдек, ягона ижтимоий тўловни тўлашдан озод этилган. ",Ўзбекистон Республикаси Президенти Фармони,2017-06-30 00:00:00,ПФ-5099,2027-12-31 00:00:00
759,Фойда солиғи,"ПФ-5099 30.06.2017 й 5-банд 2-хатбоши Инновация маркази 2028 йил 1 январгача барча турдаги солиқлар ва давлат мақсадли жамғармаларига мажбурий ажратмалар, шунингдек, ягона ижтимоий тўловни тўлашдан озод этилган. ",Ўзбекистон Республикаси Президенти Фармони,2017-06-30 00:00:00,ПФ-5099,2027-12-31 00:00:00
760,ЖШДС,"""ПФ-5099 30.06.2017 й. 8-банди. Технопарк резидентлари билан тузилган меҳнат шартномалари бўйича ходимлар томонидан 2028 йил 1 январгача олинган меҳнатга ҳақ тўлаш тарзидаги даромадлар:7,5 фоиз миқдордаги қатъий белгиланган ставка бўйича жисмоний шахслардан олинадиган даромад солиғига тортилиши;солиқ солиш мақсадида белгиланадиган жисмоний шахсларнинг умумий йиллик даромадлари ҳажмига киритилмаслиги белгилаб қўйилсин.""",Ўзбекистон Республикаси Президенти Фармони,2017-06-30 00:00:00,ПФ-5099,2027-12-31 00:00:00
761,Сув ресурсларидан фойдаланганлик учун солиқ,"ПФ-5099 30.06.2017 й 5-банд 2-хатбоши Инновация маркази 2028 йил 1 январгача барча турдаги солиқлар ва давлат мақсадли жамғармаларига мажбурий ажратмалар, шунингдек, ягона ижтимоий тўловни тўлашдан озод этилган. ",Ўзбекистон Республикаси Президенти Фармони,2017-06-30 00:00:00,ПФ-5099,2027-12-31 00:00:00
762,Мол-мулк солиғи,"ПФ-5099 30.06.2017 й 5-банд 2-хатбоши Инновация маркази 2028 йил 1 январгача барча турдаги солиқлар ва давлат мақсадли жамғармаларига мажбурий ажратмалар, шунингдек, ягона ижтимоий тўловни тўлашдан озод этилган. ",Ўзбекистон Республикаси Президенти Фармони,2017-06-30 00:00:00,ПФ-5099,2027-12-31 00:00:00
763,Ер солиғи,"ПФ-5099 30.06.2017 й 5-банд 2-хатбоши Инновация маркази 2028 йил 1 январгача барча турдаги солиқлар ва давлат мақсадли жамғармаларига мажбурий ажратмалар, шунингдек, ягона ижтимоий тўловни тўлашдан озод этилган. ",Ўзбекистон Республикаси Президенти Фармони,2017-06-30 00:00:00,ПФ-5099,2027-12-31 00:00:00
764,Ижтимоий солиқ,"ПФ-5099 30.06.2017 й 5-банд 2-хатбоши Инновация маркази 2028 йил 1 январгача барча турдаги солиқлар ва давлат мақсадли жамғармаларига мажбурий ажратмалар, шунингдек, ягона ижтимоий тўловни тўлашдан озод этилган. ",Ўзбекистон Республикаси Президенти Фармони,2017-06-30 00:00:00,ПФ-5099,2027-12-31 00:00:00
765,Айланмадан олинадиган солиқ,"ПФ-5099 30.06.2017 й 5-банд 2-хатбоши Инновация маркази 2028 йил 1 январгача барча турдаги солиқлар ва давлат мақсадли жамғармаларига мажбурий ажратмалар, шунингдек, ягона ижтимоий тўловни тўлашдан озод этилган.",Ўзбекистон Республикаси Президенти Фармони,2017-06-30 00:00:00,ПФ-5099,2027-12-31 00:00:00
766,ЖШДС,"""ПФ-5292 29.12.2017 й. 1-банд, 3-хатбоши, Белгилаб қўйилсинки:академикларга ва мухбир аъзоларга тўланадиган ойлик гонорарлар жисмоний шахсларнинг даромадларига солинадиган даромад солиғисиз амалга оширилади.""",Ўзбекистон Республикаси Президенти Фармони,2017-12-29 00:00:00,ПФ-5292,2024-12-31 00:00:00
767,Фойда солиғи,"ПФ-5326 03.02.2018 й 8-банд а) асосий фаолият тури тематик хиёбонлар хизматларини ташкил қилиш бўлган юридик шахсларни улар томонидан тематик хиёбонлар 2022 йил 1 июлдан кечиктирмай фойдаланишга топширилганда фойдаланишга топширилган санадан эътиборан 3 йил муддатга - юридик шахслардан олинадиган фойда солиғи, ер солиғи ва мол-мулк солиғи, шунингдек, айланмадан олинадиган солиқни тўлашдан озод этилсин. (ПФ-101-сон 08.04.2022й.)",Ўзбекистон Республикаси Президенти Фармони,2018-02-03 00:00:00,ПФ-5326,2025-06-30 00:00:00
768,Мол-мулк солиғи,"ПФ-5326 03.02.2018 й 8-банд а) асосий фаолият тури тематик хиёбонлар хизматларини ташкил қилиш бўлган юридик шахсларни улар томонидан тематик хиёбонлар 2022 йил 1 июлдан кечиктирмай фойдаланишга топширилганда фойдаланишга топширилган санадан эътиборан 3 йил муддатга - юридик шахслардан олинадиган фойда солиғи, ер солиғи ва мол-мулк солиғи, шунингдек, айланмадан олинадиган солиқни тўлашдан озод этилсин. (ПФ-101-сон 08.04.2022й.)",Ўзбекистон Республикаси Президенти Фармони,2018-02-03 00:00:00,ПФ-5326,2025-06-30 00:00:00
769,Ер солиғи,"ПФ-5326 03.02.2018 й 8-банд а) асосий фаолият тури тематик хиёбонлар хизматларини ташкил қилиш бўлган юридик шахсларни улар томонидан тематик хиёбонлар 2022 йил 1 июлдан кечиктирмай фойдаланишга топширилганда фойдаланишга топширилган санадан эътиборан 3 йил муддатга — юридик шахслардан олинадиган фойда солиғи, ер солиғи ва мол-мулк солиғи, шунингдек, айланмадан олинадиган солиқни тўлашдан озод этилсин. (ПФ-101-сон 08.04.2022й.)",Ўзбекистон Республикаси Президенти Фармони,2018-02-02 00:00:00,ПФ-5326,2025-06-30 00:00:00
770,Айланмадан олинадиган солиқ,"ПФ-5326 03.02.2018 й 8-банд а) асосий фаолият тури тематик хиёбонлар хизматларини ташкил қилиш бўлган юридик шахсларни улар томонидан тематик хиёбонлар 2022 йил 1 июлдан кечиктирмай фойдаланишга топширилганда фойдаланишга топширилган санадан эътиборан 3 йил муддатга - юридик шахслардан олинадиган фойда солиғи, ер солиғи ва мол-мулк солиғи, шунингдек, айланмадан олинадиган солиқни тўлашдан озод этилсин. (ПФ-101-сон 08.04.2022й.)",Ўзбекистон Республикаси Президенти Фармони,2018-02-03 00:00:00,ПФ-5326,2025-06-30 00:00:00
771,Қўшилган қиймат солиғи,"ПФ-5722 20.05.2019 й. 2-банд, 2-хатбоши. Белгилаб қўйилсинки, Ўзбекистон-Амирликлар инвестиция компанияси, шунингдек унинг таъсисчилари даромад солиғи, шу жумладан дивиденд ва фоизлар кўринишидаги даромадлар, мол-мулк солиғи ва ер солиғидан, шунингдек, унинг мол-мулки ва активларини реализация қилишда қўшилган қиймат солиғидан истисно тариқасида 10 йил муддатга озод қилинади.",Ўзбекистон Республикаси Президенти Фармони,2019-05-20 00:00:00,ПФ-5722,2028-12-31 00:00:00
772,Фойда солиғи,"ПФ-5722 20.05.2019 й. 2-банд, 2-хатбоши. Белгилаб қўйилсинки, Ўзбекистон-Амирликлар инвестиция компанияси, шунингдек унинг таъсисчилари даромад солиғи, шу жумладан дивиденд ва фоизлар кўринишидаги даромадлар, мол-мулк солиғи ва ер солиғидан, шунингдек, унинг мол-мулки ва активларини реализация қилишда қўшилган қиймат солиғидан истисно тариқасида 10 йил муддатга озод қилинади.",Ўзбекистон Республикаси Президенти Фармони,2019-05-20 00:00:00,ПФ-5722,2028-12-31 00:00:00
773,Мол-мулк солиғи,"ПФ-5722 20.05.2019 й. 2-банд, 2-хатбоши. Белгилаб қўйилсинки, Ўзбекистон-Амирликлар инвестиция компанияси, шунингдек унинг таъсисчилари даромад солиғи, шу жумладан дивиденд ва фоизлар кўринишидаги даромадлар, мол-мулк солиғи ва ер солиғидан, шунингдек, унинг мол-мулки ва активларини реализация қилишда қўшилган қиймат солиғидан истисно тариқасида 10 йил муддатга озод қилинади.",Ўзбекистон Республикаси Президенти Фармони,2019-05-20 00:00:00,ПФ-5722,2028-12-31 00:00:00
774,Ер солиғи,"ПФ-5722 20.05.2019 й. 2-банд, 2-хатбоши. Белгилаб қўйилсинки, Ўзбекистон-Амирликлар инвестиция компанияси, шунингдек унинг таъсисчилари даромад солиғи, шу жумладан дивиденд ва фоизлар кўринишидаги даромадлар, мол-мулк солиғи ва ер солиғидан, шунингдек, унинг мол-мулки ва активларини реализация қилишда қўшилган қиймат солиғидан истисно тариқасида 10 йил муддатга озод қилинади.",Ўзбекистон Республикаси Президенти Фармони,2019-05-20 00:00:00,ПФ-5722,2028-12-31 00:00:00
775,Фойда солиғи,ПФ-6167 11.02.2021 й 3-1-банди 2-хатбошисига «UzAssets» АЖ инвестиция компанияси устав капиталига бериш орқали сотилган давлат акция пакетлари (улушлари)ни сотишдан тушган маблағлар бўйича «UzAssets» АЖ фойда солиғи ҳамда тўлов манбаидан ушлаб қолинадиган дивидендлардан олинадиган солиқ суммасини тўлашдан озод этилади.,Ўзбекистон Республикаси Президенти Фармони,2021-02-11 00:00:00,ПФ-6167,2024-12-31 00:00:00
776,Ер солиғи,"ПФ-6202 07.04.2021. 10-банд, б-кичикбанди, 3-хатбоши. Белгилансинки, кинокомпаниялар замонавий инфратузилмага эга фильм тасвирга олиш объектларини (павильонларни) барпо этиш бўйича инвестиция киритиш мажбуриятини олган тақдирда уларга нисбатан павильон жойлашган майдон бўйича ер солиғи 3 йил давомида 50 фоизлик ставкада ўрнатилади.",Ўзбекистон Республикаси Президенти Фармони,2021-04-01 00:00:00,ПФ-6202,2024-04-01 00:00:00
777,Акциз солиғи,ПФ-6319 06.10.2021 й. 5-б.  2021 йил 1 октябрдан бошлаб: табиий газни экспортга реализация қилишда акциз солиғи ставкаси ноль фоиз миқдорида белгиланади;,Ўзбекистон Республикаси Президенти Фармони,2021-10-06 00:00:00,ПФ-6319,2024-09-30 00:00:00
778,Ер солиғи,"ПФ-6319 06.10.2021 й. 3-б. а-хатбоши 2022 йил 1 январдан бошлаб:_x000D_
а) геология-қидирув ва (ёки) изланиш ишлари ўтказиш учун ажратилган ер участкалари юридик шахслардан олинадиган ер солиғи солиш объекти ҳисобланмайди;",Ўзбекистон Республикаси Президенти Фармони,2021-10-06 00:00:00,ПФ-6319,2024-12-31 00:00:00
779,Айланмадан олинадиган солиқ,"ПФ-91 12.06.2023 й. 2-банди. Белгилансинки, 2023 йил 1 июндан 2025 йил 1 январга қадар «Халқ амалий санъати усталарининг миллий каталоги» (Миллий каталог) ва «Туризм соҳасида фаолият юритаётган ҳунармандлар реестри»га (Реестр) киритилган ҳунармандлар учун:_x000D_
календарь йил давомида ҳунармандчилик маҳсулотларини (ишлар, хизматлар) реализация қилишдан тушган тушумнинг 100 миллион сўмдан ошган, бироқ 1 миллиард сўмдан кўп бўлмаган миқдори бўйича айланмадан олинадиган солиқ ставкаси 50 фоизга камайтирилади;",Ўзбекистон Республикаси Президенти Фармони,2023-06-12 00:00:00,ПФ-91,2025-01-01 00:00:00
780,Мол-мулк солиғи,"ПФ-93 12.06.2023 й. 7-банди а-кичикбанди тадбиркорлик субъектлари томонидан «Ижтимоий ҳимоя ягона реестри»га киритилган фуқаролар ишга қабул қилинганда, 2025 йил 1 январга қадар:_x000D_
тадбиркорлик субъектлари ушбу фуқароларга камида бир йил давомида ҳар ой меҳнатга ҳақ тўлашнинг энг кам миқдорининг бир баравари миқдоридан кам бўлмаган иш ҳақи тўлаб, бандлигини таъминлаган ва улар жами ишчилар сонининг камида 20 фоизини ташкил этганда, мол-мулк солиғи ва ер солиғидан имтиёз берилади (200 тадан ортиқ янги иш ўрни яратадиган тадбиркорлик субъектлари учун 100 фоиз)",Ўзбекистон Республикаси Президенти Фармони,2023-06-12 00:00:00,ПФ-93,2025-01-01 00:00:00
781,Мол-мулк солиғи,"ПФ-93 12.06.2023 й. 7-банди а-кичикбанди тадбиркорлик субъектлари томонидан «Ижтимоий ҳимоя ягона реестри»га киритилган фуқаролар ишга қабул қилинганда, 2025 йил 1 январга қадар:_x000D_
тадбиркорлик субъектлари ушбу фуқароларга камида бир йил давомида ҳар ой меҳнатга ҳақ тўлашнинг энг кам миқдорининг бир баравари миқдоридан кам бўлмаган иш ҳақи тўлаб, бандлигини таъминлаган ва улар жами ишчилар сонининг камида 20 фоизини ташкил этганда, мол-мулк солиғи ва ер солиғидан имтиёз берилади (51 тадан 100 тагача янги иш ўрни яратадиган тадбиркорлик субъектлари учун - 50 фоиз) ",Ўзбекистон Республикаси Президенти Фармони,2023-06-12 00:00:00,ПФ-93,2025-01-01 00:00:00
782,Мол-мулк солиғи,"ПФ-93 12.06.2023 й. 7-банди а-кичикбанди тадбиркорлик субъектлари томонидан «Ижтимоий ҳимоя ягона реестри»га киритилган фуқаролар ишга қабул қилинганда, 2025 йил 1 январга қадар:_x000D_
тадбиркорлик субъектлари ушбу фуқароларга камида бир йил давомида ҳар ой меҳнатга ҳақ тўлашнинг энг кам миқдорининг бир баравари миқдоридан кам бўлмаган иш ҳақи тўлаб, бандлигини таъминлаган ва улар жами ишчилар сонининг камида 20 фоизини ташкил этганда, мол-мулк солиғи ва ер солиғидан имтиёз берилади (101 тадан — 200 тагача янги иш ўрни 75 фоиз)",Ўзбекистон Республикаси Президенти Фармони,2023-06-12 00:00:00,ПФ-93,2025-01-01 00:00:00
783,Ер солиғи,"ПФ-93 12.06.2023 й. 7-банди а-кичикбанди тадбиркорлик субъектлари томонидан «Ижтимоий ҳимоя ягона реестри»га киритилган фуқаролар ишга қабул қилинганда, 2025 йил 1 январга қадар:_x000D_
тадбиркорлик субъектлари ушбу фуқароларга камида бир йил давомида ҳар ой меҳнатга ҳақ тўлашнинг энг кам миқдорининг бир баравари миқдоридан кам бўлмаган иш ҳақи тўлаб, бандлигини таъминлаган ва улар жами ишчилар сонининг камида 20 фоизини ташкил этганда, мол-мулк солиғи ва ер солиғидан имтиёз берилади (200 тадан ортиқ янги иш ўрни яратадиган тадбиркорлик субъектлари учун 100 фоиз)",Ўзбекистон Республикаси Президенти Фармони,2023-06-12 00:00:00,ПФ-93,2025-01-01 00:00:00
784,Ер солиғи,"ПФ-93 12.06.2023 й. 7-банди а-кичикбанди тадбиркорлик субъектлари томонидан «Ижтимоий ҳимоя ягона реестри»га киритилган фуқаролар ишга қабул қилинганда, 2025 йил 1 январга қадар:_x000D_
тадбиркорлик субъектлари ушбу фуқароларга камида бир йил давомида ҳар ой меҳнатга ҳақ тўлашнинг энг кам миқдорининг бир баравари миқдоридан кам бўлмаган иш ҳақи тўлаб, бандлигини таъминлаган ва улар жами ишчилар сонининг камида 20 фоизини ташкил этганда, мол-мулк солиғи ва ер солиғидан имтиёз берилади (51 тадан 100 тагача янги иш ўрни яратадиган тадбиркорлик субъектлари учун - 50 фоиз) ",Ўзбекистон Республикаси Президенти Фармони,2023-06-12 00:00:00,ПФ-93,2025-01-01 00:00:00
785,Ер солиғи,"ПФ-93 12.06.2023 й. 7-банди а-кичикбанди тадбиркорлик субъектлари томонидан «Ижтимоий ҳимоя ягона реестри»га киритилган фуқаролар ишга қабул қилинганда, 2025 йил 1 январга қадар:_x000D_
тадбиркорлик субъектлари ушбу фуқароларга камида бир йил давомида ҳар ой меҳнатга ҳақ тўлашнинг энг кам миқдорининг бир баравари миқдоридан кам бўлмаган иш ҳақи тўлаб, бандлигини таъминлаган ва улар жами ишчилар сонининг камида 20 фоизини ташкил этганда, мол-мулк солиғи ва ер солиғидан имтиёз берилади (101 тадан — 200 тагача янги иш ўрни 75 фоиз)",Ўзбекистон Республикаси Президенти Фармони,2023-06-12 00:00:00,ПФ-93,2025-01-01 00:00:00
786,Ижтимоий солиқ,"ПФ-93 12.06.2023 й. 7-банди а-кичикбанди тадбиркорлик субъектлари томонидан «Ижтимоий ҳимоя ягона реестри»га киритилган фуқаролар ишга қабул қилинганда, 2025 йил 1 январга қадар:_x000D_
фуқаролар ишга қабул қилинганда ҳамда ҳар бир ой учун иш ҳақи миқдори меҳнатга ҳақ тўлашнинг энг кам миқдорининг бир баробаридан кам бўлмаган миқдорда ҳисобланганда, ойлик иш ҳақи бўйича тўланган жисмоний шахслардан олинадиган даромад солиғи республика бюджетидан иш берувчига (ҳар бир ишчи учун базавий ҳисоблаш миқдорининг икки баробаридан ошмаган миқдорда) қайтариб берилади ҳамда уларга ижтимоий солиқ ставкаси 50 фоизга камайтирилган ҳолда қўлланилади;",Ўзбекистон Республикаси Президенти Фармони,2023-06-12 00:00:00,ПФ-93,2025-01-01 00:00:00
787,Қўшилган қиймат солиғи,"ВМҚ-186  28.06.2013 й. 8-банди 3-хатбоши. Ушбу қарор доирасида имзоланаётган битимларнинг амал қилиш даврида, Ўзбекистон Республикаси Ташқи иқтисодий фаолият миллий банки, «Ўзбекистон хаво йўллари» МАК ва ИТБ самолётларнинг олди-сотдиси, лизинги ва сублизинги тўғрисидаги битимларни тузиш билан боғлиқ бўлган барча турдаги солиқларни тўлашдан озод қилинсин.",Вазирлар Маҳкамасининг қарори,2013-06-28 00:00:00,ВМҚ-186,2025-07-31 00:00:00
788,Фойда солиғи,"ВМҚ-186  28.06.2013 й. 8-банди 3-хатбоши. Ушбу қарор доирасида имзоланаётган битимларнинг амал қилиш даврида, Ўзбекистон Республикаси Ташқи иқтисодий фаолият миллий банки, «Ўзбекистон хаво йўллари» МАК ва ИТБ самолётларнинг олди-сотдиси, лизинги ва сублизинги тўғрисидаги битимларни тузиш билан боғлиқ бўлган барча турдаги солиқларни тўлашдан озод қилинсин.",Вазирлар Маҳкамасининг қарори,2013-06-28 00:00:00,ВМҚ-186,2025-07-31 00:00:00
789,Сув ресурсларидан фойдаланганлик учун солиқ,"ВМҚ-186  28.06.2013 й. 8-банди 3-хатбоши. Ушбу қарор доирасида имзоланаётган битимларнинг амал қилиш даврида, Ўзбекистон Республикаси Ташқи иқтисодий фаолият миллий банки, «Ўзбекистон хаво йўллари» МАК ва ИТБ самолётларнинг олди-сотдиси, лизинги ва сублизинги тўғрисидаги битимларни тузиш билан боғлиқ бўлган барча турдаги солиқларни тўлашдан озод қилинсин.",Вазирлар Маҳкамасининг қарори,2013-06-28 00:00:00,ВМҚ-186,2025-07-31 00:00:00
790,Мол-мулк солиғи,"ВМҚ-186  28.06.2013 й. 8-банди 3-хатбоши. Ушбу қарор доирасида имзоланаётган битимларнинг амал қилиш даврида, Ўзбекистон Республикаси Ташқи иқтисодий фаолият миллий банки, «Ўзбекистон хаво йўллари» МАК ва ИТБ самолётларнинг олди-сотдиси, лизинги ва сублизинги тўғрисидаги битимларни тузиш билан боғлиқ бўлган барча турдаги солиқларни тўлашдан озод қилинсин.",Вазирлар Маҳкамасининг қарори,2013-06-28 00:00:00,ВМҚ-186,2025-07-31 00:00:00
791,Ер солиғи,"ВМҚ-186  28.06.2013 й. 8-банди 3-хатбоши. Ушбу қарор доирасида имзоланаётган битимларнинг амал қилиш даврида, Ўзбекистон Республикаси Ташқи иқтисодий фаолият миллий банки, «Ўзбекистон хаво йўллари» МАК ва ИТБ самолётларнинг олди-сотдиси, лизинги ва сублизинги тўғрисидаги битимларни тузиш билан боғлиқ бўлган барча турдаги солиқларни тўлашдан озод қилинсин.",Вазирлар Маҳкамасининг қарори,2013-06-28 00:00:00,ВМҚ-186,2025-07-31 00:00:00
792,Фойда солиғи,"ВМҚ-196 09.06.2016 й. 10-банди 3-хатбоши. Лойиҳани амалга ошириш доирасида, иккиламчи бозордан «Боинг-767» самолётлари учун комплекс тренажёрини харид қилишда «Боинг» компанияси томонидан кредит меморандуми (чегирма) берилиши муносабати билан «Ўзбекистон ҳаво йўллари» МАК оладиган фойдадан фойда солиғи тўлашдан.",Вазирлар Маҳкамасининг қарори,2016-06-09 00:00:00,ВМҚ-196,2026-06-09 00:00:00
793,Қўшилган қиймат солиғи,"ВМҚ-279 30.09.2015 й. 11-банди 5-хатбоши. Истисно тариқасида, «Пойтахт қурилиш ва хизмат» ДУК Ўзбекистон Республикаси Тикланиш ва тараққиёт жамғармасининг жалб қилинган кредитини сўндириш даври мобайнида меҳмонхона фаолияти доирасида барча солиқлар ва бошқа мажбурий тўловларни тўлашдан (Пенсия жамғармасига мажбурий ажратмалар ва ягона ижтимоий тўловдан ташқари) озод қилинсин.",Вазирлар Маҳкамасининг қарори,2015-09-30 00:00:00,ВМҚ-279,2027-12-31 00:00:00
794,Фойда солиғи,"ВМҚ-279 30.09.2015 й. 11-банди 5-хатбоши. Истисно тариқасида, «Пойтахт қурилиш ва хизмат» ДУК Ўзбекистон Республикаси Тикланиш ва тараққиёт жамғармасининг жалб қилинган кредитини сўндириш даври мобайнида меҳмонхона фаолияти доирасида барча солиқлар ва бошқа мажбурий тўловларни тўлашдан (Пенсия жамғармасига мажбурий ажратмалар ва ягона ижтимоий тўловдан ташқари) озод қилинсин.",Вазирлар Маҳкамасининг қарори,2015-09-30 00:00:00,ВМҚ-279,2027-12-31 00:00:00
795,Фойда солиғи,"ВМҚ-279 30.09.2015 й. 11-банди 5-хатбоши. Истисно тариқасида, «Пойтахт қурилиш ва хизмат» ДУК Ўзбекистон Республикаси Тикланиш ва тараққиёт жамғармасининг жалб қилинган кредитини сўндириш даври мобайнида меҳмонхона фаолияти доирасида барча солиқлар ва бошқа мажбурий тўловларни тўлашдан (Пенсия жамғармасига мажбурий ажратмалар ва ягона ижтимоий тўловдан ташқари) озод қилинсин.",Вазирлар Маҳкамасининг қарори,2015-09-30 00:00:00,ВМҚ-279,2027-12-31 00:00:00
796,Сув ресурсларидан фойдаланганлик учун солиқ,"ВМҚ-279 30.09.2015 й. 11-банди 5-хатбоши. Истисно тариқасида, «Пойтахт қурилиш ва хизмат» ДУК Ўзбекистон Республикаси Тикланиш ва тараққиёт жамғармасининг жалб қилинган кредитини сўндириш даври мобайнида меҳмонхона фаолияти доирасида барча солиқлар ва бошқа мажбурий тўловларни тўлашдан (Пенсия жамғармасига мажбурий ажратмалар ва ягона ижтимоий тўловдан ташқари) озод қилинсин.",Вазирлар Маҳкамасининг қарори,2015-09-30 00:00:00,ВМҚ-279,2027-12-31 00:00:00
797,Мол-мулк солиғи,"ВМҚ-279 30.09.2015 й. 11-банди 5-хатбоши. Истисно тариқасида, «Пойтахт қурилиш ва хизмат» ДУК Ўзбекистон Республикаси Тикланиш ва тараққиёт жамғармасининг жалб қилинган кредитини сўндириш даври мобайнида меҳмонхона фаолияти доирасида барча солиқлар ва бошқа мажбурий тўловларни тўлашдан (Пенсия жамғармасига мажбурий ажратмалар ва ягона ижтимоий тўловдан ташқари) озод қилинсин.",Вазирлар Маҳкамасининг қарори,2015-09-30 00:00:00,ВМҚ-279,2027-12-31 00:00:00
798,Ер солиғи,"ВМҚ-279 30.09.2015 й. 11-банди 5-хатбоши. Истисно тариқасида, «Пойтахт қурилиш ва хизмат» ДУК Ўзбекистон Республикаси Тикланиш ва тараққиёт жамғармасининг жалб қилинган кредитини сўндириш даври мобайнида меҳмонхона фаолияти доирасида барча солиқлар ва бошқа мажбурий тўловларни тўлашдан (Пенсия жамғармасига мажбурий ажратмалар ва ягона ижтимоий тўловдан ташқари) озод қилинсин.",Вазирлар Маҳкамасининг қарори,2015-09-30 00:00:00,ВМҚ-279,2027-12-31 00:00:00
799,Айланмадан олинадиган солиқ,"ВМҚ-279 30.09.2015 й. 11-банди 5-хатбоши. Истисно тариқасида, «Пойтахт қурилиш ва хизмат» ДУК Ўзбекистон Республикаси Тикланиш ва тараққиёт жамғармасининг жалб қилинган кредитини сўндириш даври мобайнида меҳмонхона фаолияти доирасида барча солиқлар ва бошқа мажбурий тўловларни тўлашдан (Пенсия жамғармасига мажбурий ажратмалар ва ягона ижтимоий тўловдан ташқари) озод қилинсин.",Вазирлар Маҳкамасининг қарори,2015-09-30 00:00:00,ВМҚ-279,2027-03-31 00:00:00
800,Фойда солиғи,"ВМҚ-343 27.12.2011 й. 10-банди Чет эллик инвесторлар (АИ), АИ гуруҳи а'золари ва молиялаштирувчи томонлар даромад солиг'идан озод қилинади  (рус тилидаги матнига қаранг)",Вазирлар Маҳкамасининг қарори,2011-12-27 00:00:00,ВМҚ-343,2030-12-31 00:00:00
801,Фойда солиғи,ВМҚ-343 27.12.2011 й. 13-банди  Чет эллик шахслар бо'лган пудратчилар ва субпудратчилар фойда солиг'идан озод қилинади (рус тилидаги матнига қаранг),Вазирлар Маҳкамасининг қарори,2011-12-27 00:00:00,ВМҚ-343,2030-12-31 00:00:00
802,Сув ресурсларидан фойдаланганлик учун солиқ,"ВМҚ-343 27.12.2011 й. 7-банди “Ўзбекистон ГТЛ” МЧЖ ҚК бир ойгача бўлган муддатда бир қатор солиқлардан озод қилинган, бу муддатда бошланган санадан бошлаб 10 йил ўтади. (рус тилидаги матнига қаранг)",Вазирлар Маҳкамасининг қарори,2011-12-27 00:00:00,ВМҚ-343,2030-12-31 00:00:00
803,Мол-мулк солиғи,"ВМҚ-343 27.12.2011 й. 7-банди “Ўзбекистон ГТЛ” МЧЖ ҚК бир ойгача бўлган муддатда бир қатор солиқлардан озод қилинган, бу муддатда бошланган санадан бошлаб 10 йил ўтади. (рус тилидаги матнига қаранг)",Вазирлар Маҳкамасининг қарори,2011-12-27 00:00:00,ВМҚ-343,2030-12-31 00:00:00
804,Мол-мулк солиғи,ВМҚ-343 27.12.2011 й. 11-банди  АИ гуруҳи а'золари ва молиялаштирувчи томонлар мулк солиг'идан озод қилинади (рус тилидаги матнига қаранг),Вазирлар Маҳкамасининг қарори,2011-12-27 00:00:00,ВМҚ-343,2030-12-31 00:00:00
805,Мол-мулк солиғи,ВМҚ-343 27.12.2011 й. 14-банди  Чет эл юридик шахслари бо'лган ва О'зР ПУга эга бо'лган пудратчилар ва субпудратчилар мол-мулк солиг'идан озод қилинади. (рус тилидаги матнига қаранг),Вазирлар Маҳкамасининг қарори,2011-12-27 00:00:00,ВМҚ-343,2030-12-31 00:00:00
806,Ижтимоий солиқ,ВМҚ-343 27.12.2011 й. 14-банди  Чет эл юридик шахслари бо'лган ва О'зР ПУга эга бо'лган пудратчилар ва субпудратчилар ЙИТдан озод қилинади. (рус тилидаги матнига қаранг),Вазирлар Маҳкамасининг қарори,2011-12-27 00:00:00,ВМҚ-343,2030-12-31 00:00:00
807,Ижтимоий солиқ,ВМҚ-343 27.12.2011 й. 11-банди АИ гуруҳи а'золари ва молиялаштирувчи томонлар ЙИТдан озод қилинади (рус тилидаги матнига қаранг),Вазирлар Маҳкамасининг қарори,2011-12-27 00:00:00,ВМҚ-343,2030-12-31 00:00:00
808,Қўшилган қиймат солиғи,ВМҚ-347 30.12.2011 й. 17-банди  Кор-Узнинг озод қилиниши (рус тилидаги матнига қаранг),Вазирлар Маҳкамасининг қарори,2011-12-30 00:00:00,ВМҚ-347,2041-12-30 00:00:00
809,Қўшилган қиймат солиғи,ВМҚ-347 30.12.2011 й. 5-банди  Кор-Узнинг озод қилиниши (рус тилидаги матнига қаранг),Вазирлар Маҳкамасининг қарори,2011-12-30 00:00:00,ВМҚ-347,2041-12-30 00:00:00
810,Фойда солиғи,ВМҚ-347 30.12.2011 й. 5-банди  Кор-Узнинг озод қилиниши (рус тилидаги матнига қаранг),Вазирлар Маҳкамасининг қарори,2011-12-30 00:00:00,ВМҚ-347,2041-12-30 00:00:00
811,Фойда солиғи,ВМҚ-347 30.12.2011 й. 25-банди  Кор-Узнинг озод қилиниши (рус тилидаги матнига қаранг),Вазирлар Маҳкамасининг қарори,2011-12-30 00:00:00,ВМҚ-347,2041-12-30 00:00:00
812,Фойда солиғи,ВМҚ-347 30.12.2011 й. 4-банди  Кор-Узнинг озод қилиниши (рус тилидаги матнига қаранг),Вазирлар Маҳкамасининг қарори,2011-12-30 00:00:00,ВМҚ-347,2041-12-30 00:00:00
813,Сув ресурсларидан фойдаланганлик учун солиқ,VMQ-347 30.12.2011 y. 4-bandi  Kor-Uzning ozod qilinishi (rus tilidagi matniga qarang),Вазирлар Маҳкамасининг қарори,2011-12-30 00:00:00,ВМҚ-347,2041-12-30 00:00:00
814,Мол-мулк солиғи,ВМҚ-347 30.12.2011 й. 5-банди  Кор-Узнинг озод қилиниши (рус тилидаги матнига қаранг),Вазирлар Маҳкамасининг қарори,2011-12-30 00:00:00,ВМҚ-347,2026-12-31 00:00:00
815,Қўшилган қиймат солиғи,"ВМҚ-394 17.08.1999 й. 8-банди  2-хатбоши  Ўзбекистон Республикаси бюджетига ундириладиган барча солиқлар, божхона тўловлари ва йиғимлардан  Япониянинг хорижда иқтисодий ҳамкорлик фонди (ОЕCФ) ва унинг ворислари кредит шартномаси боʻйича барча тоʻловлар, шунингдек, ундан ундириладиган фоизлар учун озод қилинсин: (рус тилидаги матнига қаранг)",Вазирлар Маҳкамасининг қарори,1999-08-17 00:00:00,ВМҚ-394,2029-08-17 00:00:00
816,Фойда солиғи,"ВМҚ-394 17.08.1999 й. 8-банди  2-хатбоши  Ўзбекистон Республикаси бюджетига ундириладиган барча солиқлар, божхона тўловлари ва йиғимлардан  Япониянинг хорижда иқтисодий ҳамкорлик фонди (ОЕCФ) ва унинг ворислари кредит шартномаси боʻйича барча тоʻловлар, шунингдек, ундан ундириладиган фоизлар учун озод қилинсин: (рус тилидаги матнига қаранг)",Вазирлар Маҳкамасининг қарори,1999-08-17 00:00:00,ВМҚ-394,2029-08-17 00:00:00
817,Сув ресурсларидан фойдаланганлик учун солиқ,"ВМҚ-394 17.08.1999 й. 8-банди  2-хатбоши  Ўзбекистон Республикаси бюджетига ундириладиган барча солиқлар, божхона тўловлари ва йиғимлардан  Япониянинг хорижда иқтисодий ҳамкорлик фонди (ОЕCФ) ва унинг ворислари кредит шартномаси боʻйича барча тоʻловлар, шунингдек, ундан ундириладиган фоизлар учун озод қилинсин: (рус тилидаги матнига қаранг)",Вазирлар Маҳкамасининг қарори,1999-08-17 00:00:00,ВМҚ-394,2029-08-17 00:00:00
818,Мол-мулк солиғи,"ВМҚ-394 17.08.1999 й. 8-банди  2-хатбоши  Ўзбекистон Республикаси бюджетига ундириладиган барча солиқлар, божхона тўловлари ва йиғимлардан  Япониянинг хорижда иқтисодий ҳамкорлик фонди (ОЕCФ) ва унинг ворислари кредит шартномаси боʻйича барча тоʻловлар, шунингдек, ундан ундириладиган фоизлар учун озод қилинсин: (рус тилидаги матнига қаранг)",Вазирлар Маҳкамасининг қарори,1999-08-17 00:00:00,ВМҚ-394,2029-08-17 00:00:00
819,Ер солиғи,"ВМҚ-394 17.08.1999 й. 8-банди  2-хатбоши  Ўзбекистон Республикаси бюджетига ундириладиган барча солиқлар, божхона тўловлари ва йиғимлардан  Япониянинг хорижда иқтисодий ҳамкорлик фонди (ОЕCФ) ва унинг ворислари кредит шартномаси боʻйича барча тоʻловлар, шунингдек, ундан ундириладиган фоизлар учун озод қилинсин: (рус тилидаги матнига қаранг)",Вазирлар Маҳкамасининг қарори,1999-08-17 00:00:00,ВМҚ-394,2029-08-17 00:00:00
820,Айланмадан олинадиган солиқ,"ВМҚ-394 17.08.1999 й. 8-банди  2-хатбоши  Ўзбекистон Республикаси бюджетига ундириладиган барча солиқлар, божхона тўловлари ва йиғимлардан  Япониянинг хорижда иқтисодий ҳамкорлик фонди (ОЕCФ) ва унинг ворислари кредит шартномаси боʻйича барча тоʻловлар, шунингдек, ундан ундириладиган фоизлар учун озод қилинсин: (рус тилидаги матнига қаранг)",Вазирлар Маҳкамасининг қарори,1999-08-17 00:00:00,ВМҚ-394,2029-08-17 00:00:00
821,Қўшилган қиймат солиғи,"ВМҚ-414  03.09.1999 й. 4-банди. Қўшимча даромад олаётган бюджет ташкилотлари 2000 йил 1 январдан бошлаб 2027 йил 1 январгача Давлат бюджетига ундириладиган солиқлар ва йиғимларнинг барча турларидан озод қилинсин, бўшаб қолган маблағлар моддий-техника ва ижтимоий базани мустаҳкамлашга, шунингдек уларнинг ходимларини моддий рағбатлантиришга мақсадли йўналтирилсин.",Вазирлар Маҳкамасининг қарори,1999-09-03 00:00:00,ВМҚ-414,2026-12-31 00:00:00
822,Фойда солиғи,"ВМҚ-414  03.09.1999 й. 4-банди. Қўшимча даромад олаётган бюджет ташкилотлари 2000 йил 1 январдан бошлаб 2027 йил 1 январгача Давлат бюджетига ундириладиган солиқлар ва йиғимларнинг барча турларидан озод қилинсин, бўшаб қолган маблағлар моддий-техника ва ижтимоий базани мустаҳкамлашга, шунингдек уларнинг ходимларини моддий рағбатлантиришга мақсадли йўналтирилсин.",Вазирлар Маҳкамасининг қарори,1999-09-03 00:00:00,ВМҚ-414,2026-12-31 00:00:00
823,Сув ресурсларидан фойдаланганлик учун солиқ,"ВМҚ-414  03.09.1999 й. 4-банди. Қўшимча даромад олаётган бюджет ташкилотлари 2000 йил 1 январдан бошлаб 2027 йил 1 январгача Давлат бюджетига ундириладиган солиқлар ва йиғимларнинг барча турларидан озод қилинсин, бўшаб қолган маблағлар моддий-техника ва ижтимоий базани мустаҳкамлашга, шунингдек уларнинг ходимларини моддий рағбатлантиришга мақсадли йўналтирилсин.",Вазирлар Маҳкамасининг қарори,1999-09-03 00:00:00,ВМҚ-414,2026-12-31 00:00:00
824,Мол-мулк солиғи,"ВМҚ-414  03.09.1999 й. 4-банди. Қўшимча даромад олаётган бюджет ташкилотлари 2000 йил 1 январдан бошлаб 2027 йил 1 январгача Давлат бюджетига ундириладиган солиқлар ва йиғимларнинг барча турларидан озод қилинсин, бўшаб қолган маблағлар моддий-техника ва ижтимоий базани мустаҳкамлашга, шунингдек уларнинг ходимларини моддий рағбатлантиришга мақсадли йўналтирилсин.",Вазирлар Маҳкамасининг қарори,1999-09-03 00:00:00,ВМҚ-414,2026-12-31 00:00:00
825,Ер солиғи,"ВМҚ-414  03.09.1999 й. 4-банди. Қўшимча даромад олаётган бюджет ташкилотлари 2000 йил 1 январдан бошлаб 2027 йил 1 январгача Давлат бюджетига ундириладиган солиқлар ва йиғимларнинг барча турларидан озод қилинсин, бўшаб қолган маблағлар моддий-техника ва ижтимоий базани мустаҳкамлашга, шунингдек уларнинг ходимларини моддий рағбатлантиришга мақсадли йўналтирилсин.",Вазирлар Маҳкамасининг қарори,1999-09-03 00:00:00,ВМҚ-414,2026-12-31 00:00:00
826,Қўшилган қиймат солиғи,ВМ қарори№422  30.12.2016 й. 10-банди. Вазирлар Маҳкамасининг «Кўмирнинг улгуржи-сотиш нархига махсус устама миқдорини ўзгартириш тўғрисида» 2015 йил 31 мартдаги 75-сон қарори билан белгиланган кўмир тармоғи корхоналари томонидан сотиладиган кўмирнинг улгуржи-сотиш нархига қўшимча махсус устама солиқ солинадиган базага киритилмаслиги белгиланган.,Вазирлар Маҳкамасининг қарори,2016-12-30 00:00:00,ВМҚ-422,2025-12-31 00:00:00
827,Фойда солиғи,ВМ қарори№422  30.12.2016 й. 10-банди. Вазирлар Маҳкамасининг «Кўмирнинг улгуржи-сотиш нархига махсус устама миқдорини ўзгартириш тўғрисида» 2015 йил 31 мартдаги 75-сон қарори билан белгиланган кўмир тармоғи корхоналари томонидан сотиладиган кўмирнинг улгуржи-сотиш нархига қўшимча махсус устама солиқ солинадиган базага киритилмаслиги белгиланган.,Вазирлар Маҳкамасининг қарори,2016-12-30 00:00:00,ВМҚ-422,2025-12-31 00:00:00
828,Қўшилган қиймат солиғи,Солиқ солиш объекти сифатида қаралмайди. (Туристик йиғим имтиёз эмас солиқ солиш объекти сифатида қаралмаслик учун киритилмоқда. Солиқ солиш базаси ва имтиёзга бормаслик учун),Вазирлар Маҳкамасининг қарори,2022-08-25 00:00:00,ВМҚ-475,2024-12-31 00:00:00
829,Қўшилган қиймат солиғи,"""ВМҚ-527 25.06.2019 й. 10а-банди 2-хатбоши а) 10. Ўзбекистон Республикаси Президентининг «Халқ таълими тизимига бошқарувнинг янги тамойилларини жорий этиш чора-тадбирлари тўғрисида» 2018 йил 5 сентябрдаги ПҚ-3931-сон ҳамда «Нодавлат таълим хизматлари кўрсатиш фаолиятини янада ривожлантириш чора-тадбирлари тўғрисида» 2017 йил 15 сентябрдаги ПҚ-3276-сон қарорлари билан қуйидагилар:а) 2025 йил 1 январгача нодавлат умумтаълим муассасалари қуйидаги тўловлардан озод этилгани:барча турдаги солиқ ва давлат мақсадли жамғармасига мажбурий тўловлардан (ягона ижтимоий тўловдан ташқари), бунда озод қилинаётган маблағлар уларни замонавий ўқув воситалари билан жиҳозлаш, зарур маҳсулотлар ва жиҳозлар сотиб олиш, бино ва иншоотларни реконструкция қилиш, капитал таъмирлаш ҳамда аҳолининг ижтимоий ҳимояга муҳтож қатламига бепул таълим хизматларини кўрсатишга мақсадли йўналтирилади;""",Вазирлар Маҳкамасининг қарори,2019-06-25 00:00:00,ВМҚ-527,2024-12-31 00:00:00
830,Фойда солиғи,"""ВМҚ-527 25.06.2019 й. 10а-банди 2-хатбоши а) 10. Ўзбекистон Республикаси Президентининг «Халқ таълими тизимига бошқарувнинг янги тамойилларини жорий этиш чора-тадбирлари тўғрисида» 2018 йил 5 сентябрдаги ПҚ-3931-сон ҳамда «Нодавлат таълим хизматлари кўрсатиш фаолиятини янада ривожлантириш чора-тадбирлари тўғрисида» 2017 йил 15 сентябрдаги ПҚ-3276-сон қарорлари билан қуйидагилар:а) 2025 йил 1 январгача нодавлат умумтаълим муассасалари қуйидаги тўловлардан озод этилгани:барча турдаги солиқ ва давлат мақсадли жамғармасига мажбурий тўловлардан (ягона ижтимоий тўловдан ташқари), бунда озод қилинаётган маблағлар уларни замонавий ўқув воситалари билан жиҳозлаш, зарур маҳсулотлар ва жиҳозлар сотиб олиш, бино ва иншоотларни реконструкция қилиш, капитал таъмирлаш ҳамда аҳолининг ижтимоий ҳимояга муҳтож қатламига бепул таълим хизматларини кўрсатишга мақсадли йўналтирилади;""",Вазирлар Маҳкамасининг қарори,2019-06-25 00:00:00,ВМҚ-527,2024-12-31 00:00:00
831,Сув ресурсларидан фойдаланганлик учун солиқ,"""ВМҚ-527 25.06.2019 й. 10а-банди 2-хатбоши а) 10. Ўзбекистон Республикаси Президентининг «Халқ таълими тизимига бошқарувнинг янги тамойилларини жорий этиш чора-тадбирлари тўғрисида» 2018 йил 5 сентябрдаги ПҚ-3931-сон ҳамда «Нодавлат таълим хизматлари кўрсатиш фаолиятини янада ривожлантириш чора-тадбирлари тўғрисида» 2017 йил 15 сентябрдаги ПҚ-3276-сон қарорлари билан қуйидагилар:а) 2025 йил 1 январгача нодавлат умумтаълим муассасалари қуйидаги тўловлардан озод этилгани:барча турдаги солиқ ва давлат мақсадли жамғармасига мажбурий тўловлардан (ягона ижтимоий тўловдан ташқари), бунда озод қилинаётган маблағлар уларни замонавий ўқув воситалари билан жиҳозлаш, зарур маҳсулотлар ва жиҳозлар сотиб олиш, бино ва иншоотларни реконструкция қилиш, капитал таъмирлаш ҳамда аҳолининг ижтимоий ҳимояга муҳтож қатламига бепул таълим хизматларини кўрсатишга мақсадли йўналтирилади;""",Вазирлар Маҳкамасининг қарори,2019-06-25 00:00:00,ВМҚ-527,2024-12-31 00:00:00
832,Мол-мулк солиғи,"""ВМҚ-527 25.06.2019 й. 10а-банди 2-хатбоши а) 10. Ўзбекистон Республикаси Президентининг «Халқ таълими тизимига бошқарувнинг янги тамойилларини жорий этиш чора-тадбирлари тўғрисида» 2018 йил 5 сентябрдаги ПҚ-3931-сон ҳамда «Нодавлат таълим хизматлари кўрсатиш фаолиятини янада ривожлантириш чора-тадбирлари тўғрисида» 2017 йил 15 сентябрдаги ПҚ-3276-сон қарорлари билан қуйидагилар:а) 2025 йил 1 январгача нодавлат умумтаълим муассасалари қуйидаги тўловлардан озод этилгани:барча турдаги солиқ ва давлат мақсадли жамғармасига мажбурий тўловлардан (ягона ижтимоий тўловдан ташқари), бунда озод қилинаётган маблағлар уларни замонавий ўқув воситалари билан жиҳозлаш, зарур маҳсулотлар ва жиҳозлар сотиб олиш, бино ва иншоотларни реконструкция қилиш, капитал таъмирлаш ҳамда аҳолининг ижтимоий ҳимояга муҳтож қатламига бепул таълим хизматларини кўрсатишга мақсадли йўналтирилади;""",Вазирлар Маҳкамасининг қарори,2019-06-25 00:00:00,ВМҚ-527,2024-12-31 00:00:00
833,Ер солиғи,"""ВМҚ-527 25.06.2019 й. 10а-банди 2-хатбоши а) 10. Ўзбекистон Республикаси Президентининг «Халқ таълими тизимига бошқарувнинг янги тамойилларини жорий этиш чора-тадбирлари тўғрисида» 2018 йил 5 сентябрдаги ПҚ-3931-сон ҳамда «Нодавлат таълим хизматлари кўрсатиш фаолиятини янада ривожлантириш чора-тадбирлари тўғрисида» 2017 йил 15 сентябрдаги ПҚ-3276-сон қарорлари билан қуйидагилар:а) 2025 йил 1 январгача нодавлат умумтаълим муассасалари қуйидаги тўловлардан озод этилгани:барча турдаги солиқ ва давлат мақсадли жамғармасига мажбурий тўловлардан (ягона ижтимоий тўловдан ташқари), бунда озод қилинаётган маблағлар уларни замонавий ўқув воситалари билан жиҳозлаш, зарур маҳсулотлар ва жиҳозлар сотиб олиш, бино ва иншоотларни реконструкция қилиш, капитал таъмирлаш ҳамда аҳолининг ижтимоий ҳимояга муҳтож қатламига бепул таълим хизматларини кўрсатишга мақсадли йўналтирилади;""",Вазирлар Маҳкамасининг қарори,2019-06-25 00:00:00,ВМҚ-527,2024-12-31 00:00:00
834,Ижтимоий солиқ,"""ВМҚ-527 25.06.2019 й. 10а-банди 2-хатбоши а) 10. Ўзбекистон Республикаси Президентининг «Халқ таълими тизимига бошқарувнинг янги тамойилларини жорий этиш чора-тадбирлари тўғрисида» 2018 йил 5 сентябрдаги ПҚ-3931-сон ҳамда «Нодавлат таълим хизматлари кўрсатиш фаолиятини янада ривожлантириш чора-тадбирлари тўғрисида» 2017 йил 15 сентябрдаги ПҚ-3276-сон қарорлари билан қуйидагилар:а) 2025 йил 1 январгача нодавлат умумтаълим муассасалари қуйидаги тўловлардан озод этилгани:меҳнат шартномаси асосида таълим-тарбия жараёнига жалб қилинган хорижий ўқитувчи ва мутахассисларнинг ойлик иш ҳақидан ягона ижтимоий тўлов;""",Вазирлар Маҳкамасининг қарори,2019-06-25 00:00:00,ВМҚ-527,2024-12-31 00:00:00
835,Айланмадан олинадиган солиқ,"""ВМҚ-527 25.06.2019 й. 10а-банди 2-хатбоши а) 10. Ўзбекистон Республикаси Президентининг «Халқ таълими тизимига бошқарувнинг янги тамойилларини жорий этиш чора-тадбирлари тўғрисида» 2018 йил 5 сентябрдаги ПҚ-3931-сон ҳамда «Нодавлат таълим хизматлари кўрсатиш фаолиятини янада ривожлантириш чора-тадбирлари тўғрисида» 2017 йил 15 сентябрдаги ПҚ-3276-сон қарорлари билан қуйидагилар:а) 2025 йил 1 январгача нодавлат умумтаълим муассасалари қуйидаги тўловлардан озод этилгани:барча турдаги солиқ ва давлат мақсадли жамғармасига мажбурий тўловлардан (ягона ижтимоий тўловдан ташқари), бунда озод қилинаётган маблағлар уларни замонавий ўқув воситалари билан жиҳозлаш, зарур маҳсулотлар ва жиҳозлар сотиб олиш, бино ва иншоотларни реконструкция қилиш, капитал таъмирлаш ҳамда аҳолининг ижтимоий ҳимояга муҳтож қатламига бепул таълим хизматларини кўрсатишга мақсадли йўналтирилади;""",Вазирлар Маҳкамасининг қарори,2019-06-25 00:00:00,ВМҚ-527,2024-12-31 00:00:00
836,Мол-мулк солиғи,ВМҚ-550 02.07.2019 й 7-банд Бюро дипломатик ваколатхоналарни Ўзбекистон Республикасининг халқаро шартномаларига мувофиқ паритет (бепул) асосда жойлаштириш учун тақдим этилган кўчмас мулк объектлари бўйича мол-мулк ва ер солиғини тўлашдан озод этилсин. (рус тилидаги матнига қаранг),Вазирлар Маҳкамасининг қарори,2019-07-02 00:00:00,ВМҚ-550,2024-12-31 00:00:00
837,Ер солиғи,ВМҚ-550 02.07.2019 й 7-банд Бюро дипломатик ваколатхоналарни Ўзбекистон Республикасининг халқаро шартномаларига мувофиқ паритет (бепул) асосда жойлаштириш учун тақдим этилган кўчмас мулк объектлари бўйича мол-мулк ва ер солиғини тўлашдан озод этилсин. (рус тилидаги матнига қаранг),Вазирлар Маҳкамасининг қарори,2019-07-02 00:00:00,ВМҚ-550,2024-12-31 00:00:00
838,Қўшилган қиймат солиғи,ВМҚ-585 31.12.1997 й 3б-банд 1-қисм  «SOS — Киндердорф Интернешнл» халқаро жамиятига ва «SOS — Ўзбекистон болалар маҳаллалари» уюшмасига Ўзбекистон Республикаси ҳудудида фаолият кўрсатаётган барча бошқа жамоат ва хайрия ташкилотларига бериладиган имтиёзларни бериш;,Вазирлар Маҳкамасининг қарори,1997-12-31 00:00:00,ВМҚ-585,2026-12-31 00:00:00
839,Мол-мулк солиғи,"ВМҚ-61 01.03.2016 й. 2-банди 5-хатбоши. Маҳсулот тақсимоти битими доирасида янгидан яратилган ёки харид қилинган мулк қисмида, маҳсулот тақсимоти битими бўйича ишларни амалга ошириш учун хорижий инвесторга ушбу мулкдан фойдаланиш учун берилган қатъий ҳуқуқ муддати давомида охирги фойда олувчи мол-мулк солиғи тўлашдан озод этилган.",Вазирлар Маҳкамасининг қарори,2016-03-01 00:00:00,ВМҚ-61,2044-12-31 00:00:00
840,Қўшилган қиймат солиғи,ВМҚ-816 12.10.2017 й 7-банд а) Ўзбекистон Республикаси норезидентлари томонидан бажарилган ишлар (хизматлар) бўйича қўшилган қиймат солиғидан суғурта қилиш даври учун (рус тилидаги матнига қаранг),Вазирлар Маҳкамасининг қарори,2017-10-12 00:00:00,ВМҚ-816,2024-12-31 00:00:00
841,Фойда солиғи,"ВМҚ-816 30.09.2019 й 7-банд  б) юридик шахслардан олинадиган даромад солиғи, ягона солиқ тўлови, ер солиғи, мол-мулк солиғи тўлашдан бошлаб 2025-йил 1-январгача бўлган муддат (рус тилидаги матнига қаранг)",Вазирлар Маҳкамасининг қарори,2017-10-12 00:00:00,ВМҚ-816,2024-12-31 00:00:00
842,ЖШДС,"ВМҚ-816 12.10.2017 й 7-банд  б) юридик шахслардан олинадиган даромад солиғи, ягона солиқ тўлови, ер солиғи, мол-мулк солиғи тўлашдан бошлаб 2025-йил 1-январгача бўлган муддат (рус тилидаги матнига қаранг)",Вазирлар Маҳкамасининг қарори,2017-10-12 00:00:00,ВМҚ-816,2024-12-31 00:00:00
843,Мол-мулк солиғи,"ВМҚ-816 12.10.2017 й 7-банд  б) юридик шахслардан олинадиган даромад солиғи, ягона солиқ тўлови, ер солиғи, мол-мулк солиғи тўлашдан бошлаб 2025-йил 1-январгача бўлган муддат (рус тилидаги матнига қаранг)",Вазирлар Маҳкамасининг қарори,2017-10-12 00:00:00,ВМҚ-816,2024-12-31 00:00:00
844,Ер солиғи,"ВМҚ-816 12.10.2017 й 7-банд  б) юридик шахслардан олинадиган даромад солиғи, ягона солиқ тўлови, ер солиғи, мол-мулк солиғи тўлашдан бошлаб 2025-йил 1-январгача бўлган муддат (рус тилидаги матнига қаранг)",Вазирлар Маҳкамасининг қарори,2017-10-12 00:00:00,ВМҚ-816,2024-12-31 00:00:00
845,Айланмадан олинадиган солиқ,"ВМҚ-816 12.10.2017 й 7-банд  б) юридик шахслардан олинадиган даромад солиғи, ягона солиқ тўлови, ер солиғи, мол-мулк солиғи тўлашдан бошлаб 2025-йил 1-январгача бўлган муддат (рус тилидаги матнига қаранг)",Вазирлар Маҳкамасининг қарори,2017-10-12 00:00:00,ВМҚ-816,2024-12-31 00:00:00
846,Қўшилган қиймат солиғи,"Божхона хизматлари (шу жумладан божхона кўригидан ўтказиш, юкларни расмийлаштириш) декларациялаш хизматларидан ташқари (Қопланадиган хизматлар учун)",Бошқа ҳужжатлар,2020-12-01 00:00:00,Бошқа ҳужжатлар,2030-01-01 00:00:00
847,Қўшилган қиймат солиғи,Ўзбекистон Республикаси Ҳукуматининг алоҳида қарорларига асосан барча солиқлар ва ажратмаларда (ЯИТдан тўловдан ташқари) берилган имтиёзлар,Бошқа ҳужжатлар,2008-01-01 00:00:00,Бошқа ҳужжатлар,2025-12-31 00:00:00
848,Қўшилган қиймат солиғи,"Маҳсулот тақсимотига оид битим бўйича ишларни бажаришда иштирок этаётган операторларга юридик шахслар — Ўзбекистон Республикасининг резидентлари томонидан бериладиган товарларга (бажариладиган ишларга, кўрсатиладиган хизматларга) ноль даражали ставка бўйича қўшилган қиймат солиғи солинади (Иқтисодиёт ва молия вазирлигининг 25.03.2023 йилдаги 28/3-03460-сонли хатига асосан).",Бошқа ҳужжатлар,2023-01-01 00:00:00,Бошқа ҳужжатлар,2024-12-31 00:00:00
849,Қўшилган қиймат солиғи,"Шу билан бирга, нотижорат ташкилотлар фақат тадбиркорлик фаолиятини амалга оширган тақдирдагина ҚҚС тўловчилари ҳисобланади. ",Бошқа ҳужжатлар,2021-12-30 00:00:00,Бошқа ҳужжатлар,2024-12-31 00:00:00
850,Қўшилган қиймат солиғи,"Принимая во внимание действующие положения СРП и необходимость проработки вопроса внесения соответствующих изменений в них, связанного_x000D_
с уплатой и возмещением НДС, для участников СРП, оператором которых является ООО «Лукойл Узбекистан Оперейтинг Компани» на период до 31 декабря 2024 года сохраняется порядок налогообложения НДС в соответствии с Налоговым кодексом в старой редакции, в частности:_x000D_
- услуги, оказываемые нерезидентами Республики Узбекистан участникам СРП – приобретаются без НДС;_x000D_
- реализация товаров (услуг) юридическими лицами – нерезидентами Республики Узбекистан, осуществляющими деятельность через постоянные_x000D_
учреждения участникам СРП – осуществляется без НДС. (согласно письму Министерства экономики и финансов Республики Узбекистан №18/3-03460 от 25.03.2023г.)",Бошқа ҳужжатлар,2023-01-01 00:00:00,Бошқа ҳужжатлар,2024-12-31 00:00:00
851,Қўшилган қиймат солиғи,Ўзбекистон Республикаси Ҳукуматининг алоҳида қарорларига асосан барча солиқлар ва ажратмаларда (ЯИТдан тўловдан ташқари) берилган имтиёзлар,Бошқа ҳужжатлар,2008-01-01 00:00:00,Бошқа ҳужжатлар,2038-12-31 00:00:00
852,Акциз солиғи,Ўзбекистон Республикаси Ҳукуматининг алоҳида қарорларига асосан барча солиқлар ва ажратмаларда (ЯИТдан тўловдан ташқари) берилган имтиёзлар,Бошқа ҳужжатлар,2008-01-01 00:00:00,Бошқа ҳужжатлар,2025-12-31 00:00:00
853,ЖШДС,Ўзбекистон Республикаси Ҳукуматининг алоҳида қарорларига асосан барча солиқлар ва ажратмаларда (ЯИТдан тўловдан ташқари) берилган имтиёзлар,Бошқа ҳужжатлар,2008-01-01 00:00:00,Бошқа ҳужжатлар,2025-12-31 00:00:00
854,Сув ресурсларидан фойдаланганлик учун солиқ,Ўзбекистон Республикаси Ҳукуматининг алоҳида қарорларига асосан барча солиқлар ва ажратмаларда (ЯИТдан тўловдан ташқари) берилган имтиёзлар,Бошқа ҳужжатлар,2008-01-01 00:00:00,Бошқа ҳужжатлар,2025-12-31 00:00:00
855,Мол-мулк солиғи,Ўзбекистон Республикаси Ҳукуматининг алоҳида қарорларига асосан барча солиқлар ва ажратмаларда (ЯИТдан тўловдан ташқари) берилган имтиёзлар,Бошқа ҳужжатлар,2008-01-01 00:00:00,Бошқа ҳужжатлар,2025-12-31 00:00:00
856,Ер солиғи,Ўзбекистон Республикаси Ҳукуматининг алоҳида қарорларига асосан барча солиқлар ва ажратмаларда (ЯИТдан тўловдан ташқари) берилган имтиёзлар,Бошқа ҳужжатлар,2008-01-01 00:00:00,Бошқа ҳужжатлар,2025-12-31 00:00:00
857,Ер солиғи,Ўзбекистон Республикаси Ҳукуматининг алоҳида қарорларига асосан барча солиқлар ва ажратмаларда (ЯИТдан тўловдан ташқари) берилган имтиёзлар,Бошқа ҳужжатлар,2008-01-01 00:00:00,Бошқа ҳужжатлар,2025-12-31 00:00:00
858,Ижтимоий солиқ,Ўзбекистон Республикаси Ҳукуматининг алоҳида қарорларига асосан ЯИТ бўйича берилган имтиёзлар,Бошқа ҳужжатлар,2008-01-01 00:00:00,Бошқа ҳужжатлар,2025-12-31 00:00:00
859,Айланмадан олинадиган солиқ,Ўзбекистон Республикаси Ҳукуматининг алоҳида қарорларига асосан барча солиқлар ва ажратмаларда (ЯИТдан тўловдан ташқари) берилган имтиёзлар,Бошқа ҳужжатлар,2008-01-01 00:00:00,Бошқа ҳужжатлар,2025-12-31 00:00:00
860,Фойда солиғи,Ўзбекистон Республикаси Ҳукуматининг алоҳида қарорларига асосан барча солиқлар ва ажратмаларда (ЯИТдан тўловдан ташқари) берилган имтиёзлар,Бошқа ҳужжатлар,2008-01-01 00:00:00,Бошқа ҳужжатлар,2025-12-31 00:00:00
